user_id,lecture_id,start_time,end_time,duration_seconds,source,platform,part,tags,video_length,video_length_seconds,deployed_at,completion_ratio,valid_video_length
1,l504,2019-08-06 13:03:57.922,2019-08-06 13:10:07.903,369.981,archive,mobile,5,103,263000,263.0,1570425956244,1.0,True
1,l464,2019-09-10 12:57:17.376,2019-09-10 13:02:55.616,338.24,archive,mobile,3,52,181000,181.0,1570425490998,1.0,True
1,l463,2019-09-10 13:02:55.929,2019-09-10 13:06:47.905,231.976,archive,mobile,3,53,157000,157.0,1570425486721,1.0,True
1,l463,2019-09-10 13:07:03.309,2019-09-10 13:08:05.206,61.897,archive,mobile,3,53,157000,157.0,1570425486721,0.3942484076433121,True
1,l462,2019-09-10 13:08:05.352,2019-09-10 13:14:17.114,371.762,archive,mobile,3,55,120000,120.0,1570425483199,1.0,True
1,l316,2019-09-10 13:14:39.019,2019-09-10 13:20:48.931,369.912,archive,mobile,-1,-1,-1,,-1,,False
1,l364,2019-09-16 13:42:13.448,2019-09-16 13:43:48.552,95.104,archive,mobile,-1,-1,-1,,-1,,False
1,l319,2019-09-16 13:43:48.654,2019-09-16 13:47:30.943,222.289,archive,mobile,-1,-1,-1,,-1,,False
1,l351,2019-09-16 13:47:31.033,2019-09-16 13:50:41.387,190.354,archive,mobile,-1,-1,-1,,-1,,False
1,l231,2019-09-22 12:12:26.219,2019-09-22 12:21:01.971,515.752,archive,mobile,-1,-1,-1,,-1,,False
1,l228,2019-09-22 12:21:02.092,2019-09-22 12:26:28.991,326.899,archive,mobile,-1,-1,-1,,-1,,False
1,l223,2019-09-22 12:26:29.121,2019-09-22 12:35:27.912,538.791,archive,mobile,-1,-1,-1,,-1,,False
1,l229,2019-09-22 12:35:28.041,2019-09-22 12:41:20.039,351.998,archive,mobile,-1,-1,-1,,-1,,False
1,l230,2019-09-22 12:41:20.148,2019-09-22 12:47:35.411,375.263,archive,mobile,-1,-1,-1,,-1,,False
1,l225,2019-09-24 09:26:53.522,2019-09-24 09:33:46.345,412.823,archive,mobile,-1,-1,-1,,-1,,False
1,l266,2019-09-24 13:18:21.511,2019-09-24 13:23:58.466,336.955,archive,mobile,-1,-1,-1,,-1,,False
1,l332,2019-09-24 13:24:13.709,2019-09-24 13:26:36.979,143.27,archive,mobile,-1,-1,-1,,-1,,False
1,l485,2019-09-26 02:56:30.736,2019-09-26 03:00:44.215,253.479,adaptive_offer,mobile,5,77,190000,190.0,1570425759703,1.0,True
1,l560,2019-09-27 12:37:22.266,2019-09-27 12:42:43.530,321.264,adaptive_offer,mobile,6,76,264000,264.0,1570426335335,1.0,True
1,l560,2019-09-27 12:54:00.919,2019-09-27 12:56:40.108,159.189,adaptive_offer,mobile,6,76,264000,264.0,1570426335335,0.6029886363636363,True
1,l560,2019-09-27 12:56:43.694,2019-09-27 12:59:59.798,196.104,adaptive_offer,mobile,6,76,264000,264.0,1570426335335,0.7428181818181818,True
1,l531,2019-09-28 02:55:52.242,2019-09-28 02:59:21.290,209.048,my_note,mobile,5,113,202000,202.0,1570426126589,1.0,True
1,l551,2019-09-28 02:59:25.823,2019-09-28 03:03:18.748,232.925,my_note,mobile,5,123,151000,151.0,1570426220326,1.0,True
1,l485,2019-09-28 03:32:08.848,2019-09-28 03:37:02.797,293.949,my_note,mobile,5,77,190000,190.0,1570425759703,1.0,True
1,l545,2019-09-28 03:58:09.647,2019-09-28 04:04:13.337,363.69,my_note,mobile,5,90,342000,342.0,1570426191554,1.0,True
1,l506,2019-09-28 04:04:16.605,2019-09-28 04:07:51.195,214.59,my_note,mobile,5,106,226000,226.0,1570425969459,0.9495132743362832,True
1,l488,2019-09-28 04:07:55.024,2019-09-28 04:14:21.854,386.83,my_note,mobile,5,76,264000,264.0,1570425815178,1.0,True
1,l235,2019-09-28 04:15:59.099,2019-09-28 04:20:29.225,270.126,archive,mobile,-1,-1,-1,,-1,,False
1,l235,2019-09-28 04:20:30.946,2019-09-28 04:20:34.569,3.623,archive,mobile,-1,-1,-1,,-1,,False
4,l464,2019-08-26 10:38:34.678,2019-08-26 10:41:57.403,202.725,adaptive_offer,mobile,3,52,181000,181.0,1570425490998,1.0,True
4,l561,2019-08-26 10:52:41.631,2019-08-26 10:59:29.669,408.038,adaptive_offer,mobile,6,83,381000,381.0,1570426347511,1.0,True
4,l530,2019-08-26 12:16:47.200,2019-08-26 12:32:54.215,967.015,adaptive_offer,mobile,5,124,242000,242.0,1570426124003,1.0,True
4,l629,2019-08-26 13:03:35.832,2019-08-26 13:08:12.577,276.745,adaptive_offer,mobile,6,143,267000,267.0,1570426775319,1.0,True
4,l231,2019-08-26 15:54:00.994,2019-08-26 16:00:40.530,399.536,archive,mobile,-1,-1,-1,,-1,,False
4,l228,2019-08-26 16:00:47.161,2019-08-26 16:06:13.292,326.131,archive,mobile,-1,-1,-1,,-1,,False
4,l559,2019-08-27 05:29:38.972,2019-08-27 05:33:58.806,259.834,adaptive_offer,mobile,6,85,222000,222.0,1570426319947,1.0,True
4,l918,2019-08-27 05:42:46.488,2019-08-27 05:46:18.277,211.789,adaptive_offer,mobile,6,83,198000,198.0,1570426814852,1.0,True
4,l514,2019-08-28 13:56:51.652,2019-08-28 13:58:43.824,112.172,adaptive_offer,mobile,5,129,276000,276.0,1570426033609,0.40642028985507245,True
4,l514,2019-08-28 14:11:08.979,2019-08-28 14:16:09.437,300.458,adaptive_offer,mobile,5,129,276000,276.0,1570426033609,1.0,True
4,l650,2019-08-28 14:29:13.626,2019-08-28 14:35:27.888,374.262,adaptive_offer,mobile,5,94,320000,320.0,1570425901471,1.0,True
4,l478,2019-09-01 07:29:08.205,2019-09-01 07:33:08.078,239.873,adaptive_offer,mobile,4,57,226000,226.0,1570425671285,1.0,True
4,l461,2019-09-12 14:31:32.853,2019-09-12 14:37:01.359,328.506,archive,mobile,3,56,141000,141.0,1570425478377,1.0,True
4,l462,2019-09-12 14:37:16.537,2019-09-12 14:43:20.789,364.252,archive,mobile,3,55,120000,120.0,1570425483199,1.0,True
4,l472,2019-09-12 14:43:31.844,2019-09-12 14:51:21.283,469.439,archive,mobile,4,68,175000,175.0,1570425624064,1.0,True
4,l465,2019-09-12 14:51:56.486,2019-09-12 14:58:13.640,377.154,archive,mobile,3,54,165000,165.0,1570425497875,1.0,True
4,l483,2019-09-13 08:08:07.880,2019-09-13 08:12:08.638,240.758,adaptive_offer,mobile,4,52,232000,232.0,1570425692819,1.0,True
4,l689,2019-09-15 15:14:57.738,2019-09-15 15:17:56.465,178.727,adaptive_offer,mobile,2,35,170000,170.0,1570425414267,1.0,True
5,l588,2019-08-29 07:16:22.588,2019-08-29 07:30:59.098,876.51,my_note,web,6,130,326000,326.0,1570426582298,1.0,True
5,l550,2019-08-29 08:41:04.823,2019-08-29 08:43:36.286,151.463,adaptive_offer,web,5,145,223000,223.0,1570426215961,0.6792062780269058,True
5,l533,2019-08-29 08:44:03.863,2019-08-29 08:46:27.279,143.416,adaptive_offer,web,5,108,132000,132.0,1570426133158,1.0,True
5,l552,2019-08-29 08:58:54.810,2019-08-29 09:04:48.460,353.65,adaptive_offer,web,5,140,176000,176.0,1570426224905,1.0,True
5,l524,2019-08-29 09:10:54.034,2019-08-29 09:11:31.419,37.385,adaptive_offer,web,5,87,256000,256.0,1570426097984,0.14603515625,True
5,l532,2019-08-30 06:00:07.928,2019-08-30 06:02:43.368,155.44,adaptive_offer,web,5,104,134000,134.0,1570426130381,1.0,True
5,l689,2019-09-04 12:45:24.993,2019-09-04 12:48:20.326,175.333,adaptive_offer,web,2,35,170000,170.0,1570425414267,1.0,True
5,l447,2019-09-04 12:54:22.710,2019-09-04 12:57:56.954,214.244,adaptive_offer,web,2,33,208000,208.0,1570425364050,1.0,True
5,l684,2019-09-04 12:59:39.255,2019-09-04 13:02:01.167,141.912,adaptive_offer,web,2,30,137000,137.0,1570425401580,1.0,True
7,l451,2019-03-19 15:19:37.508,2019-03-19 15:21:11.332,93.824,adaptive_offer,mobile,2,40,215000,215.0,1570425380455,0.43639069767441857,True
7,l456,2019-03-22 11:12:19.303,2019-03-22 11:15:28.917,189.614,adaptive_offer,mobile,2,23,177000,177.0,1542120362641,1.0,True
7,l448,2019-03-22 11:16:59.079,2019-03-22 11:19:49.302,170.223,adaptive_offer,mobile,2,41,177000,177.0,1570425369270,0.9617118644067797,True
7,l447,2019-03-22 11:35:35.136,2019-03-22 11:37:45.959,130.823,adaptive_offer,mobile,2,33,208000,208.0,1570425364050,0.6289567307692308,True
7,l548,2019-03-22 12:35:45.537,2019-03-22 12:38:23.450,157.913,adaptive_offer,mobile,5,110,133000,133.0,1570426205581,1.0,True
7,l235,2019-03-22 12:59:16.030,2019-03-22 13:05:42.714,386.684,archive,mobile,-1,-1,-1,,-1,,False
7,l14,2019-03-22 13:06:23.893,2019-03-22 13:10:18.266,234.373,archive,mobile,-1,-1,-1,,-1,,False
7,l34,2019-03-22 13:10:21.926,2019-03-22 13:13:46.233,204.307,archive,mobile,-1,-1,-1,,-1,,False
7,l35,2019-03-22 13:13:58.734,2019-03-22 13:17:44.833,226.099,archive,mobile,-1,-1,-1,,-1,,False
7,l39,2019-03-22 13:17:51.765,2019-03-22 13:20:49.442,177.677,archive,mobile,-1,-1,-1,,-1,,False
7,l40,2019-03-22 13:21:11.470,2019-03-22 13:24:32.461,200.991,archive,mobile,-1,-1,-1,,-1,,False
7,l41,2019-03-22 13:24:53.888,2019-03-22 13:29:05.040,251.152,archive,mobile,-1,-1,-1,,-1,,False
7,l42,2019-03-22 13:39:19.876,2019-03-22 13:42:36.418,196.542,archive,mobile,-1,-1,-1,,-1,,False
7,l43,2019-03-22 13:43:07.764,2019-03-22 13:45:41.408,153.644,archive,mobile,-1,-1,-1,,-1,,False
7,l44,2019-03-22 13:46:00.941,2019-03-22 13:49:06.635,185.694,archive,mobile,-1,-1,-1,,-1,,False
7,l45,2019-03-22 13:49:17.750,2019-03-22 13:52:06.797,169.047,archive,mobile,-1,-1,-1,,-1,,False
7,l551,2019-05-10 06:22:04.715,2019-05-10 06:24:46.954,162.239,adaptive_offer,mobile,5,123,151000,151.0,1570426220326,1.0,True
7,l217,2019-05-10 07:37:57.113,2019-05-10 07:41:24.025,206.912,archive,mobile,-1,-1,-1,,-1,,False
7,l222,2019-05-10 07:41:24.131,2019-05-10 07:46:56.078,331.947,archive,mobile,-1,-1,-1,,-1,,False
7,l547,2019-05-10 09:44:27.046,2019-05-10 09:47:00.377,153.331,adaptive_offer,mobile,5,126,172000,172.0,1570426201559,0.8914593023255813,True
7,l546,2019-05-10 09:49:46.076,2019-05-10 09:52:52.134,186.058,adaptive_offer,mobile,5,79,175000,175.0,1570426196896,1.0,True
7,l650,2019-05-13 07:55:15.937,2019-05-13 07:59:32.575,256.638,adaptive_offer,mobile,5,94,320000,320.0,1570425901471,0.80199375,True
7,l46,2019-05-13 08:46:00.578,2019-05-13 08:50:12.713,252.135,archive,mobile,-1,-1,-1,,-1,,False
7,l82,2019-05-13 08:50:38.304,2019-05-13 08:56:21.343,343.039,archive,mobile,-1,-1,-1,,-1,,False
7,l134,2019-05-13 10:15:11.438,2019-05-13 10:17:40.868,149.43,archive,mobile,-1,-1,-1,,-1,,False
7,l133,2019-05-13 10:17:42.140,2019-05-13 10:20:02.438,140.298,archive,mobile,-1,-1,-1,,-1,,False
7,l159,2019-05-13 10:20:13.153,2019-05-13 10:23:30.590,197.437,archive,mobile,-1,-1,-1,,-1,,False
7,l455,2019-05-13 10:49:48.021,2019-05-13 10:53:05.661,197.64,adaptive_offer,mobile,2,42,191000,191.0,1570425394449,1.0,True
7,l694,2019-05-13 11:06:03.823,2019-05-13 11:08:18.312,134.489,adaptive_offer,mobile,2,40,167000,167.0,1570425423548,0.8053233532934132,True
7,l215,2019-05-13 11:09:55.456,2019-05-13 11:10:43.758,48.302,archive,mobile,-1,-1,-1,,-1,,False
7,l183,2019-05-14 06:54:57.363,2019-05-14 06:59:28.525,271.162,archive,mobile,-1,-1,-1,,-1,,False
7,l184,2019-05-14 06:59:30.011,2019-05-14 07:02:21.321,171.31,archive,mobile,-1,-1,-1,,-1,,False
7,l185,2019-05-14 07:02:35.021,2019-05-14 07:05:16.790,161.769,archive,mobile,-1,-1,-1,,-1,,False
7,l186,2019-05-14 07:05:31.504,2019-05-14 07:07:33.733,122.229,archive,mobile,-1,-1,-1,,-1,,False
7,l187,2019-05-14 07:07:49.760,2019-05-14 07:10:29.978,160.218,archive,mobile,-1,-1,-1,,-1,,False
7,l188,2019-05-14 07:10:37.536,2019-05-14 07:13:41.878,184.342,archive,mobile,-1,-1,-1,,-1,,False
7,l189,2019-05-14 07:13:59.376,2019-05-14 07:16:48.578,169.202,archive,mobile,-1,-1,-1,,-1,,False
7,l84,2019-05-14 07:17:16.346,2019-05-14 07:20:25.711,189.365,archive,mobile,-1,-1,-1,,-1,,False
7,l190,2019-05-14 07:20:31.492,2019-05-14 07:25:39.626,308.134,archive,mobile,-1,-1,-1,,-1,,False
7,l194,2019-05-14 07:25:46.693,2019-05-14 07:31:36.223,349.53,archive,mobile,-1,-1,-1,,-1,,False
7,l195,2019-05-14 07:31:47.304,2019-05-14 07:38:04.117,376.813,archive,mobile,-1,-1,-1,,-1,,False
7,l197,2019-05-14 08:04:41.186,2019-05-14 08:06:00.135,78.949,archive,mobile,-1,-1,-1,,-1,,False
7,l197,2019-05-14 08:06:08.822,2019-05-14 08:10:49.288,280.466,archive,mobile,-1,-1,-1,,-1,,False
7,l198,2019-05-14 08:12:36.156,2019-05-14 08:18:14.470,338.314,archive,mobile,-1,-1,-1,,-1,,False
7,l192,2019-05-14 08:18:39.501,2019-05-14 08:25:04.347,384.846,archive,mobile,-1,-1,-1,,-1,,False
7,l193,2019-05-14 08:26:58.079,2019-05-14 08:32:49.905,351.826,archive,mobile,-1,-1,-1,,-1,,False
7,l703,2019-05-14 08:47:07.423,2019-05-14 08:50:41.317,213.894,adaptive_offer,mobile,2,33,213000,213.0,1570425440905,1.0,True
7,l699,2019-05-14 08:56:27.145,2019-05-14 08:58:45.660,138.515,adaptive_offer,mobile,2,40,146000,146.0,1570425431347,0.9487328767123286,True
7,l705,2019-05-14 09:21:33.234,2019-05-14 09:23:44.965,131.731,adaptive_offer,mobile,2,26,156000,156.0,1570425442225,0.8444294871794872,True
7,l457,2019-05-14 10:09:48.460,2019-05-14 10:11:02.881,74.421,adaptive_offer,mobile,2,30,137000,137.0,1542120362682,0.5432189781021898,True
7,l511,2019-05-15 06:44:20.630,2019-05-15 06:44:50.857,30.227,adaptive_offer,mobile,5,80,261000,261.0,1570426019867,0.11581226053639847,True
7,l511,2019-05-15 06:45:45.368,2019-05-15 06:46:00.816,15.448,adaptive_offer,mobile,5,80,261000,261.0,1570426019867,0.059187739463601535,True
7,l511,2019-05-15 06:46:03.109,2019-05-15 06:49:57.909,234.8,adaptive_offer,mobile,5,80,261000,261.0,1570426019867,0.8996168582375479,True
7,l771,2019-05-15 06:51:37.216,2019-05-15 06:53:54.557,137.341,adaptive_offer,mobile,5,128,132000,132.0,1570426246589,1.0,True
7,l526,2019-05-15 06:55:17.123,2019-05-15 06:58:00.020,162.897,adaptive_offer,mobile,5,128,154000,154.0,1570426104854,1.0,True
7,l513,2019-05-15 07:11:53.017,2019-05-15 07:13:52.014,118.997,adaptive_offer,mobile,5,121,273000,273.0,1570426028788,0.4358864468864469,True
7,l550,2019-05-15 07:18:22.103,2019-05-15 07:20:39.500,137.397,adaptive_offer,mobile,5,145,223000,223.0,1570426215961,0.6161300448430493,True
7,l521,2019-05-15 07:37:02.300,2019-05-15 07:38:43.703,101.403,adaptive_offer,mobile,5,81,393000,393.0,1570426080187,0.2580229007633588,True
7,l552,2019-05-15 07:57:57.937,2019-05-15 08:01:34.843,216.906,adaptive_offer,mobile,5,140,176000,176.0,1570426224905,1.0,True
7,l508,2019-05-15 08:04:37.595,2019-05-15 08:09:23.177,285.582,adaptive_offer,mobile,5,96,280000,280.0,1570425999036,1.0,True
7,l522,2019-05-15 08:11:00.579,2019-05-15 08:12:58.267,117.688,adaptive_offer,mobile,5,114,370000,370.0,1570426087969,0.3180756756756757,True
7,l544,2019-05-15 09:02:59.524,2019-05-15 09:06:06.293,186.769,adaptive_offer,mobile,5,97,178000,178.0,1570426181773,1.0,True
7,l499,2019-05-15 09:09:13.153,2019-05-15 09:10:05.414,52.261,adaptive_offer,mobile,5,73,269000,269.0,1570425908192,0.19427881040892195,True
7,l540,2019-05-15 09:24:04.014,2019-05-15 09:26:50.498,166.484,adaptive_offer,mobile,5,137,283000,283.0,1570426165008,0.5882826855123675,True
7,l528,2019-05-15 09:31:37.834,2019-05-15 09:33:08.318,90.484,adaptive_offer,mobile,5,89,193000,193.0,1570426112193,0.46882901554404144,True
7,l629,2019-05-15 10:33:05.570,2019-05-15 10:35:29.904,144.334,adaptive_offer,mobile,6,143,267000,267.0,1570426775319,0.5405767790262173,True
7,l138,2019-05-16 08:03:38.895,2019-05-16 08:06:35.440,176.545,archive,mobile,-1,-1,-1,,-1,,False
7,l141,2019-05-16 08:06:38.146,2019-05-16 08:09:00.077,141.931,archive,mobile,-1,-1,-1,,-1,,False
7,l161,2019-05-16 08:09:10.254,2019-05-16 08:11:27.067,136.813,archive,mobile,-1,-1,-1,,-1,,False
7,l158,2019-05-16 08:11:28.627,2019-05-16 08:15:39.530,250.903,archive,mobile,-1,-1,-1,,-1,,False
7,l160,2019-05-16 08:15:39.642,2019-05-16 08:17:48.661,129.019,archive,mobile,-1,-1,-1,,-1,,False
7,l484,2019-05-16 08:18:17.959,2019-05-16 08:21:57.350,219.391,adaptive_offer,mobile,4,54,205000,205.0,1570425698893,1.0,True
7,l464,2019-05-16 09:03:28.547,2019-05-16 09:03:58.460,29.913,adaptive_offer,mobile,3,52,181000,181.0,1570425490998,0.16526519337016574,True
7,l737,2019-05-16 09:09:30.648,2019-05-16 09:14:21.082,290.434,adaptive_offer,mobile,4,54,288000,288.0,1570425729930,1.0,True
7,l809,2019-05-16 09:25:39.337,2019-05-16 09:32:11.504,392.167,adaptive_offer,mobile,6,143,340000,340.0,1570426838329,1.0,True
7,l685,2019-05-16 10:21:16.682,2019-05-16 10:22:12.071,55.389,adaptive_offer,mobile,2,27,144000,144.0,1570425407893,0.38464583333333335,True
7,l145,2019-05-18 11:01:36.807,2019-05-18 11:02:01.286,24.479,archive,mobile,-1,-1,-1,,-1,,False
7,l145,2019-05-18 11:02:02.854,2019-05-18 11:02:08.448,5.594,archive,mobile,-1,-1,-1,,-1,,False
7,l145,2019-05-18 11:02:16.417,2019-05-18 11:02:39.403,22.986,archive,mobile,-1,-1,-1,,-1,,False
7,l145,2019-05-18 11:03:50.295,2019-05-18 11:06:02.769,132.474,archive,mobile,-1,-1,-1,,-1,,False
7,l136,2019-05-18 11:06:03.035,2019-05-18 11:08:39.055,156.02,archive,mobile,-1,-1,-1,,-1,,False
7,l140,2019-05-18 11:08:39.223,2019-05-18 11:10:58.722,139.499,archive,mobile,-1,-1,-1,,-1,,False
7,l120,2019-05-18 11:10:58.810,2019-05-18 11:14:17.181,198.371,archive,mobile,-1,-1,-1,,-1,,False
7,l119,2019-05-18 11:14:23.199,2019-05-18 11:18:06.887,223.688,archive,mobile,-1,-1,-1,,-1,,False
7,l126,2019-05-18 11:18:39.794,2019-05-18 11:22:21.745,221.951,archive,mobile,-1,-1,-1,,-1,,False
7,l86,2019-05-18 11:23:24.784,2019-05-18 11:26:28.900,184.116,archive,mobile,-1,-1,-1,,-1,,False
7,l881,2019-05-18 11:47:07.164,2019-05-18 11:48:52.548,105.384,adaptive_offer,mobile,2,33,115000,115.0,1570425460985,0.9163826086956521,True
7,l525,2019-05-20 08:12:36.215,2019-05-20 08:14:59.112,142.897,adaptive_offer,mobile,5,138,249000,249.0,1570426101603,0.5738835341365461,True
7,l747,2019-05-20 08:24:23.894,2019-05-20 08:26:36.729,132.835,adaptive_offer,mobile,5,81,268000,268.0,1570426239536,0.4956529850746269,True
7,l764,2019-05-20 08:50:54.129,2019-05-20 08:53:50.661,176.532,adaptive_offer,mobile,5,117,196000,196.0,1570426244125,0.9006734693877552,True
7,l487,2019-05-20 09:03:10.522,2019-05-20 09:08:04.659,294.137,adaptive_offer,mobile,5,85,222000,222.0,1570425800647,1.0,True
7,l490,2019-05-20 09:30:25.594,2019-05-20 09:36:19.817,354.223,adaptive_offer,mobile,5,71,342000,342.0,1570425831964,1.0,True
7,l786,2019-05-20 09:45:57.471,2019-05-20 09:49:22.870,205.399,adaptive_offer,mobile,5,114,234000,234.0,1570426250942,0.8777735042735043,True
7,l742,2019-05-20 09:54:51.058,2019-05-20 09:55:24.312,33.254,adaptive_offer,mobile,5,71,193000,193.0,1570426237264,0.172300518134715,True
7,l778,2019-05-20 10:12:07.252,2019-05-20 10:13:31.291,84.039,adaptive_offer,mobile,5,123,206000,206.0,1570426248668,0.40795631067961163,True
7,l460,2019-05-20 10:52:36.271,2019-05-20 10:53:57.529,81.258,adaptive_offer,mobile,3,58,166000,166.0,1570425474350,0.4895060240963855,True
7,l270,2019-05-21 07:49:00.669,2019-05-21 07:52:47.229,226.56,archive,mobile,-1,-1,-1,,-1,,False
7,l462,2019-05-21 07:53:00.682,2019-05-21 07:55:12.106,131.424,adaptive_offer,mobile,3,55,120000,120.0,1570425483199,1.0,True
7,l549,2019-05-23 10:23:43.506,2019-05-23 10:26:28.420,164.914,adaptive_offer,mobile,5,109,217000,217.0,1570426211607,0.7599723502304147,True
7,l494,2019-05-23 10:32:55.984,2019-05-23 10:34:18.778,82.794,adaptive_offer,mobile,5,134,268000,268.0,1570425872135,0.30893283582089553,True
7,l507,2019-05-23 10:37:55.703,2019-05-23 10:39:15.015,79.312,adaptive_offer,mobile,5,84,300000,300.0,1570425988513,0.26437333333333335,True
7,l488,2019-05-23 11:15:59.732,2019-05-23 11:23:25.740,446.008,adaptive_offer,mobile,5,76,264000,264.0,1570425815178,1.0,True
7,l82,2019-08-30 06:03:16.939,2019-08-30 06:04:21.292,64.353,archive,mobile,-1,-1,-1,,-1,,False
7,l82,2019-08-30 06:04:35.035,2019-08-30 06:06:55.008,139.973,archive,mobile,-1,-1,-1,,-1,,False
7,l82,2019-08-30 06:07:14.636,2019-08-30 06:07:50.536,35.9,archive,mobile,-1,-1,-1,,-1,,False
7,l82,2019-08-30 06:07:53.126,2019-08-30 06:09:04.984,71.858,archive,mobile,-1,-1,-1,,-1,,False
7,l105,2019-08-30 06:13:24.922,2019-08-30 06:13:46.634,21.712,archive,mobile,-1,-1,-1,,-1,,False
7,l83,2019-08-30 06:18:10.505,2019-08-30 06:22:57.300,286.795,archive,mobile,-1,-1,-1,,-1,,False
7,l38,2019-08-30 06:23:10.054,2019-08-30 06:24:23.987,73.933,archive,mobile,-1,-1,-1,,-1,,False
7,l37,2019-08-30 06:24:34.725,2019-08-30 06:27:07.142,152.417,archive,mobile,-1,-1,-1,,-1,,False
7,l36,2019-08-30 06:27:38.492,2019-08-30 06:30:39.860,181.368,archive,mobile,-1,-1,-1,,-1,,False
7,l671,2019-08-30 06:52:44.740,2019-08-30 06:55:44.238,179.498,adaptive_offer,mobile,1,5,193000,193.0,1570425316418,0.930041450777202,True
9,l85,2019-08-07 07:23:52.699,2019-08-07 07:32:45.148,532.449,archive,mobile,-1,-1,-1,,-1,,False
9,l84,2019-08-07 07:34:37.277,2019-08-07 07:40:04.146,326.869,archive,mobile,-1,-1,-1,,-1,,False
9,l85,2019-08-07 07:40:09.661,2019-08-07 07:40:48.944,39.283,archive,mobile,-1,-1,-1,,-1,,False
9,l219,2019-08-07 07:40:49.018,2019-08-07 07:50:07.963,558.945,archive,mobile,-1,-1,-1,,-1,,False
9,l219,2019-08-07 07:50:29.461,2019-08-07 07:50:48.313,18.852,archive,mobile,-1,-1,-1,,-1,,False
9,l220,2019-08-07 07:50:52.182,2019-08-07 07:55:23.704,271.522,archive,mobile,-1,-1,-1,,-1,,False
9,l218,2019-08-07 07:55:37.402,2019-08-07 08:00:02.513,265.111,archive,mobile,-1,-1,-1,,-1,,False
9,l184,2019-08-07 08:00:57.417,2019-08-07 08:02:01.948,64.531,archive,mobile,-1,-1,-1,,-1,,False
9,l184,2019-08-07 08:02:03.428,2019-08-07 08:02:37.868,34.44,archive,mobile,-1,-1,-1,,-1,,False
9,l84,2019-08-07 08:07:35.376,2019-08-07 08:07:43.924,8.548,archive,mobile,-1,-1,-1,,-1,,False
11,l451,2019-08-26 03:36:47.783,2019-08-26 03:41:06.255,258.472,adaptive_offer,mobile,2,40,215000,215.0,1570425380455,1.0,True
11,l511,2019-08-26 12:30:50.159,2019-08-26 12:35:42.620,292.461,adaptive_offer,mobile,5,80,261000,261.0,1570426019867,1.0,True
11,l447,2019-08-28 01:18:42.007,2019-08-28 01:22:28.378,226.371,adaptive_offer,mobile,2,33,208000,208.0,1570425364050,1.0,True
11,l676,2019-08-29 22:41:36.244,2019-08-29 22:45:21.614,225.37,adaptive_offer,mobile,1,17,204000,204.0,1570425317840,1.0,True
11,l457,2019-08-30 00:03:24.269,2019-08-30 00:05:53.982,149.713,adaptive_offer,mobile,2,30,137000,137.0,1542120362682,1.0,True
11,l557,2019-08-30 07:20:12.875,2019-08-30 07:23:41.201,208.326,adaptive_offer,mobile,6,77,190000,190.0,1570426277691,1.0,True
11,l560,2019-08-30 08:05:45.066,2019-08-30 08:10:44.109,299.043,adaptive_offer,mobile,6,76,264000,264.0,1570426335335,1.0,True
11,l459,2019-08-30 13:51:25.115,2019-08-30 13:55:54.798,269.683,adaptive_offer,mobile,3,57,249000,249.0,1570425467597,1.0,True
11,l462,2019-08-30 14:11:30.717,2019-08-30 14:13:43.839,133.122,adaptive_offer,mobile,3,55,120000,120.0,1570425483199,1.0,True
11,l456,2019-08-30 22:49:40.559,2019-08-30 22:53:00.271,199.712,adaptive_offer,mobile,2,23,177000,177.0,1542120362641,1.0,True
11,l448,2019-09-01 21:13:50.305,2019-09-01 21:17:00.502,190.197,adaptive_offer,mobile,2,41,177000,177.0,1570425369270,1.0,True
11,l703,2019-09-01 21:18:52.410,2019-09-01 21:22:45.206,232.796,adaptive_offer,mobile,2,33,213000,213.0,1570425440905,1.0,True
11,l446,2019-09-01 21:24:24.472,2019-09-01 21:27:26.480,182.008,adaptive_offer,mobile,2,25,171000,171.0,1570425359844,1.0,True
11,l455,2019-09-03 09:11:08.226,2019-09-03 09:14:57.775,229.549,adaptive_offer,mobile,2,42,191000,191.0,1570425394449,1.0,True
11,l455,2019-09-03 09:15:02.927,2019-09-03 09:16:01.340,58.413,adaptive_offer,mobile,2,42,191000,191.0,1570425394449,0.30582722513089006,True
11,l513,2019-09-04 01:44:34.818,2019-09-04 01:50:31.486,356.668,adaptive_offer,mobile,5,121,273000,273.0,1570426028788,1.0,True
11,l464,2019-09-04 03:12:36.608,2019-09-04 03:15:43.617,187.009,adaptive_offer,web,3,52,181000,181.0,1570425490998,1.0,True
11,l716,2019-09-04 03:17:23.146,2019-09-04 03:22:30.670,307.524,adaptive_offer,web,3,55,306000,306.0,1570425501252,1.0,True
11,l721,2019-09-04 05:20:14.471,2019-09-04 05:26:42.384,387.913,adaptive_offer,mobile,3,52,372000,372.0,1570425523933,1.0,True
11,l717,2019-09-04 05:36:21.797,2019-09-04 05:42:39.738,377.941,adaptive_offer,mobile,3,55,370000,370.0,1570425504872,1.0,True
11,l560,2019-09-04 07:02:17.855,2019-09-04 07:06:47.030,269.175,adaptive_offer,web,6,76,264000,264.0,1570426335335,1.0,True
11,l483,2019-09-04 10:56:07.914,2019-09-04 11:00:05.532,237.618,adaptive_offer,web,4,52,232000,232.0,1570425692819,1.0,True
11,l478,2019-09-04 11:03:26.022,2019-09-04 11:07:16.807,230.785,adaptive_offer,web,4,57,226000,226.0,1570425671285,1.0,True
11,l481,2019-09-04 11:09:43.950,2019-09-04 11:14:07.351,263.401,adaptive_offer,web,4,55,258000,258.0,1570425682638,1.0,True
11,l484,2019-09-04 11:28:56.784,2019-09-04 11:30:14.848,78.064,adaptive_offer,mobile,4,54,205000,205.0,1570425698893,0.38079999999999997,True
11,l484,2019-09-04 11:30:26.283,2019-09-04 11:33:51.816,205.533,adaptive_offer,mobile,4,54,205000,205.0,1570425698893,1.0,True
11,l543,2019-09-07 06:00:32.725,2019-09-07 06:04:53.992,261.267,adaptive_offer,mobile,5,95,253000,253.0,1570426178473,1.0,True
11,l501,2019-09-07 06:13:16.873,2019-09-07 06:16:28.490,191.617,adaptive_offer,mobile,5,105,181000,181.0,1570425924310,1.0,True
11,l731,2019-09-09 23:01:25.452,2019-09-09 23:08:49.947,444.495,adaptive_offer,mobile,4,53,421000,421.0,1570425707554,1.0,True
11,l809,2019-09-10 08:08:03.129,2019-09-10 08:08:25.342,22.213,adaptive_offer,web,6,143,340000,340.0,1570426838329,0.06533235294117648,True
11,l810,2019-09-11 06:00:19.802,2019-09-11 06:03:24.190,184.388,adaptive_offer,mobile,6,143,406000,406.0,1570426840596,0.4541576354679803,True
11,l810,2019-09-11 06:03:25.642,2019-09-11 06:06:08.158,162.516,adaptive_offer,mobile,6,143,406000,406.0,1570426840596,0.40028571428571424,True
11,l595,2019-09-11 06:34:13.564,2019-09-11 06:38:16.116,242.552,adaptive_offer,web,6,116,236000,236.0,1570426623761,1.0,True
11,l559,2019-09-11 06:50:19.638,2019-09-11 06:55:19.310,299.672,adaptive_offer,web,6,85,222000,222.0,1570426319947,1.0,True
11,l579,2019-09-11 12:06:11.662,2019-09-11 12:27:06.380,1254.718,adaptive_offer,web,6,84,300000,300.0,1570426513814,1.0,True
11,l916,2019-09-11 12:36:51.488,2019-09-11 12:40:36.519,225.031,adaptive_offer,web,6,85,219000,219.0,1570426809527,1.0,True
11,l492,2019-09-11 21:10:22.107,2019-09-11 21:13:43.638,201.531,adaptive_offer,web,5,98,196000,196.0,1570425848140,1.0,True
11,l689,2019-09-13 22:17:38.408,2019-09-13 22:20:46.869,188.461,adaptive_offer,web,2,35,170000,170.0,1570425414267,1.0,True
11,l509,2019-09-13 22:31:14.989,2019-09-13 22:35:02.184,227.195,adaptive_offer,web,5,118,202000,202.0,1570426003802,1.0,True
11,l521,2019-09-15 13:09:44.973,2019-09-15 13:16:38.695,413.722,adaptive_offer,web,5,81,393000,393.0,1570426080187,1.0,True
11,l692,2019-09-15 23:26:51.875,2019-09-15 23:29:35.771,163.896,adaptive_offer,web,2,42,138000,138.0,1570425420043,1.0,True
11,l694,2019-09-19 22:31:46.653,2019-09-19 22:34:36.470,169.817,adaptive_offer,web,2,40,167000,167.0,1570425423548,1.0,True
11,l526,2019-09-23 00:00:12.598,2019-09-23 00:03:38.968,206.37,adaptive_offer,web,5,128,154000,154.0,1570426104854,1.0,True
11,l517,2019-09-23 23:46:45.125,2019-09-23 23:50:42.004,236.879,adaptive_offer,mobile,5,72,207000,207.0,1570426060519,1.0,True
11,l507,2019-09-25 01:20:53.408,2019-09-25 01:27:43.875,410.467,adaptive_offer,mobile,5,84,300000,300.0,1570425988513,1.0,True
11,l545,2019-09-27 21:43:31.037,2019-09-27 21:49:37.142,366.105,adaptive_offer,mobile,5,90,342000,342.0,1570426191554,1.0,True
11,l495,2019-10-06 01:04:43.670,2019-10-06 01:09:29.878,286.208,adaptive_offer,web,5,119,261000,261.0,1570425877560,1.0,True
11,l701,2019-10-07 12:53:21.751,2019-10-07 12:55:40.987,139.236,adaptive_offer,web,2,50,128000,128.0,1570425436771,1.0,True
11,l527,2019-10-07 13:07:09.780,2019-10-07 13:10:34.586,204.806,adaptive_offer,web,5,135,195000,195.0,1570426108999,1.0,True
11,l485,2019-10-09 23:26:04.097,2019-10-09 23:36:26.669,622.572,adaptive_offer,web,5,77,190000,190.0,1570425759703,1.0,True
11,l538,2019-10-09 23:41:06.286,2019-10-09 23:45:29.184,262.898,adaptive_offer,web,5,132,258000,258.0,1570426156519,1.0,True
11,l525,2019-10-09 23:48:07.607,2019-10-09 23:52:22.508,254.901,adaptive_offer,web,5,138,249000,249.0,1570426101603,1.0,True
11,l546,2019-10-14 04:23:26.210,2019-10-14 04:27:23.063,236.853,adaptive_offer,web,5,79,175000,175.0,1570426196896,1.0,True
11,l742,2019-10-14 04:33:24.111,2019-10-14 04:38:36.653,312.542,adaptive_offer,web,5,71,193000,193.0,1570426237264,1.0,True
11,l763,2019-10-19 21:56:46.671,2019-10-19 22:00:38.771,232.1,adaptive_offer,mobile,5,103,-1,,-1,,False
11,l522,2019-10-20 04:01:17.922,2019-10-20 04:08:38.081,440.159,adaptive_offer,web,5,114,370000,370.0,1570426087969,1.0,True
11,l506,2019-10-22 22:33:43.740,2019-10-22 22:37:02.377,198.637,adaptive_offer,mobile,5,106,226000,226.0,1570425969459,0.8789247787610619,True
11,l771,2019-10-22 22:39:27.670,2019-10-22 22:42:04.666,156.996,adaptive_offer,mobile,5,128,132000,132.0,1570426246589,1.0,True
11,l544,2019-10-23 23:11:31.141,2019-10-23 23:15:38.201,247.06,adaptive_offer,web,5,97,178000,178.0,1570426181773,1.0,True
11,l770,2019-10-27 22:21:15.044,2019-10-27 22:24:11.643,176.599,adaptive_offer,mobile,5,74,143000,143.0,1570426246283,1.0,True
11,l775,2019-10-29 08:23:59.070,2019-10-29 08:27:25.214,206.144,adaptive_offer,mobile,5,76,186000,186.0,1570426247778,1.0,True
11,l773,2019-10-29 23:29:56.881,2019-10-29 23:32:28.058,151.177,adaptive_offer,mobile,5,90,133000,133.0,1570426247184,1.0,True
11,l796,2019-10-30 22:26:39.881,2019-10-30 22:28:32.580,112.699,adaptive_offer,mobile,5,116,102000,102.0,1570426253837,1.0,True
11,l528,2019-10-30 22:36:03.978,2019-10-30 22:39:31.032,207.054,adaptive_offer,mobile,5,89,193000,193.0,1570426112193,1.0,True
11,l776,2019-10-30 22:40:36.474,2019-10-30 22:43:22.879,166.405,adaptive_offer,mobile,5,78,148000,148.0,1570426248073,1.0,True
11,l768,2019-10-31 01:23:31.144,2019-10-31 01:26:07.359,156.215,adaptive_offer,mobile,5,96,141000,141.0,1570426245313,1.0,True
11,l754,2019-10-31 22:58:18.390,2019-10-31 23:02:01.411,223.021,adaptive_offer,mobile,5,88,206000,206.0,1570426241554,1.0,True
11,l489,2019-11-01 22:37:26.781,2019-11-01 22:48:24.623,657.842,adaptive_offer,mobile,5,83,381000,381.0,1570425826196,1.0,True
11,l753,2019-11-02 21:56:50.363,2019-11-02 21:59:32.211,161.848,adaptive_offer,mobile,5,95,136000,136.0,1570426241253,1.0,True
11,l807,2019-11-03 21:32:27.494,2019-11-03 21:32:35.911,8.417,adaptive_offer,mobile,5,115,119000,119.0,1570426257116,0.07073109243697479,True
11,l807,2019-11-03 21:32:37.139,2019-11-03 21:35:04.184,147.045,adaptive_offer,mobile,5,115,119000,119.0,1570426257116,1.0,True
11,l745,2019-11-04 23:17:08.679,2019-11-04 23:23:58.505,409.826,adaptive_offer,web,5,106,245000,245.0,1570426238970,1.0,True
11,l790,2019-11-04 23:26:33.961,2019-11-04 23:29:32.934,178.973,adaptive_offer,web,5,103,159000,159.0,1570426252087,1.0,True
11,l792,2019-11-04 23:30:32.878,2019-11-04 23:33:12.639,159.761,adaptive_offer,web,5,121,154000,154.0,1570426252662,1.0,True
11,l781,2019-11-04 23:39:20.279,2019-11-04 23:42:16.484,176.205,adaptive_offer,web,5,83,165000,165.0,1570426249527,1.0,True
11,l752,2019-11-06 04:25:48.379,2019-11-06 04:32:19.793,391.414,adaptive_offer,web,5,85,270000,270.0,1570426240967,1.0,True
11,l650,2019-11-08 01:09:55.723,2019-11-08 01:10:30.549,34.826,adaptive_offer,mobile,5,94,320000,320.0,1570425901471,0.10883125,True
11,l650,2019-11-08 01:10:36.816,2019-11-08 01:15:42.215,305.399,adaptive_offer,mobile,5,94,320000,320.0,1570425901471,0.954371875,True
11,l756,2019-11-12 23:18:04.526,2019-11-12 23:21:50.955,226.429,adaptive_offer,mobile,5,94,164000,164.0,1542120376688,1.0,True
11,l784,2019-11-13 22:57:19.407,2019-11-13 23:00:06.745,167.338,adaptive_offer,web,5,80,156000,156.0,1570426250376,1.0,True
11,l510,2019-11-17 01:05:18.312,2019-11-17 01:12:19.635,421.323,adaptive_offer,web,5,82,392000,392.0,1570426013565,1.0,True
11,l801,2019-11-17 22:27:57.556,2019-11-17 22:29:27.060,89.504,adaptive_offer,mobile,5,118,84000,84.0,1570426255331,1.0,True
11,l801,2019-11-17 22:29:54.350,2019-11-17 22:30:09.165,14.815,adaptive_offer,mobile,5,118,84000,84.0,1570426255331,0.17636904761904762,True
14,l453,2019-08-29 07:01:18.106,2019-08-29 07:04:17.143,179.037,adaptive_offer,mobile,2,26,171000,171.0,1570425388464,1.0,True
14,l544,2019-08-29 07:29:51.124,2019-08-29 07:32:42.451,171.327,adaptive_offer,mobile,5,97,178000,178.0,1570426181773,0.9625112359550562,True
16,l453,2019-07-05 09:21:05.387,2019-07-05 09:23:20.788,135.401,adaptive_offer,web,2,26,171000,171.0,1570425388464,0.7918187134502924,True
16,l447,2019-07-06 09:08:09.167,2019-07-06 09:09:39.672,90.505,adaptive_offer,web,2,33,208000,208.0,1570425364050,0.4351201923076923,True
16,l689,2019-07-06 09:16:58.285,2019-07-06 09:19:55.791,177.506,adaptive_offer,web,2,35,170000,170.0,1570425414267,1.0,True
16,l715,2019-07-06 09:22:11.019,2019-07-06 09:22:36.582,25.563,adaptive_offer,web,2,51,150000,150.0,1570425456774,0.17042,True
16,l537,2019-07-13 09:14:55.455,2019-07-13 09:21:18.569,383.114,adaptive_offer,web,5,91,152000,152.0,1570426152257,1.0,True
16,l790,2019-07-13 09:40:51.382,2019-07-13 09:43:51.032,179.65,adaptive_offer,web,5,103,159000,159.0,1570426252087,1.0,True
16,l487,2019-07-14 05:10:25.550,2019-07-14 05:23:32.560,787.01,adaptive_offer,web,5,85,222000,222.0,1570425800647,1.0,True
16,l560,2019-07-14 06:07:12.940,2019-07-14 06:15:13.803,480.863,adaptive_offer,web,6,76,264000,264.0,1570426335335,1.0,True
16,l718,2019-07-15 05:04:36.090,2019-07-15 05:06:35.164,119.074,archive,web,3,53,390000,390.0,1570425508493,0.3053179487179487,True
16,l514,2019-07-15 09:07:16.790,2019-07-15 09:17:23.610,606.82,adaptive_offer,web,5,129,276000,276.0,1570426033609,1.0,True
16,l521,2019-07-16 01:23:16.891,2019-07-16 01:34:30.533,673.642,adaptive_offer,web,5,81,393000,393.0,1570426080187,1.0,True
16,l506,2019-07-17 08:42:54.179,2019-07-17 08:52:42.260,588.081,adaptive_offer,web,5,106,226000,226.0,1570425969459,1.0,True
16,l629,2019-07-17 09:38:18.364,2019-07-17 09:45:44.076,445.712,adaptive_offer,web,6,143,267000,267.0,1570426775319,1.0,True
16,l719,2019-07-19 00:36:22.810,2019-07-19 00:36:34.943,12.133,archive,web,3,56,358000,358.0,1570425513426,0.033891061452513964,True
16,l482,2019-07-19 03:32:19.257,2019-07-19 03:45:13.797,774.54,adaptive_offer,web,4,53,212000,212.0,1570425688890,1.0,True
16,l483,2019-07-19 07:46:08.375,2019-07-19 07:46:20.654,12.279,adaptive_offer,web,4,52,232000,232.0,1570425692819,0.052926724137931036,True
16,l492,2019-07-19 08:08:53.062,2019-07-19 08:10:34.353,101.291,adaptive_offer,web,5,98,196000,196.0,1570425848140,0.5167908163265306,True
16,l739,2019-07-20 23:54:22.627,2019-07-20 23:59:00.519,277.892,archive,web,4,53,277000,277.0,1570425737188,1.0,True
16,l739,2019-07-20 23:59:01.043,2019-07-21 00:06:49.281,468.238,archive,web,4,53,277000,277.0,1570425737188,1.0,True
16,l735,2019-07-21 00:06:49.761,2019-07-21 00:12:42.059,352.298,archive,web,4,56,320000,320.0,1570425722083,1.0,True
16,l730,2019-07-21 00:12:59.442,2019-07-21 00:14:05.737,66.295,archive,web,4,52,351000,351.0,1570425704627,0.18887464387464387,True
16,l730,2019-07-21 00:14:06.147,2019-07-21 00:21:50.939,464.792,archive,web,4,52,351000,351.0,1570425704627,1.0,True
16,l738,2019-07-21 00:21:51.365,2019-07-21 00:27:47.351,355.986,archive,web,4,58,370000,370.0,1570425734265,0.9621243243243243,True
16,l738,2019-07-21 00:27:48.123,2019-07-21 00:36:01.741,493.618,archive,web,4,58,370000,370.0,1570425734265,1.0,True
16,l698,2019-07-21 00:36:15.972,2019-07-21 00:38:43.283,147.311,archive,web,2,35,147000,147.0,1570425429473,1.0,True
16,l698,2019-07-21 00:38:43.722,2019-07-21 00:40:50.759,127.037,archive,web,2,35,147000,147.0,1570425429473,0.8641972789115646,True
16,l480,2019-07-21 00:46:19.212,2019-07-21 00:49:38.957,199.745,adaptive_offer,web,4,56,197000,197.0,1570425678601,1.0,True
16,l879,2019-07-21 08:45:03.791,2019-07-21 08:46:52.288,108.497,archive,web,2,192,126000,126.0,1570425460429,0.8610873015873016,True
16,l879,2019-07-21 08:47:09.339,2019-07-21 08:50:48.829,219.49,archive,web,2,192,126000,126.0,1570425460429,1.0,True
16,l688,2019-07-21 08:50:49.207,2019-07-21 08:53:44.722,175.515,archive,web,2,189,213000,213.0,1570425412172,0.8240140845070422,True
16,l697,2019-07-21 08:53:45.124,2019-07-21 08:55:55.908,130.784,archive,web,2,190,169000,169.0,1570425428204,0.7738698224852071,True
16,l707,2019-07-21 08:55:56.351,2019-07-21 08:59:11.358,195.007,archive,web,2,188,130000,130.0,1570425442789,1.0,True
16,l917,2019-07-23 02:18:47.731,2019-07-23 02:18:56.660,8.929,adaptive_offer,web,6,76,211000,211.0,1570426812538,0.042317535545023696,True
16,l563,2019-07-23 11:40:11.194,2019-07-23 11:44:08.695,237.501,adaptive_offer,web,6,86,187000,187.0,1570426364940,1.0,True
16,l566,2019-07-23 11:45:50.805,2019-07-23 11:51:40.207,349.402,adaptive_offer,web,6,134,268000,268.0,1570426396623,1.0,True
16,l669,2019-07-24 06:57:13.527,2019-07-24 06:58:00.194,46.667,adaptive_offer,web,1,6,280000,280.0,1570425315863,0.16666785714285715,True
16,l690,2019-07-25 02:19:59.469,2019-07-25 02:20:23.246,23.777,archive,web,2,43,116000,116.0,1570425415914,0.2049741379310345,True
16,l736,2019-07-25 02:20:48.938,2019-07-25 02:23:39.422,170.484,archive,web,4,53,381000,381.0,1570425726951,0.4474645669291339,True
16,l809,2019-07-25 05:47:13.349,2019-07-25 05:47:25.471,12.122,adaptive_offer,web,6,143,340000,340.0,1570426838329,0.03565294117647059,True
16,l465,2019-07-25 06:00:16.672,2019-07-25 06:00:21.459,4.787,adaptive_offer,web,3,54,165000,165.0,1570425497875,0.02901212121212121,True
16,l517,2019-07-27 00:07:21.267,2019-07-27 00:14:03.978,402.711,adaptive_offer,web,5,72,207000,207.0,1570426060519,1.0,True
16,l586,2019-07-29 01:48:12.664,2019-07-29 01:56:28.008,495.344,adaptive_offer,web,6,129,276000,276.0,1570426561087,1.0,True
16,l565,2019-07-29 08:44:06.082,2019-07-29 08:44:20.333,14.251,adaptive_offer,web,6,78,258000,258.0,1570426382881,0.05523643410852713,True
16,l559,2019-08-01 09:38:13.429,2019-08-01 09:44:41.407,387.978,adaptive_offer,web,6,85,222000,222.0,1570426319947,1.0,True
16,l484,2019-08-02 12:19:25.400,2019-08-02 12:24:28.259,302.859,adaptive_offer,web,4,54,205000,205.0,1570425698893,1.0,True
16,l480,2019-08-05 00:03:22.857,2019-08-05 00:03:37.720,14.863,archive,web,4,56,197000,197.0,1570425678601,0.0754467005076142,True
16,l774,2019-08-05 00:03:48.606,2019-08-05 00:04:00.835,12.229,archive,web,5,119,153000,153.0,1570426247476,0.07992810457516339,True
16,l729,2019-08-05 00:04:08.220,2019-08-05 00:04:25.878,17.658,archive,web,4,52,329000,329.0,1570425701754,0.053671732522796355,True
16,l484,2019-08-05 00:35:58.376,2019-08-05 00:41:00.597,302.221,archive,web,4,54,205000,205.0,1570425698893,1.0,True
16,l479,2019-08-05 00:41:01.424,2019-08-05 00:41:13.420,11.996,archive,web,4,58,184000,184.0,1570425674444,0.06519565217391304,True
16,l478,2019-08-05 00:53:23.376,2019-08-05 00:59:06.955,343.579,archive,web,4,57,226000,226.0,1570425671285,1.0,True
16,l774,2019-08-05 00:59:46.531,2019-08-05 01:02:25.598,159.067,archive,web,5,119,153000,153.0,1570426247476,1.0,True
16,l703,2019-08-05 05:02:38.924,2019-08-05 05:08:49.548,370.624,adaptive_offer,web,2,33,213000,213.0,1570425440905,1.0,True
16,l674,2019-08-06 01:07:56.597,2019-08-06 01:11:23.244,206.647,adaptive_offer,web,1,6,198000,198.0,1570425317255,1.0,True
16,l512,2019-08-06 05:30:03.878,2019-08-06 05:37:03.330,419.452,adaptive_offer,web,5,75,150000,150.0,1570426023606,1.0,True
16,l551,2019-08-06 05:38:00.064,2019-08-06 05:45:43.502,463.438,adaptive_offer,web,5,123,151000,151.0,1570426220326,1.0,True
16,l593,2019-08-06 06:39:39.345,2019-08-06 06:49:29.911,590.566,adaptive_offer,web,6,81,393000,393.0,1570426609328,1.0,True
16,l583,2019-08-06 06:59:25.917,2019-08-06 07:06:18.632,412.715,adaptive_offer,web,6,80,261000,261.0,1570426547116,1.0,True
16,l449,2019-08-07 07:01:01.451,2019-08-07 07:07:35.106,393.655,adaptive_offer,web,2,50,224000,224.0,1570425374032,1.0,True
16,l519,2019-08-07 07:26:20.422,2019-08-07 07:38:07.167,706.745,adaptive_offer,web,5,93,239000,239.0,1570426068361,1.0,True
16,l567,2019-08-07 07:55:12.938,2019-08-07 08:01:57.185,404.247,adaptive_offer,web,6,119,261000,261.0,1570426402220,1.0,True
16,l926,2019-08-07 08:31:10.323,2019-08-07 08:31:19.612,9.289,adaptive_offer,web,6,143,421000,421.0,1570426781129,0.022064133016627078,True
16,l723,2019-08-07 08:40:51.442,2019-08-07 08:47:31.106,399.664,adaptive_offer,web,3,54,355000,355.0,1570425532350,1.0,True
16,l752,2019-08-08 00:43:00.928,2019-08-08 00:46:40.511,219.583,adaptive_offer,web,5,85,270000,270.0,1570426240967,0.8132703703703703,True
16,l926,2019-08-08 08:36:52.008,2019-08-08 08:44:39.583,467.575,adaptive_offer,web,6,143,421000,421.0,1570426781129,1.0,True
16,l557,2019-08-08 08:57:29.248,2019-08-08 09:00:47.504,198.256,adaptive_offer,web,6,77,190000,190.0,1570426277691,1.0,True
16,l793,2019-08-08 10:06:54.805,2019-08-08 10:07:00.313,5.508,adaptive_offer,web,5,72,157000,157.0,1570426252948,0.0350828025477707,True
16,l793,2019-08-08 10:24:55.104,2019-08-08 10:27:40.879,165.775,adaptive_offer,web,5,72,157000,157.0,1570426252948,1.0,True
16,l511,2019-08-08 11:03:10.924,2019-08-08 11:07:37.031,266.107,adaptive_offer,web,5,80,261000,261.0,1570426019867,1.0,True
16,l457,2019-08-09 04:48:18.488,2019-08-09 04:48:36.490,18.002,adaptive_offer,web,2,30,137000,137.0,1542120362682,0.13140145985401458,True
16,l546,2019-08-09 04:53:39.716,2019-08-09 05:03:02.709,562.993,adaptive_offer,web,5,79,175000,175.0,1570426196896,1.0,True
16,l916,2019-08-09 05:19:13.586,2019-08-09 05:23:04.703,231.117,adaptive_offer,web,6,85,219000,219.0,1570426809527,1.0,True
16,l742,2019-08-11 00:13:35.223,2019-08-11 00:16:24.158,168.935,adaptive_offer,web,5,71,193000,193.0,1570426237264,0.8753108808290155,True
16,l742,2019-08-11 00:18:30.823,2019-08-11 00:19:10.664,39.841,my_note,web,5,71,193000,193.0,1570426237264,0.20643005181347152,True
16,l490,2019-08-11 00:19:34.292,2019-08-11 00:25:32.396,358.104,adaptive_offer,web,5,71,342000,342.0,1570425831964,1.0,True
16,l562,2019-08-11 06:10:26.006,2019-08-11 06:13:36.700,190.694,adaptive_offer,web,6,71,342000,342.0,1570426354010,0.5575847953216374,True
16,l499,2019-08-11 23:32:11.331,2019-08-11 23:36:45.175,273.844,adaptive_offer,web,5,73,269000,269.0,1570425908192,1.0,True
16,l458,2019-08-12 01:10:05.190,2019-08-12 01:12:39.356,154.166,adaptive_offer,web,2,27,144000,144.0,1542120362727,1.0,True
16,l927,2019-08-12 01:29:50.832,2019-08-12 01:36:50.430,419.598,adaptive_offer,web,6,143,310000,310.0,1570426785857,1.0,True
16,l524,2019-08-12 07:48:05.835,2019-08-12 07:53:24.049,318.214,adaptive_offer,web,5,87,256000,256.0,1570426097984,1.0,True
16,l703,2019-08-12 08:01:46.586,2019-08-12 08:11:33.991,587.405,archive,web,2,33,213000,213.0,1570425440905,1.0,True
16,l702,2019-08-12 08:11:34.189,2019-08-12 08:13:22.666,108.477,archive,web,2,48,116000,116.0,1570425438939,0.935146551724138,True
16,l702,2019-08-12 08:13:22.889,2019-08-12 08:15:49.137,146.248,archive,web,2,48,116000,116.0,1570425438939,1.0,True
16,l705,2019-08-12 08:15:49.657,2019-08-12 08:18:07.732,138.075,archive,web,2,26,156000,156.0,1570425442225,0.8850961538461538,True
16,l699,2019-08-12 08:18:08.127,2019-08-12 11:08:27.501,10219.374,archive,web,2,40,146000,146.0,1570425431347,1.0,True
16,l872,2019-08-12 11:08:27.926,2019-08-12 11:10:51.929,144.003,archive,web,2,50,117000,117.0,1570425458456,1.0,True
16,l509,2019-08-13 03:44:23.249,2019-08-13 03:50:48.850,385.601,adaptive_offer,web,5,118,202000,202.0,1570426003802,1.0,True
16,l650,2019-08-13 05:43:22.831,2019-08-13 05:50:13.317,410.486,adaptive_offer,web,5,94,320000,320.0,1570425901471,1.0,True
16,l531,2019-08-14 01:29:31.458,2019-08-14 01:40:17.758,646.3,adaptive_offer,web,5,113,202000,202.0,1570426126589,1.0,True
16,l491,2019-08-14 01:55:59.699,2019-08-14 02:00:37.188,277.489,adaptive_offer,web,5,86,187000,187.0,1570425841330,1.0,True
16,l491,2019-08-14 02:01:10.502,2019-08-14 02:04:29.495,198.993,adaptive_offer,web,5,86,187000,187.0,1570425841330,1.0,True
16,l756,2019-08-15 00:51:06.787,2019-08-15 00:55:47.959,281.172,adaptive_offer,web,5,94,164000,164.0,1542120376688,1.0,True
16,l619,2019-08-15 05:12:13.020,2019-08-15 05:15:13.991,180.971,adaptive_offer,web,6,126,172000,172.0,1570426729984,1.0,True
16,l513,2019-08-16 07:30:50.288,2019-08-16 07:35:49.679,299.391,adaptive_offer,web,5,121,273000,273.0,1570426028788,1.0,True
16,l507,2019-08-19 03:42:07.997,2019-08-19 03:50:12.477,484.48,adaptive_offer,web,5,84,300000,300.0,1570425988513,1.0,True
16,l495,2019-08-19 07:14:25.933,2019-08-19 07:20:11.728,345.795,adaptive_offer,web,5,119,261000,261.0,1570425877560,1.0,True
16,l888,2019-08-23 00:47:03.131,2019-08-23 00:49:05.629,122.498,archive,web,2,205,116000,116.0,1570425461267,1.0,True
16,l710,2019-08-23 00:49:06.149,2019-08-23 00:52:07.100,180.951,archive,web,2,30,214000,214.0,1570425447580,0.8455654205607477,True
16,l710,2019-08-23 00:52:07.706,2019-08-23 00:54:40.681,152.975,archive,web,2,30,214000,214.0,1570425447580,0.7148364485981308,True
16,l566,2019-08-23 00:55:30.188,2019-08-23 00:59:58.871,268.683,archive,web,6,134,268000,268.0,1570426396623,1.0,True
16,l693,2019-08-24 01:26:59.722,2019-08-24 01:29:45.627,165.905,adaptive_offer,web,2,25,161000,161.0,1570425421923,1.0,True
16,l516,2019-08-24 01:34:40.631,2019-08-24 01:44:54.782,614.151,adaptive_offer,web,5,130,326000,326.0,1570426055160,1.0,True
16,l508,2019-08-24 01:57:38.608,2019-08-24 02:02:32.711,294.103,adaptive_offer,web,5,96,280000,280.0,1570425999036,1.0,True
16,l684,2019-08-25 05:18:10.782,2019-08-25 05:34:11.551,960.769,adaptive_offer,web,2,30,137000,137.0,1570425401580,1.0,True
16,l698,2019-08-26 01:56:22.948,2019-08-26 01:58:50.227,147.279,adaptive_offer,web,2,35,147000,147.0,1570425429473,1.0,True
16,l451,2019-08-27 07:49:26.699,2019-08-27 07:54:37.379,310.68,adaptive_offer,web,2,40,215000,215.0,1570425380455,1.0,True
16,l881,2019-08-27 10:10:03.090,2019-08-27 10:12:25.606,142.516,adaptive_offer,web,2,33,115000,115.0,1570425460985,1.0,True
16,l768,2019-08-28 02:21:38.204,2019-08-28 02:24:50.856,192.652,adaptive_offer,web,5,96,141000,141.0,1570426245313,1.0,True
16,l774,2019-08-28 02:39:13.236,2019-08-28 02:41:51.674,158.438,archive,web,5,119,153000,153.0,1570426247476,1.0,True
16,l783,2019-08-28 02:41:56.452,2019-08-28 02:44:26.504,150.052,archive,web,5,93,132000,132.0,1570426250089,1.0,True
16,l784,2019-08-28 02:44:46.756,2019-08-28 02:47:01.456,134.7,archive,web,5,80,156000,156.0,1570426250376,0.8634615384615384,True
16,l450,2019-08-29 02:34:13.797,2019-08-29 02:38:28.862,255.065,adaptive_offer,web,2,43,215000,215.0,1570425377774,1.0,True
16,l532,2019-08-29 04:40:33.988,2019-08-29 04:48:44.319,490.331,adaptive_offer,web,5,104,134000,134.0,1570426130381,1.0,True
16,l818,2019-08-29 07:46:34.916,2019-08-29 08:18:50.157,1935.241,adaptive_offer,web,7,150,226000,226.0,1570426939784,1.0,True
16,l510,2019-08-29 09:02:54.987,2019-08-29 09:09:51.465,416.478,adaptive_offer,web,5,82,392000,392.0,1570426013565,1.0,True
16,l700,2019-08-30 05:46:14.356,2019-08-30 05:48:39.167,144.811,archive,web,2,191,122000,122.0,1570425434456,1.0,True
16,l700,2019-08-30 05:48:39.719,2019-08-30 05:51:03.884,144.165,archive,web,2,191,122000,122.0,1570425434456,1.0,True
16,l463,2019-08-30 05:51:18.210,2019-08-30 05:54:03.970,165.76,archive,web,3,53,157000,157.0,1570425486721,1.0,True
16,l439,2019-08-30 08:25:51.216,2019-08-30 08:29:43.343,232.127,tutor,web,2,28,211000,211.0,1570425331432,1.0,True
16,l784,2019-08-31 03:11:33.843,2019-08-31 03:14:17.659,163.816,adaptive_offer,web,5,80,156000,156.0,1570426250376,1.0,True
16,l448,2019-09-01 02:08:57.907,2019-09-01 02:12:59.624,241.717,adaptive_offer,web,2,41,177000,177.0,1570425369270,1.0,True
16,l778,2019-09-01 04:17:33.495,2019-09-01 04:21:05.412,211.917,adaptive_offer,web,5,123,206000,206.0,1570426248668,1.0,True
16,l501,2019-09-02 05:23:04.840,2019-09-02 05:26:00.520,175.68,adaptive_offer,web,5,105,181000,181.0,1570425924310,0.9706077348066299,True
16,l501,2019-09-02 05:26:14.007,2019-09-02 05:26:27.028,13.021,adaptive_offer,web,5,105,181000,181.0,1570425924310,0.07193922651933703,True
16,l501,2019-09-02 05:26:33.946,2019-09-02 05:30:05.208,211.262,adaptive_offer,web,5,105,181000,181.0,1570425924310,1.0,True
16,l694,2019-09-04 06:28:24.981,2019-09-04 06:33:29.585,304.604,adaptive_offer,web,2,40,167000,167.0,1570425423548,1.0,True
16,l801,2019-09-05 06:01:00.715,2019-09-05 06:02:18.615,77.9,adaptive_offer,web,5,118,84000,84.0,1570426255331,0.9273809523809524,True
16,l792,2019-09-06 02:42:11.100,2019-09-06 02:42:19.382,8.282,adaptive_offer,web,5,121,154000,154.0,1570426252662,0.05377922077922078,True
16,l871,2019-09-07 04:32:13.152,2019-09-07 04:34:27.675,134.523,adaptive_offer,web,2,35,122000,122.0,1570425458174,1.0,True
16,l699,2019-09-07 04:37:32.631,2019-09-07 05:02:30.070,1497.439,adaptive_offer,web,2,40,146000,146.0,1570425431347,1.0,True
16,l748,2019-09-10 06:31:37.682,2019-09-10 06:39:10.722,453.04,adaptive_offer,web,5,87,197000,197.0,1570426239817,1.0,True
16,l455,2019-09-14 08:05:23.258,2019-09-14 08:13:20.174,476.916,adaptive_offer,web,2,42,191000,191.0,1570425394449,1.0,True
16,l765,2019-09-14 08:45:25.500,2019-09-14 08:49:22.134,236.634,adaptive_offer,web,5,98,131000,131.0,1570426244433,1.0,True
16,l745,2019-09-15 01:06:17.413,2019-09-15 01:10:26.159,248.746,adaptive_offer,web,5,106,245000,245.0,1570426238970,1.0,True
16,l485,2019-09-15 01:28:54.662,2019-09-15 01:32:57.833,243.171,adaptive_offer,web,5,77,190000,190.0,1570425759703,1.0,True
16,l496,2019-09-17 07:22:45.928,2019-09-17 07:27:54.670,308.742,adaptive_offer,web,5,88,305000,305.0,1570425887384,1.0,True
16,l701,2019-09-18 08:34:07.805,2019-09-18 08:35:53.195,105.39,adaptive_offer,web,2,50,128000,128.0,1570425436771,0.823359375,True
16,l744,2019-09-18 10:06:49.670,2019-09-18 10:12:25.675,336.005,adaptive_offer,web,5,74,187000,187.0,1570426238685,1.0,True
16,l758,2019-09-19 00:51:02.941,2019-09-19 00:59:44.165,521.224,archive,web,5,92,232000,232.0,1570426242667,1.0,True
16,l796,2019-09-19 01:02:34.112,2019-09-19 01:02:56.615,22.503,archive,web,5,116,102000,102.0,1570426253837,0.22061764705882353,True
16,l796,2019-09-19 01:04:34.523,2019-09-19 01:06:14.869,100.346,archive,web,5,116,102000,102.0,1570426253837,0.9837843137254902,True
16,l769,2019-09-21 06:10:40.017,2019-09-21 06:15:13.579,273.562,adaptive_offer,web,5,84,126000,126.0,1570426245989,1.0,True
16,l648,2019-09-26 07:17:25.897,2019-09-26 07:24:00.540,394.643,adaptive_offer,web,5,78,258000,258.0,1570425858770,1.0,True
16,l912,2019-10-01 04:37:17.138,2019-10-01 04:37:30.484,13.346,my_note,web,6,119,201000,201.0,1570426796366,0.06639800995024876,True
16,l581,2019-10-01 04:37:33.656,2019-10-01 04:37:46.947,13.291,my_note,web,6,118,202000,202.0,1570426529407,0.0657970297029703,True
16,l582,2019-10-01 04:37:57.323,2019-10-01 04:38:25.466,28.143,my_note,web,6,82,392000,392.0,1570426539783,0.07179336734693878,True
16,l690,2019-10-01 09:20:07.669,2019-10-01 09:21:37.927,90.258,adaptive_offer,web,2,43,116000,116.0,1570425415914,0.7780862068965517,True
16,l743,2019-10-01 10:00:10.001,2019-10-01 10:05:16.116,306.115,adaptive_offer,web,5,86,248000,248.0,1570426237988,1.0,True
16,l606,2019-10-02 09:17:17.697,2019-10-02 09:19:43.024,145.327,adaptive_offer,web,6,122,137000,137.0,1570426665843,1.0,True
16,l500,2019-10-02 10:01:57.649,2019-10-02 10:08:15.261,377.612,archive,web,5,133,153000,153.0,1570425916479,1.0,True
16,l845,2019-10-03 01:01:16.247,2019-10-03 01:07:05.419,349.172,archive,web,0,199,323000,323.0,1570425115528,1.0,True
16,l746,2019-10-03 10:56:14.062,2019-10-03 11:00:23.035,248.973,adaptive_offer,web,5,93,157000,157.0,1570426239251,1.0,True
16,l849,2019-10-04 08:30:09.636,2019-10-04 08:39:02.505,532.869,archive,web,0,200,213000,213.0,1570425116648,1.0,True
16,l525,2019-10-04 08:42:19.115,2019-10-04 08:47:13.507,294.392,adaptive_offer,web,5,138,249000,249.0,1570426101603,1.0,True
16,l770,2019-10-06 06:54:28.087,2019-10-06 06:57:01.025,152.938,adaptive_offer,web,5,74,143000,143.0,1570426246283,1.0,True
16,l649,2019-10-06 09:39:26.502,2019-10-06 09:46:27.822,421.32,adaptive_offer,web,5,120,206000,206.0,1570425892110,1.0,True
16,l757,2019-10-06 09:59:41.640,2019-10-06 10:05:46.633,364.993,adaptive_offer,web,5,94,213000,213.0,1570426242381,1.0,True
16,l527,2019-10-14 09:14:11.538,2019-10-14 09:15:07.042,55.504,adaptive_offer,web,5,135,195000,195.0,1570426108999,0.2846358974358974,True
16,l527,2019-10-14 09:15:24.905,2019-10-14 09:15:26.623,1.718,adaptive_offer,web,5,135,195000,195.0,1570426108999,0.00881025641025641,True
16,l527,2019-10-14 09:15:27.744,2019-10-14 09:18:49.886,202.142,adaptive_offer,web,5,135,195000,195.0,1570426108999,1.0,True
16,l543,2019-10-14 09:20:15.283,2019-10-14 09:24:34.888,259.605,adaptive_offer,web,5,95,253000,253.0,1570426178473,1.0,True
16,l1334,2019-10-23 02:40:21.061,2019-10-23 02:40:31.908,10.847,archive,web,7,295,343000,343.0,1570425101372,0.031623906705539356,True
16,l777,2019-11-01 23:26:52.102,2019-11-01 23:30:04.214,192.112,adaptive_offer,web,5,75,185000,185.0,1570426248361,1.0,True
16,l767,2019-11-05 13:04:22.391,2019-11-05 13:05:18.080,55.689,adaptive_offer,web,5,105,132000,132.0,1570426245006,0.4218863636363636,True
16,l794,2019-11-17 09:41:44.224,2019-11-17 09:43:59.347,135.123,adaptive_offer,web,5,77,134000,134.0,1570426253239,1.0,True
16,l515,2019-11-17 10:30:56.590,2019-11-17 10:36:10.722,314.132,adaptive_offer,web,5,101,200000,200.0,1570426038864,1.0,True
20,l273,2019-05-22 02:07:01.263,2019-05-22 02:07:16.056,14.793,archive,mobile,-1,-1,-1,,-1,,False
20,l38,2019-05-22 02:19:46.685,2019-05-22 02:20:19.713,33.028,archive,mobile,-1,-1,-1,,-1,,False
21,l514,2018-10-30 04:36:03.269,2018-10-30 04:36:06.752,3.483,archive,web,5,129,276000,276.0,1570426033609,0.012619565217391304,True
37,l457,2019-02-18 01:37:25.526,2019-02-18 01:39:56.598,151.072,adaptive_offer,web,2,30,137000,137.0,1542120362682,1.0,True
37,l464,2019-03-28 08:43:15.902,2019-03-28 08:43:35.445,19.543,adaptive_offer,web,3,52,181000,181.0,1570425490998,0.10797237569060773,True
48,l811,2019-06-26 03:03:45.660,2019-06-26 03:07:15.053,209.393,tutor,mobile,7,148,167000,167.0,1570426904087,1.0,True
48,l758,2019-06-26 03:39:31.462,2019-06-26 03:45:21.713,350.251,tutor,mobile,5,92,232000,232.0,1570426242667,1.0,True
48,l487,2019-06-26 04:20:41.808,2019-06-26 04:26:19.099,337.291,tutor,mobile,5,85,222000,222.0,1570425800647,1.0,True
48,l812,2019-06-26 04:28:39.499,2019-06-26 04:32:03.679,204.18,tutor,mobile,7,153,176000,176.0,1570426907322,1.0,True
48,l719,2019-06-26 06:26:54.350,2019-06-26 06:33:22.732,388.382,tutor,mobile,3,56,358000,358.0,1570425513426,1.0,True
48,l492,2019-06-26 06:33:22.826,2019-06-26 06:36:47.502,204.676,tutor,mobile,5,98,196000,196.0,1570425848140,1.0,True
48,l485,2019-06-26 06:54:54.933,2019-06-26 06:58:16.641,201.708,adaptive_offer,mobile,5,77,190000,190.0,1570425759703,1.0,True
49,l734,2019-06-21 02:55:09.222,2019-06-21 02:55:30.444,21.222,archive,web,4,52,322000,322.0,1570425719029,0.06590683229813665,True
49,l734,2019-06-25 07:17:12.833,2019-06-25 07:18:27.836,75.003,archive,web,4,52,322000,322.0,1570425719029,0.23292857142857143,True
49,l766,2019-06-26 03:22:44.298,2019-06-26 03:24:51.096,126.798,tutor,mobile,5,88,109000,109.0,1570426244715,1.0,True
49,l468,2019-07-01 12:43:01.174,2019-07-01 12:47:18.887,257.713,tutor,mobile,4,61,209000,209.0,1570425573318,1.0,True
49,l468,2019-07-01 12:49:34.822,2019-07-01 12:54:10.163,275.341,tutor,mobile,4,61,209000,209.0,1570425573318,1.0,True
49,l441,2019-07-01 13:03:03.249,2019-07-01 13:07:47.996,284.747,tutor,mobile,2,36,253000,253.0,1570425340117,1.0,True
49,l443,2019-07-02 02:16:40.945,2019-07-02 02:20:29.471,228.526,tutor,mobile,2,31,219000,219.0,1570425349307,1.0,True
49,l440,2019-07-02 02:27:30.863,2019-07-02 02:28:21.312,50.449,tutor,mobile,2,38,248000,248.0,1570425335816,0.20342338709677418,True
49,l440,2019-07-02 02:29:46.807,2019-07-02 02:33:47.274,240.467,tutor,mobile,2,38,248000,248.0,1570425335816,0.9696250000000001,True
50,l457,2018-11-03 04:27:07.307,2018-11-03 04:29:37.003,149.696,adaptive_offer,mobile,2,30,137000,137.0,1542120362682,1.0,True
50,l530,2018-11-05 01:53:10.490,2018-11-05 02:01:24.278,493.788,adaptive_offer,mobile,5,124,242000,242.0,1570426124003,1.0,True
50,l449,2018-11-05 02:08:58.186,2018-11-05 02:12:15.557,197.371,adaptive_offer,mobile,2,50,224000,224.0,1570425374032,0.8811205357142857,True
50,l530,2018-11-10 12:26:11.581,2018-11-10 12:47:53.215,1301.634,my_note,mobile,5,124,242000,242.0,1570426124003,1.0,True
50,l537,2018-11-13 04:26:41.195,2018-11-13 04:28:23.520,102.325,adaptive_offer,mobile,5,91,152000,152.0,1570426152257,0.6731907894736843,True
50,l528,2019-04-16 03:39:28.839,2019-04-16 03:42:14.977,166.138,adaptive_offer,mobile,5,89,193000,193.0,1570426112193,0.8608186528497409,True
50,l548,2019-04-18 13:41:46.667,2019-04-18 13:52:10.406,623.739,adaptive_offer,web,5,110,133000,133.0,1570426205581,1.0,True
50,l750,2019-04-18 13:59:28.638,2019-04-18 14:12:07.095,758.457,adaptive_offer,web,5,124,216000,216.0,1570426240381,1.0,True
50,l547,2019-04-18 14:20:08.277,2019-04-18 14:25:38.234,329.957,adaptive_offer,web,5,126,172000,172.0,1570426201559,1.0,True
50,l517,2019-04-18 14:27:10.279,2019-04-18 14:44:14.681,1024.402,adaptive_offer,web,5,72,207000,207.0,1570426060519,1.0,True
50,l516,2019-04-21 06:57:16.468,2019-04-21 07:04:55.438,458.97,adaptive_offer,web,5,130,326000,326.0,1570426055160,1.0,True
50,l516,2019-04-21 07:06:40.252,2019-04-21 07:17:06.877,626.625,adaptive_offer,web,5,130,326000,326.0,1570426055160,1.0,True
50,l505,2019-04-21 07:18:02.604,2019-04-21 07:28:10.060,607.456,adaptive_offer,web,5,100,194000,194.0,1570425960623,1.0,True
50,l516,2019-04-21 08:39:36.334,2019-04-21 08:42:00.697,144.363,my_note,web,5,130,326000,326.0,1570426055160,0.4428312883435583,True
50,l516,2019-04-22 12:19:52.099,2019-04-22 12:20:14.707,22.608,my_note,web,5,130,326000,326.0,1570426055160,0.06934969325153374,True
50,l542,2019-04-22 12:47:38.396,2019-04-22 12:53:32.771,354.375,adaptive_offer,web,5,125,251000,251.0,1570426173713,1.0,True
50,l488,2019-04-24 12:34:09.455,2019-04-24 12:41:28.288,438.833,adaptive_offer,web,5,76,264000,264.0,1570425815178,1.0,True
50,l801,2019-04-24 12:48:28.222,2019-04-24 12:55:46.395,438.173,adaptive_offer,web,5,118,84000,84.0,1570426255331,1.0,True
50,l648,2019-04-27 05:26:49.712,2019-04-27 05:34:04.322,434.61,adaptive_offer,web,5,78,258000,258.0,1570425858770,1.0,True
50,l540,2019-04-27 05:34:58.703,2019-04-27 05:43:42.572,523.869,adaptive_offer,web,5,137,283000,283.0,1570426165008,1.0,True
50,l538,2019-04-30 14:37:11.157,2019-04-30 14:46:45.032,573.875,adaptive_offer,web,5,132,258000,258.0,1570426156519,1.0,True
50,l504,2019-05-02 04:46:04.087,2019-05-02 04:47:10.156,66.069,adaptive_offer,mobile,5,103,263000,263.0,1570425956244,0.251212927756654,True
50,l504,2019-05-02 04:47:20.119,2019-05-02 04:51:43.837,263.718,adaptive_offer,mobile,5,103,263000,263.0,1570425956244,1.0,True
50,l489,2019-05-02 12:59:01.157,2019-05-02 13:10:56.650,715.493,adaptive_offer,web,5,83,381000,381.0,1570425826196,1.0,True
50,l793,2019-05-03 10:46:15.320,2019-05-03 10:49:19.297,183.977,adaptive_offer,web,5,72,157000,157.0,1570426252948,1.0,True
50,l495,2019-05-07 12:06:34.897,2019-05-07 12:11:25.753,290.856,adaptive_offer,web,5,119,261000,261.0,1570425877560,1.0,True
50,l514,2019-05-08 12:52:26.325,2019-05-08 13:07:52.088,925.763,adaptive_offer,web,5,129,276000,276.0,1570426033609,1.0,True
50,l496,2019-05-08 13:09:27.947,2019-05-08 13:33:21.377,1433.43,adaptive_offer,web,5,88,305000,305.0,1570425887384,1.0,True
50,l523,2019-05-09 12:24:46.799,2019-05-09 12:26:37.911,111.112,adaptive_offer,web,5,116,236000,236.0,1570426094022,0.4708135593220339,True
50,l523,2019-05-09 12:35:05.894,2019-05-09 12:40:46.173,340.279,adaptive_offer,web,5,116,236000,236.0,1570426094022,1.0,True
50,l778,2019-05-10 11:12:45.505,2019-05-10 11:16:24.075,218.57,adaptive_offer,web,5,123,206000,206.0,1570426248668,1.0,True
50,l494,2019-05-12 04:31:03.632,2019-05-12 04:39:13.718,490.086,adaptive_offer,web,5,134,268000,268.0,1570425872135,1.0,True
50,l790,2019-05-12 04:42:49.735,2019-05-12 04:45:34.325,164.59,adaptive_offer,web,5,103,159000,159.0,1570426252087,1.0,True
50,l521,2019-05-14 11:22:12.239,2019-05-14 11:35:16.873,784.634,adaptive_offer,web,5,81,393000,393.0,1570426080187,1.0,True
50,l485,2019-05-14 11:36:43.943,2019-05-14 11:42:45.818,361.875,adaptive_offer,web,5,77,190000,190.0,1570425759703,1.0,True
50,l506,2019-05-14 12:12:11.387,2019-05-14 12:18:28.868,377.481,adaptive_offer,web,5,106,226000,226.0,1570425969459,1.0,True
50,l499,2019-05-14 12:21:31.499,2019-05-14 12:28:47.813,436.314,adaptive_offer,web,5,73,269000,269.0,1570425908192,1.0,True
50,l776,2019-05-15 11:51:58.729,2019-05-15 11:54:58.423,179.694,adaptive_offer,web,5,78,148000,148.0,1570426248073,1.0,True
50,l522,2019-05-15 11:55:41.243,2019-05-15 12:09:48.474,847.231,adaptive_offer,web,5,114,370000,370.0,1570426087969,1.0,True
50,l754,2019-05-19 05:19:40.912,2019-05-19 05:25:31.313,350.401,adaptive_offer,web,5,88,206000,206.0,1570426241554,1.0,True
50,l775,2019-05-19 05:26:34.490,2019-05-19 05:30:33.041,238.551,adaptive_offer,web,5,76,186000,186.0,1570426247778,1.0,True
50,l510,2019-05-19 06:39:24.398,2019-05-19 06:50:53.242,688.844,adaptive_offer,web,5,82,392000,392.0,1570426013565,1.0,True
50,l796,2019-05-20 11:39:24.443,2019-05-20 11:46:19.464,415.021,adaptive_offer,web,5,116,102000,102.0,1570426253837,1.0,True
50,l765,2019-05-20 11:48:15.575,2019-05-20 11:50:41.747,146.172,adaptive_offer,web,5,98,131000,131.0,1570426244433,1.0,True
50,l491,2019-05-21 12:25:35.592,2019-05-21 12:26:46.345,70.753,adaptive_offer,web,5,86,187000,187.0,1570425841330,0.37835828877005345,True
50,l532,2019-05-23 10:58:11.864,2019-05-23 11:00:52.670,160.806,adaptive_offer,web,5,104,134000,134.0,1570426130381,1.0,True
50,l490,2019-05-26 05:13:23.520,2019-05-26 05:28:54.543,931.023,adaptive_offer,web,5,71,342000,342.0,1570425831964,1.0,True
50,l766,2019-05-27 11:30:46.145,2019-05-27 11:33:41.826,175.681,adaptive_offer,web,5,88,109000,109.0,1570426244715,1.0,True
50,l794,2019-05-28 11:24:45.154,2019-05-28 11:30:48.445,363.291,adaptive_offer,web,5,77,134000,134.0,1570426253239,1.0,True
50,l744,2019-05-29 12:34:43.020,2019-05-29 12:35:58.774,75.754,adaptive_offer,web,5,74,187000,187.0,1570426238685,0.4051016042780749,True
50,l524,2019-05-29 12:36:38.093,2019-05-29 12:41:47.640,309.547,adaptive_offer,web,5,87,256000,256.0,1570426097984,1.0,True
50,l745,2019-05-30 10:37:56.662,2019-05-30 10:42:31.365,274.703,adaptive_offer,web,5,106,245000,245.0,1570426238970,1.0,True
50,l507,2019-05-31 04:48:05.033,2019-05-31 04:58:25.098,620.065,adaptive_offer,mobile,5,84,300000,300.0,1570425988513,1.0,True
50,l513,2019-06-03 04:44:00.605,2019-06-03 04:44:18.781,18.176,adaptive_offer,mobile,5,121,273000,273.0,1570426028788,0.06657875457875458,True
50,l513,2019-06-03 04:44:55.719,2019-06-03 04:55:13.883,618.164,adaptive_offer,mobile,5,121,273000,273.0,1570426028788,1.0,True
50,l742,2019-06-07 12:48:15.017,2019-06-07 12:52:02.161,227.144,adaptive_offer,web,5,71,193000,193.0,1570426237264,1.0,True
50,l788,2019-06-07 12:53:06.847,2019-06-07 12:58:00.001,293.154,adaptive_offer,web,5,82,185000,185.0,1570426251507,1.0,True
50,l786,2019-06-08 05:58:35.894,2019-06-08 06:03:02.694,266.8,adaptive_offer,web,5,114,234000,234.0,1570426250942,1.0,True
50,l786,2019-06-08 06:03:12.419,2019-06-08 06:03:54.486,42.067,adaptive_offer,web,5,114,234000,234.0,1570426250942,0.17977350427350428,True
50,l786,2019-06-08 06:06:29.991,2019-06-08 06:08:56.231,146.24,adaptive_offer,web,5,114,234000,234.0,1570426250942,0.624957264957265,True
50,l786,2019-06-08 06:17:33.606,2019-06-08 06:17:48.834,15.228,my_note,web,5,114,234000,234.0,1570426250942,0.06507692307692307,True
50,l511,2019-06-09 06:14:05.484,2019-06-09 06:19:19.241,313.757,adaptive_offer,web,5,80,261000,261.0,1570426019867,1.0,True
50,l752,2019-06-10 11:23:02.718,2019-06-10 11:32:56.700,593.982,adaptive_offer,web,5,85,270000,270.0,1570426240967,1.0,True
50,l629,2019-06-11 12:33:18.538,2019-06-11 12:39:40.268,381.73,adaptive_offer,web,6,143,267000,267.0,1570426775319,1.0,True
50,l781,2019-06-12 12:21:07.523,2019-06-12 12:24:14.119,186.596,adaptive_offer,web,5,83,165000,165.0,1570426249527,1.0,True
50,l802,2019-06-12 12:25:18.318,2019-06-12 12:27:46.224,147.906,adaptive_offer,web,5,73,131000,131.0,1570426255617,1.0,True
50,l606,2019-06-13 13:22:23.094,2019-06-13 13:25:40.491,197.397,adaptive_offer,web,6,122,137000,137.0,1570426665843,1.0,True
50,l809,2019-06-16 07:03:46.093,2019-06-16 07:11:03.591,437.498,adaptive_offer,web,6,143,340000,340.0,1570426838329,1.0,True
50,l619,2019-06-16 07:13:17.550,2019-06-16 07:15:25.808,128.258,adaptive_offer,web,6,126,172000,172.0,1570426729984,0.745686046511628,True
50,l810,2019-06-16 07:17:56.047,2019-06-16 07:21:15.332,199.285,adaptive_offer,web,6,143,406000,406.0,1570426840596,0.4908497536945813,True
50,l885,2019-06-17 12:50:40.069,2019-06-17 12:50:56.533,16.464,archive,web,7,196,446000,446.0,1570427005691,0.03691479820627802,True
50,l559,2019-06-19 04:33:46.008,2019-06-19 04:36:22.582,156.574,adaptive_offer,web,6,85,222000,222.0,1570426319947,0.7052882882882884,True
50,l470,2019-06-23 05:07:18.539,2019-06-23 05:10:21.688,183.149,adaptive_offer,web,4,62,176000,176.0,1570425604463,1.0,True
50,l718,2019-06-24 13:05:02.809,2019-06-24 13:21:44.922,1002.113,archive,web,3,53,390000,390.0,1570425508493,1.0,True
50,l719,2019-06-24 13:21:45.533,2019-06-24 13:29:46.537,481.004,archive,web,3,56,358000,358.0,1570425513426,1.0,True
50,l719,2019-06-24 13:29:47.181,2019-06-24 13:34:54.647,307.466,archive,web,3,56,358000,358.0,1570425513426,0.8588435754189945,True
50,l722,2019-06-24 13:34:55.303,2019-06-24 13:38:33.379,218.076,archive,web,3,52,359000,359.0,1570425528344,0.6074540389972145,True
50,l717,2019-06-24 13:38:33.947,2019-06-24 13:42:29.515,235.568,archive,web,3,55,370000,370.0,1570425504872,0.6366702702702703,True
50,l717,2019-06-24 13:42:30.039,2019-06-24 13:45:55.688,205.649,archive,web,3,55,370000,370.0,1570425504872,0.5558081081081081,True
50,l725,2019-06-24 13:45:55.907,2019-06-24 13:50:28.264,272.357,archive,web,3,57,307000,307.0,1570425540050,0.8871563517915311,True
50,l557,2019-06-25 03:36:32.528,2019-06-25 03:37:32.565,60.037,adaptive_offer,web,6,77,190000,190.0,1570426277691,0.3159842105263158,True
50,l817,2019-06-25 13:22:45.899,2019-06-25 13:24:55.871,129.972,adaptive_offer,web,7,169,255000,255.0,1570426935632,0.5096941176470589,True
50,l769,2019-06-26 04:05:22.491,2019-06-26 04:12:12.383,409.892,archive,web,5,84,126000,126.0,1570426245989,1.0,True
50,l482,2019-06-29 07:54:01.080,2019-06-29 07:54:24.863,23.783,adaptive_offer,web,4,53,212000,212.0,1570425688890,0.11218396226415095,True
50,l739,2019-07-01 12:19:23.702,2019-07-01 12:23:48.671,264.969,archive,web,4,53,277000,277.0,1570425737188,0.9565667870036101,True
50,l731,2019-07-01 12:39:39.903,2019-07-01 12:39:55.314,15.411,adaptive_offer,web,4,53,421000,421.0,1570425707554,0.036605700712589076,True
50,l826,2019-07-02 13:24:27.787,2019-07-02 13:30:11.988,344.201,archive,web,7,146,376000,376.0,1570426978130,0.9154281914893617,True
50,l736,2019-07-03 12:39:24.730,2019-07-03 12:39:37.067,12.337,adaptive_offer,web,4,53,381000,381.0,1570425726951,0.03238057742782152,True
50,l479,2019-07-03 14:07:43.281,2019-07-03 14:07:52.716,9.435,adaptive_offer,web,4,58,184000,184.0,1570425674444,0.05127717391304348,True
50,l484,2019-07-09 12:28:48.558,2019-07-09 12:30:26.139,97.581,adaptive_offer,web,4,54,205000,205.0,1570425698893,0.4760048780487805,True
50,l774,2019-09-06 11:48:52.018,2019-09-06 11:51:55.758,183.74,archive,web,5,119,153000,153.0,1570426247476,1.0,True
50,l542,2019-09-06 11:51:56.407,2019-09-06 11:59:41.165,464.758,archive,web,5,125,251000,251.0,1570426173713,1.0,True
50,l804,2019-09-06 11:59:41.812,2019-09-06 12:04:18.171,276.359,archive,web,5,111,192000,192.0,1570426256213,1.0,True
50,l804,2019-09-06 12:04:44.913,2019-09-06 12:04:55.487,10.574,archive,web,5,111,192000,192.0,1570426256213,0.055072916666666666,True
50,l804,2019-09-06 12:05:17.765,2019-09-06 12:06:01.223,43.458,archive,web,5,111,192000,192.0,1570426256213,0.22634374999999998,True
50,l619,2019-09-06 12:06:09.496,2019-09-06 12:10:09.780,240.284,archive,web,6,126,172000,172.0,1570426729984,1.0,True
50,l528,2019-09-06 12:10:10.472,2019-09-06 12:14:10.591,240.119,archive,web,5,89,193000,193.0,1570426112193,1.0,True
50,l528,2019-09-06 12:14:11.118,2019-09-06 12:16:37.618,146.5,archive,web,5,89,193000,193.0,1570426112193,0.7590673575129534,True
50,l629,2019-09-08 06:37:00.317,2019-09-08 06:41:32.415,272.098,archive,web,6,143,267000,267.0,1570426775319,1.0,True
50,l754,2019-09-08 06:55:28.662,2019-09-08 07:01:39.035,370.373,archive,web,5,88,206000,206.0,1570426241554,1.0,True
50,l801,2019-09-08 07:01:40.336,2019-09-08 07:04:07.661,147.325,archive,web,5,118,84000,84.0,1570426255331,1.0,True
50,l757,2019-09-08 07:04:08.105,2019-09-08 07:11:46.476,458.371,archive,web,5,94,213000,213.0,1570426242381,1.0,True
50,l757,2019-09-08 07:15:02.660,2019-09-08 07:15:15.466,12.806000000000001,archive,web,5,94,213000,213.0,1570426242381,0.060122065727699535,True
50,l629,2019-09-09 12:28:01.713,2019-09-09 12:31:57.701,235.988,archive,web,6,143,267000,267.0,1570426775319,0.8838501872659176,True
50,l809,2019-09-09 12:31:58.266,2019-09-09 12:35:23.462,205.196,archive,web,6,143,340000,340.0,1570426838329,0.6035176470588235,True
50,l792,2019-09-09 13:27:36.021,2019-09-09 13:31:30.790,234.769,archive,web,5,121,154000,154.0,1570426252662,1.0,True
50,l741,2019-09-09 13:31:31.451,2019-09-09 13:43:51.879,740.428,archive,web,5,119,296000,296.0,1570426236702,1.0,True
50,l542,2019-09-09 13:43:52.746,2019-09-09 13:48:21.462,268.716,archive,web,5,125,251000,251.0,1570426173713,1.0,True
50,l804,2019-09-09 13:48:21.962,2019-09-09 13:51:55.176,213.214,archive,web,5,111,192000,192.0,1570426256213,1.0,True
50,l547,2019-09-09 13:51:55.751,2019-09-09 13:57:47.129,351.378,archive,web,5,126,172000,172.0,1570426201559,1.0,True
50,l784,2019-09-10 13:47:57.760,2019-09-10 13:51:21.184,203.424,archive,web,5,80,156000,156.0,1570426250376,1.0,True
50,l579,2019-09-10 13:51:21.905,2019-09-10 13:57:32.256,370.351,archive,web,6,84,300000,300.0,1570426513814,1.0,True
50,l538,2019-09-10 13:57:32.951,2019-09-10 14:02:06.568,273.617,archive,web,5,132,258000,258.0,1570426156519,1.0,True
50,l739,2019-09-11 11:52:13.806,2019-09-11 11:56:30.294,256.488,archive,web,4,53,277000,277.0,1570425737188,0.9259494584837545,True
50,l739,2019-09-11 11:56:31.768,2019-09-11 12:02:10.699,338.931,archive,web,4,53,277000,277.0,1570425737188,1.0,True
50,l735,2019-09-11 12:02:11.424,2019-09-11 12:05:24.050,192.626,archive,web,4,56,320000,320.0,1570425722083,0.60195625,True
50,l730,2019-09-11 12:05:59.079,2019-09-11 12:18:50.530,771.451,archive,web,4,52,351000,351.0,1570425704627,1.0,True
50,l737,2019-09-11 12:18:51.208,2019-09-11 12:21:37.723,166.515,archive,web,4,54,288000,288.0,1570425729930,0.5781770833333333,True
50,l737,2019-09-11 12:21:44.265,2019-09-11 12:21:52.619,8.354,archive,web,4,54,288000,288.0,1570425729930,0.029006944444444443,True
50,l737,2019-09-11 12:21:59.532,2019-09-11 12:23:36.784,97.252,archive,web,4,54,288000,288.0,1570425729930,0.33768055555555554,True
50,l737,2019-09-11 12:23:37.414,2019-09-11 12:27:32.944,235.53,archive,web,4,54,288000,288.0,1570425729930,0.8178125,True
50,l631,2019-10-03 04:48:41.168,2019-10-03 04:53:13.740,272.572,my_note,mobile,7,170,322000,322.0,1570426860369,0.8464968944099379,True
50,l503,2019-10-20 08:07:00.803,2019-10-20 08:11:56.172,295.369,adaptive_offer,web,5,92,295000,295.0,1570425938663,1.0,True
50,l650,2019-10-25 12:42:45.818,2019-10-25 12:49:52.182,426.364,adaptive_offer,web,5,94,320000,320.0,1570425901471,1.0,True
50,l650,2019-10-25 12:50:06.556,2019-10-25 12:53:52.805,226.249,adaptive_offer,web,5,94,320000,320.0,1570425901471,0.707028125,True
50,l650,2019-10-25 12:54:20.798,2019-10-25 12:55:09.522,48.724,adaptive_offer,web,5,94,320000,320.0,1570425901471,0.1522625,True
50,l534,2019-10-25 12:56:16.420,2019-10-25 12:58:32.840,136.42,adaptive_offer,web,5,122,137000,137.0,1570426136407,0.9957664233576642,True
50,l448,2019-10-26 12:00:16.600,2019-10-26 12:01:24.145,67.545,adaptive_offer,web,2,41,177000,177.0,1570425369270,0.38161016949152543,True
51,l332,2019-07-02 03:13:38.776,2019-07-02 03:15:05.604,86.828,archive,mobile,-1,-1,-1,,-1,,False
51,l504,2019-07-02 04:31:17.625,2019-07-02 04:38:03.913,406.288,adaptive_offer,mobile,5,103,263000,263.0,1570425956244,1.0,True
51,l491,2019-07-10 12:31:10.348,2019-07-10 12:33:35.239,144.891,adaptive_offer,mobile,5,86,187000,187.0,1570425841330,0.7748181818181817,True
51,l648,2019-07-11 10:01:43.343,2019-07-11 10:06:16.499,273.156,adaptive_offer,mobile,5,78,258000,258.0,1570425858770,1.0,True
51,l607,2019-07-13 06:32:46.184,2019-07-13 06:36:39.190,233.006,adaptive_offer,mobile,6,99,266000,266.0,1570426670959,0.8759624060150376,True
51,l363,2019-07-13 07:42:55.068,2019-07-13 07:43:44.599,49.531,archive,mobile,-1,-1,-1,,-1,,False
51,l332,2019-07-13 07:43:52.670,2019-07-13 07:44:59.167,66.497,archive,mobile,-1,-1,-1,,-1,,False
52,l438,2019-06-26 03:45:49.501,2019-06-26 03:49:55.283,245.782,tutor,mobile,2,24,225000,225.0,1570425326418,1.0,True
52,l813,2019-06-26 03:49:55.362,2019-06-26 03:52:25.632,150.27,tutor,mobile,7,156,124000,124.0,1570426911341,1.0,True
52,l550,2019-06-26 10:10:46.096,2019-06-26 10:15:12.990,266.894,adaptive_offer,mobile,5,145,223000,223.0,1570426215961,1.0,True
52,l500,2019-06-27 04:54:47.779,2019-06-27 04:57:32.702,164.923,adaptive_offer,mobile,5,133,153000,153.0,1570425916479,1.0,True
52,l501,2019-06-27 05:07:14.317,2019-06-27 05:09:59.349,165.032,adaptive_offer,mobile,5,105,181000,181.0,1570425924310,0.9117790055248619,True
52,l501,2019-06-27 05:10:10.018,2019-06-27 05:11:07.992,57.974,adaptive_offer,mobile,5,105,181000,181.0,1570425924310,0.32029834254143646,True
52,l339,2019-06-27 05:47:49.199,2019-06-27 05:50:28.106,158.907,archive,mobile,-1,-1,-1,,-1,,False
52,l309,2019-06-27 05:50:28.199,2019-06-27 05:53:30.308,182.109,archive,mobile,-1,-1,-1,,-1,,False
52,l550,2019-06-28 10:14:16.393,2019-06-28 10:14:44.222,27.829,adaptive_offer,mobile,5,145,223000,223.0,1570426215961,0.12479372197309417,True
52,l68,2019-06-28 10:16:54.912,2019-06-28 10:20:14.416,199.504,archive,mobile,-1,-1,-1,,-1,,False
52,l361,2019-06-28 10:20:31.231,2019-06-28 10:22:40.089,128.858,archive,mobile,-1,-1,-1,,-1,,False
52,l348,2019-06-28 10:22:40.167,2019-06-28 10:25:43.948,183.781,archive,mobile,-1,-1,-1,,-1,,False
53,l467,2019-06-26 03:58:29.036,2019-06-26 03:59:58.587,89.551,tutor,mobile,4,66,180000,180.0,1570425564629,0.4975055555555556,True
53,l814,2019-06-26 04:48:41.041,2019-06-26 04:52:41.518,240.477,tutor,mobile,7,149,369000,369.0,1570426919229,0.6516991869918699,True
53,l555,2019-06-26 05:22:43.848,2019-06-26 05:22:51.713,7.865,adaptive_offer,mobile,5,136,104000,104.0,1570426233956,0.075625,True
53,l555,2019-06-26 05:23:03.771,2019-06-26 05:27:27.409,263.638,adaptive_offer,mobile,5,136,104000,104.0,1570426233956,1.0,True
53,l555,2019-06-26 05:53:12.065,2019-06-26 05:53:42.962,30.897,adaptive_offer,mobile,5,136,104000,104.0,1570426233956,0.29708653846153843,True
53,l509,2019-06-26 15:20:07.592,2019-06-26 15:24:07.166,239.574,adaptive_offer,mobile,5,118,202000,202.0,1570426003802,1.0,True
53,l494,2019-06-27 02:21:10.255,2019-06-27 02:26:09.067,298.812,adaptive_offer,mobile,5,134,268000,268.0,1570425872135,1.0,True
53,l509,2019-06-29 09:02:59.413,2019-06-29 09:06:36.206,216.793,adaptive_offer,mobile,5,118,202000,202.0,1570426003802,1.0,True
53,l514,2019-07-09 10:19:42.575,2019-07-09 10:25:04.819,322.244,adaptive_offer,mobile,5,129,276000,276.0,1570426033609,1.0,True
53,l485,2019-07-09 10:31:45.870,2019-07-09 10:38:28.322,402.452,adaptive_offer,mobile,5,77,190000,190.0,1570425759703,1.0,True
53,l552,2019-07-09 10:41:23.892,2019-07-09 10:44:19.578,175.686,adaptive_offer,mobile,5,140,176000,176.0,1570426224905,0.9982159090909092,True
53,l552,2019-07-10 13:16:42.154,2019-07-10 13:20:15.766,213.612,adaptive_offer,mobile,5,140,176000,176.0,1570426224905,1.0,True
53,l650,2019-07-10 13:22:02.439,2019-07-10 13:28:06.143,363.704,adaptive_offer,mobile,5,94,320000,320.0,1570425901471,1.0,True
53,l483,2019-07-10 13:51:18.937,2019-07-10 13:55:20.896,241.959,adaptive_offer,mobile,4,52,232000,232.0,1570425692819,1.0,True
53,l479,2019-07-11 08:17:13.219,2019-07-11 08:20:31.459,198.24,adaptive_offer,mobile,4,58,184000,184.0,1570425674444,1.0,True
53,l729,2019-07-11 08:29:33.403,2019-07-11 08:35:12.986,339.583,adaptive_offer,mobile,4,52,329000,329.0,1570425701754,1.0,True
53,l495,2019-07-11 12:31:51.603,2019-07-11 12:36:15.690,264.087,adaptive_offer,mobile,5,119,261000,261.0,1570425877560,1.0,True
53,l517,2019-07-11 12:37:15.179,2019-07-11 12:40:54.370,219.191,adaptive_offer,mobile,5,72,207000,207.0,1570426060519,1.0,True
53,l505,2019-07-11 12:42:16.306,2019-07-11 12:46:10.859,234.553,adaptive_offer,mobile,5,100,194000,194.0,1570425960623,1.0,True
53,l530,2019-07-11 12:47:55.112,2019-07-11 12:52:50.780,295.668,adaptive_offer,mobile,5,124,242000,242.0,1570426124003,1.0,True
53,l535,2019-07-11 12:54:10.393,2019-07-11 12:59:09.080,298.687,adaptive_offer,mobile,5,99,266000,266.0,1570426141639,1.0,True
53,l801,2019-07-11 13:01:21.892,2019-07-11 13:03:30.328,128.436,adaptive_offer,mobile,5,118,84000,84.0,1570426255331,1.0,True
53,l546,2019-07-11 13:16:28.168,2019-07-11 13:19:38.713,190.545,adaptive_offer,mobile,5,79,175000,175.0,1570426196896,1.0,True
53,l524,2019-07-11 13:24:06.724,2019-07-11 13:29:16.345,309.621,adaptive_offer,mobile,5,87,256000,256.0,1570426097984,1.0,True
53,l542,2019-07-11 15:08:45.119,2019-07-11 15:13:42.664,297.545,adaptive_offer,mobile,5,125,251000,251.0,1570426173713,1.0,True
53,l800,2019-07-11 15:15:23.935,2019-07-11 15:18:06.857,162.922,adaptive_offer,mobile,5,134,145000,145.0,1570426255042,1.0,True
53,l512,2019-07-11 15:19:36.820,2019-07-11 15:23:01.515,204.695,adaptive_offer,mobile,5,75,150000,150.0,1570426023606,1.0,True
53,l513,2019-07-11 15:25:13.532,2019-07-11 15:29:50.903,277.371,adaptive_offer,mobile,5,121,273000,273.0,1570426028788,1.0,True
53,l513,2019-07-12 05:46:23.514,2019-07-12 05:51:12.001,288.487,adaptive_offer,mobile,5,121,273000,273.0,1570426028788,1.0,True
53,l525,2019-07-12 05:52:48.790,2019-07-12 05:57:10.684,261.894,adaptive_offer,mobile,5,138,249000,249.0,1570426101603,1.0,True
53,l448,2019-07-12 06:37:00.848,2019-07-12 06:39:22.048,141.2,adaptive_offer,mobile,2,41,177000,177.0,1570425369270,0.7977401129943502,True
53,l448,2019-07-12 06:40:51.580,2019-07-12 06:41:56.580,65.0,adaptive_offer,mobile,2,41,177000,177.0,1570425369270,0.3672316384180791,True
53,l629,2019-07-12 11:19:47.783,2019-07-12 11:24:53.293,305.51,adaptive_offer,mobile,6,143,267000,267.0,1570426775319,1.0,True
53,l457,2019-07-12 13:09:04.619,2019-07-12 13:12:01.249,176.63,adaptive_offer,mobile,2,30,137000,137.0,1542120362682,1.0,True
53,l446,2019-07-12 13:18:36.640,2019-07-12 13:21:46.326,189.686,adaptive_offer,mobile,2,25,171000,171.0,1570425359844,1.0,True
53,l545,2019-07-17 13:09:45.546,2019-07-17 13:17:34.146,468.6,adaptive_offer,mobile,5,90,342000,342.0,1570426191554,1.0,True
53,l529,2019-07-17 13:19:54.048,2019-07-17 13:23:53.898,239.85,adaptive_offer,mobile,5,115,225000,225.0,1570426117691,1.0,True
53,l501,2019-07-17 13:25:10.268,2019-07-17 13:28:49.813,219.545,adaptive_offer,mobile,5,105,181000,181.0,1570425924310,1.0,True
53,l531,2019-07-17 13:39:44.325,2019-07-17 13:43:35.379,231.054,adaptive_offer,mobile,5,113,202000,202.0,1570426126589,1.0,True
53,l504,2019-07-17 13:44:51.230,2019-07-17 13:49:55.087,303.857,adaptive_offer,mobile,5,103,263000,263.0,1570425956244,1.0,True
53,l507,2019-07-17 13:51:01.288,2019-07-17 13:56:29.706,328.418,adaptive_offer,mobile,5,84,300000,300.0,1570425988513,1.0,True
53,l487,2019-07-28 12:00:13.095,2019-07-28 12:04:30.131,257.036,adaptive_offer,mobile,5,85,222000,222.0,1570425800647,1.0,True
54,l816,2019-06-26 04:40:46.041,2019-06-26 04:40:58.536,12.495,tutor,mobile,7,168,158000,158.0,1570426931164,0.07908227848101265,True
54,l547,2019-07-01 07:20:30.032,2019-07-01 07:23:41.638,191.606,adaptive_offer,mobile,5,126,172000,172.0,1570426201559,1.0,True
55,l457,2019-04-12 02:56:10.483,2019-04-12 02:59:12.334,181.851,adaptive_offer,mobile,2,30,137000,137.0,1542120362682,1.0,True
55,l446,2019-04-16 03:42:57.533,2019-04-16 03:45:07.405,129.872,adaptive_offer,mobile,2,25,171000,171.0,1570425359844,0.7594853801169591,True
59,l809,2019-06-26 05:32:34.606,2019-06-26 05:32:46.473,11.867,tutor,mobile,6,143,340000,340.0,1570426838329,0.03490294117647059,True
61,l488,2019-06-26 05:53:43.221,2019-06-26 06:04:09.152,625.931,tutor,mobile,5,76,264000,264.0,1570425815178,1.0,True
61,l453,2019-06-26 06:53:21.360,2019-06-26 06:59:13.988,352.628,adaptive_offer,mobile,2,26,171000,171.0,1570425388464,1.0,True
61,l453,2019-06-26 06:59:18.222,2019-06-26 07:00:38.057,79.835,adaptive_offer,mobile,2,26,171000,171.0,1570425388464,0.4668713450292397,True
64,l474,2019-06-26 06:18:51.557,2019-06-26 06:22:14.694,203.137,tutor,mobile,4,60,252000,252.0,1570425641071,0.8060992063492064,True
64,l527,2019-06-26 06:54:35.692,2019-06-26 07:00:34.827,359.135,tutor,mobile,5,135,195000,195.0,1570426108999,1.0,True
64,l722,2019-06-26 07:03:21.541,2019-06-26 07:09:19.802,358.261,tutor,mobile,3,52,359000,359.0,1570425528344,0.9979415041782731,True
65,l462,2019-06-26 06:44:34.064,2019-06-26 06:46:42.742,128.678,tutor,mobile,3,55,120000,120.0,1570425483199,1.0,True
66,l477,2019-06-26 06:44:36.488,2019-06-26 06:45:39.723,63.235,tutor,mobile,4,67,194000,194.0,1570425669158,0.3259536082474227,True
67,l451,2019-01-18 08:04:06.488,2019-01-18 08:07:53.131,226.643,adaptive_offer,mobile,2,40,215000,215.0,1570425380455,1.0,True
67,l544,2019-01-18 08:42:00.570,2019-01-18 08:45:00.339,179.769,adaptive_offer,mobile,5,97,178000,178.0,1570426181773,1.0,True
67,l311,2019-01-18 08:56:13.883,2019-01-18 08:59:45.696,211.813,archive,mobile,-1,-1,-1,,-1,,False
67,l316,2019-01-18 09:00:14.879,2019-01-18 09:03:01.578,166.699,archive,mobile,-1,-1,-1,,-1,,False
67,l452,2019-01-18 09:36:37.394,2019-01-18 09:40:18.342,220.948,adaptive_offer,mobile,2,48,227000,227.0,1570425384895,0.9733392070484582,True
67,l516,2019-01-18 10:38:54.157,2019-01-18 10:44:44.027,349.87,adaptive_offer,mobile,5,130,326000,326.0,1570426055160,1.0,True
67,l629,2019-01-21 06:40:26.139,2019-01-21 06:45:04.220,278.081,adaptive_offer,mobile,6,143,267000,267.0,1570426775319,1.0,True
67,l629,2019-01-21 06:45:09.427,2019-01-21 06:45:15.387,5.96,adaptive_offer,mobile,6,143,267000,267.0,1570426775319,0.022322097378277152,True
67,l601,2019-01-21 06:54:30.320,2019-01-21 06:58:02.887,212.567,adaptive_offer,mobile,6,115,225000,225.0,1570426647583,0.9447422222222223,True
67,l550,2019-01-21 07:11:34.042,2019-01-21 07:14:07.175,153.133,adaptive_offer,mobile,5,145,223000,223.0,1570426215961,0.6866950672645741,True
67,l560,2019-01-22 06:14:48.170,2019-01-22 06:22:30.768,462.598,adaptive_offer,mobile,6,76,264000,264.0,1570426335335,1.0,True
67,l562,2019-01-22 06:56:03.195,2019-01-22 07:01:55.829,352.634,adaptive_offer,mobile,6,71,342000,342.0,1570426354010,1.0,True
67,l523,2019-01-22 07:03:29.016,2019-01-22 07:07:59.739,270.723,adaptive_offer,mobile,5,116,236000,236.0,1570426094022,1.0,True
67,l496,2019-01-22 07:15:23.335,2019-01-22 07:20:16.622,293.287,adaptive_offer,mobile,5,88,305000,305.0,1570425887384,0.9615967213114753,True
67,l553,2019-01-22 07:33:11.919,2019-01-22 07:35:08.948,117.029,adaptive_offer,mobile,5,102,110000,110.0,1570426227166,1.0,True
67,l473,2019-01-22 07:52:01.958,2019-01-22 07:54:45.337,163.379,adaptive_offer,mobile,4,65,158000,158.0,1570425631532,1.0,True
67,l479,2019-01-22 07:58:10.447,2019-01-22 08:01:22.383,191.936,adaptive_offer,mobile,4,58,184000,184.0,1570425674444,1.0,True
67,l488,2019-01-22 10:21:43.259,2019-01-22 10:22:05.249,21.99,adaptive_offer,mobile,5,76,264000,264.0,1570425815178,0.08329545454545453,True
67,l526,2019-01-22 10:28:40.530,2019-01-22 10:30:21.599,101.069,adaptive_offer,mobile,5,128,154000,154.0,1570426104854,0.6562922077922078,True
67,l449,2019-01-23 08:15:55.053,2019-01-23 08:18:30.209,155.156,adaptive_offer,mobile,2,50,224000,224.0,1570425374032,0.6926607142857143,True
67,l464,2019-01-23 08:42:42.120,2019-01-23 08:45:49.989,187.869,adaptive_offer,mobile,3,52,181000,181.0,1570425490998,1.0,True
67,l809,2019-01-23 08:48:36.925,2019-01-23 08:55:14.107,397.182,adaptive_offer,mobile,6,143,340000,340.0,1570426838329,1.0,True
67,l810,2019-01-23 09:36:13.453,2019-01-23 09:41:08.909,295.456,adaptive_offer,mobile,6,143,406000,406.0,1570426840596,0.7277241379310345,True
67,l456,2019-01-23 10:23:35.941,2019-01-23 10:26:04.412,148.471,adaptive_offer,mobile,2,23,177000,177.0,1542120362641,0.8388192090395481,True
67,l801,2019-01-23 10:37:51.024,2019-01-23 10:39:24.779,93.755,adaptive_offer,mobile,5,118,84000,84.0,1570426255331,1.0,True
67,l540,2019-01-25 08:45:27.879,2019-01-25 08:48:33.585,185.706,adaptive_offer,mobile,5,137,283000,283.0,1570426165008,0.6562049469964664,True
67,l482,2019-01-28 07:54:22.691,2019-01-28 07:58:06.349,223.658,adaptive_offer,mobile,4,53,212000,212.0,1570425688890,1.0,True
67,l465,2019-01-28 08:14:13.225,2019-01-28 08:17:03.209,169.984,adaptive_offer,mobile,3,54,165000,165.0,1570425497875,1.0,True
67,l791,2019-01-28 08:46:51.329,2019-01-28 08:49:14.390,143.061,adaptive_offer,mobile,5,107,132000,132.0,1570426252376,1.0,True
67,l519,2019-01-28 08:57:29.832,2019-01-28 09:01:14.169,224.337,adaptive_offer,mobile,5,93,239000,239.0,1570426068361,0.9386485355648535,True
67,l535,2019-01-28 09:14:23.418,2019-01-28 09:18:18.799,235.381,adaptive_offer,mobile,5,99,266000,266.0,1570426141639,0.884890977443609,True
67,l785,2019-01-28 09:19:32.706,2019-01-28 09:22:24.469,171.763,adaptive_offer,mobile,5,130,172000,172.0,1570426250662,0.9986220930232559,True
67,l457,2019-01-29 07:03:08.158,2019-01-29 07:05:35.394,147.236,adaptive_offer,mobile,2,30,137000,137.0,1542120362682,1.0,True
67,l784,2019-06-03 09:52:44.971,2019-06-03 09:54:35.991,111.02,archive,web,5,80,156000,156.0,1570426250376,0.7116666666666667,True
67,l615,2019-06-03 09:54:53.976,2019-06-03 09:59:29.272,275.296,archive,web,6,95,253000,253.0,1570426707717,1.0,True
67,l567,2019-06-05 07:09:48.207,2019-06-05 07:14:25.181,276.974,adaptive_offer,web,6,119,261000,261.0,1570426402220,1.0,True
67,l588,2019-06-05 07:42:49.906,2019-06-05 07:46:49.459,239.553,adaptive_offer,web,6,130,326000,326.0,1570426582298,0.7348251533742332,True
67,l589,2019-06-05 07:56:33.259,2019-06-05 07:59:52.400,199.141,adaptive_offer,web,6,72,207000,207.0,1570426587503,0.9620338164251208,True
67,l602,2019-06-05 09:41:08.519,2019-06-05 09:43:29.621,141.102,adaptive_offer,web,6,124,-1,,1570426653847,,False
67,l918,2019-06-05 09:45:17.954,2019-06-05 09:47:41.722,143.768,adaptive_offer,web,6,83,198000,198.0,1570426814852,0.7261010101010101,True
67,l916,2019-06-10 09:46:31.225,2019-06-10 09:51:40.087,308.862,adaptive_offer,web,6,85,219000,219.0,1570426809527,1.0,True
67,l921,2019-06-10 11:42:23.106,2019-06-10 11:42:28.491,5.385,adaptive_offer,web,6,86,309000,309.0,1570426824089,0.017427184466019416,True
67,l582,2019-06-10 14:31:07.824,2019-06-10 14:37:55.213,407.389,adaptive_offer,web,6,82,392000,392.0,1570426539783,1.0,True
67,l911,2019-06-11 06:31:24.842,2019-06-11 06:33:58.045,153.203,adaptive_offer,web,6,77,195000,195.0,1570426793274,0.7856564102564103,True
67,l910,2019-06-11 07:06:21.162,2019-06-11 07:06:46.919,25.757,adaptive_offer,web,6,134,224000,224.0,1570426789068,0.11498660714285715,True
67,l581,2019-06-11 07:12:23.287,2019-06-11 07:15:32.500,189.213,adaptive_offer,web,6,118,202000,202.0,1570426529407,0.9366980198019802,True
67,l818,2019-06-13 07:54:59.970,2019-06-13 07:57:11.184,131.214,adaptive_offer,web,7,150,226000,226.0,1570426939784,0.5805929203539822,True
67,l813,2019-06-17 05:53:25.312,2019-06-17 05:55:30.582,125.27,adaptive_offer,web,7,156,124000,124.0,1570426911341,1.0,True
67,l884,2019-06-17 06:43:06.527,2019-06-17 06:44:26.407,79.88,adaptive_offer,web,2,40,107000,107.0,1570425462117,0.7465420560747663,True
67,l495,2019-06-19 10:52:47.014,2019-06-19 10:52:51.486,4.4719999999999995,adaptive_offer,web,5,119,261000,261.0,1570425877560,0.017134099616858234,True
67,l915,2019-07-09 06:18:44.731,2019-07-09 06:21:32.066,167.335,adaptive_offer,web,6,88,186000,186.0,1570426805679,0.8996505376344086,True
67,l814,2019-07-24 11:06:15.161,2019-07-24 11:08:56.030,160.869,adaptive_offer,web,7,149,369000,369.0,1570426919229,0.4359593495934959,True
67,l815,2019-07-24 11:17:14.847,2019-07-24 11:20:01.638,166.791,adaptive_offer,web,7,151,162000,162.0,1570426926500,1.0,True
70,l719,2019-06-26 07:01:19.654,2019-06-26 07:02:01.181,41.527,tutor,mobile,3,56,358000,358.0,1570425513426,0.11599720670391062,True
73,l488,2019-06-26 06:57:51.368,2019-06-26 06:58:00.014,8.646,tutor,mobile,5,76,264000,264.0,1570425815178,0.03275,True
73,l774,2019-06-26 07:09:36.084,2019-06-26 07:12:16.690,160.606,tutor,mobile,5,119,153000,153.0,1570426247476,1.0,True
74,l459,2019-06-27 11:06:19.562,2019-06-27 11:08:55.778,156.216,adaptive_offer,mobile,3,57,249000,249.0,1570425467597,0.6273734939759037,True
76,l273,2019-06-24 08:30:31.636,2019-06-24 08:35:16.169,284.533,archive,mobile,-1,-1,-1,,-1,,False
76,l270,2019-06-24 08:41:08.546,2019-06-24 08:46:28.780,320.234,archive,mobile,-1,-1,-1,,-1,,False
76,l9,2019-06-25 02:37:59.510,2019-06-25 02:45:06.271,426.761,archive,mobile,-1,-1,-1,,-1,,False
76,l911,2019-06-26 07:45:32.223,2019-06-26 07:49:03.700,211.477,tutor,mobile,6,77,195000,195.0,1570426793274,1.0,True
76,l464,2019-06-26 07:49:03.789,2019-06-26 07:52:15.524,191.735,tutor,mobile,3,52,181000,181.0,1570425490998,1.0,True
76,l463,2019-06-26 07:58:14.382,2019-06-26 08:01:02.458,168.076,tutor,mobile,3,53,157000,157.0,1570425486721,1.0,True
76,l749,2019-06-26 10:49:35.716,2019-06-26 10:54:03.357,267.641,archive,web,5,95,206000,206.0,1570426240100,1.0,True
76,l721,2019-06-26 11:10:57.989,2019-06-26 11:24:34.936,816.947,adaptive_offer,web,3,52,372000,372.0,1570425523933,1.0,True
76,l447,2019-06-27 16:17:14.198,2019-06-27 16:21:26.385,252.187,adaptive_offer,web,2,33,208000,208.0,1570425364050,1.0,True
76,l456,2019-06-27 16:23:09.257,2019-06-27 16:26:14.588,185.331,adaptive_offer,web,2,23,177000,177.0,1542120362641,1.0,True
76,l504,2019-07-12 07:00:33.526,2019-07-12 07:05:25.493,291.967,archive,mobile,5,103,263000,263.0,1570425956244,1.0,True
76,l1259,2019-07-31 10:07:56.198,2019-07-31 10:08:53.712,57.514,archive,web,1,222,359000,359.0,1570424729123,0.16020612813370474,True
76,l1332,2019-07-31 10:09:14.107,2019-07-31 10:12:04.990,170.883,archive,web,6,254,163000,163.0,1570425080757,1.0,True
76,l1293,2019-07-31 10:12:07.720,2019-07-31 10:16:19.004,251.284,archive,web,5,256,474000,474.0,1570424947500,0.5301350210970464,True
76,l888,2019-08-01 06:14:25.845,2019-08-01 06:18:07.011,221.166,archive,web,2,205,116000,116.0,1570425461267,1.0,True
76,l654,2019-08-05 12:14:02.910,2019-08-05 12:18:07.748,244.838,archive,web,4,187,200000,200.0,1570425114123,1.0,True
76,l549,2019-08-05 12:26:00.781,2019-08-05 12:29:44.270,223.489,adaptive_offer,web,5,109,217000,217.0,1570426211607,1.0,True
76,l457,2019-09-18 03:27:33.384,2019-09-18 03:30:07.625,154.241,adaptive_offer,mobile,2,30,137000,137.0,1542120362682,1.0,True
76,l459,2019-09-22 08:35:43.764,2019-09-22 08:40:51.757,307.993,archive,web,3,57,249000,249.0,1570425467597,1.0,True
76,l463,2019-09-23 09:26:44.245,2019-09-23 09:40:56.258,852.013,archive,web,3,53,157000,157.0,1570425486721,1.0,True
76,l461,2019-09-23 09:40:57.088,2019-09-23 09:47:46.290,409.202,archive,web,3,56,141000,141.0,1570425478377,1.0,True
76,l464,2019-09-23 09:47:47.078,2019-09-23 09:56:37.877,530.799,archive,web,3,52,181000,181.0,1570425490998,1.0,True
76,l853,2019-09-24 10:09:05.044,2019-09-24 10:16:22.026,436.982,archive,web,0,202,257000,257.0,1570425117772,1.0,True
76,l906,2019-09-24 10:16:27.174,2019-09-24 10:23:06.979,399.805,archive,web,0,202,245000,245.0,1570425192107,1.0,True
76,l76,2019-09-25 03:48:15.785,2019-09-25 03:49:37.201,81.416,archive,mobile,-1,-1,-1,,-1,,False
76,l71,2019-09-27 04:12:35.894,2019-09-27 04:18:18.792,342.898,archive,mobile,-1,-1,-1,,-1,,False
76,l77,2019-10-01 02:26:06.996,2019-10-01 02:30:04.095,237.099,archive,mobile,-1,-1,-1,,-1,,False
76,l79,2019-10-01 02:30:06.626,2019-10-01 02:30:45.837,39.211,archive,mobile,-1,-1,-1,,-1,,False
76,l79,2019-10-01 02:30:47.398,2019-10-01 02:33:41.172,173.774,archive,mobile,-1,-1,-1,,-1,,False
76,l270,2019-10-11 03:56:37.382,2019-10-11 04:01:14.448,277.066,archive,mobile,-1,-1,-1,,-1,,False
76,l347,2019-10-11 04:01:20.232,2019-10-11 04:03:35.378,135.146,archive,mobile,-1,-1,-1,,-1,,False
76,l71,2019-10-14 04:00:12.378,2019-10-14 04:03:11.555,179.177,archive,mobile,-1,-1,-1,,-1,,False
76,l71,2019-10-14 04:06:34.367,2019-10-14 04:08:07.848,93.481,archive,mobile,-1,-1,-1,,-1,,False
76,l71,2019-10-14 04:12:21.034,2019-10-14 04:14:59.314,158.28,archive,mobile,-1,-1,-1,,-1,,False
76,l54,2019-10-14 04:20:00.903,2019-10-14 04:21:05.564,64.661,archive,mobile,-1,-1,-1,,-1,,False
76,l115,2019-10-14 04:21:07.282,2019-10-14 04:24:45.086,217.804,archive,mobile,-1,-1,-1,,-1,,False
76,l221,2019-10-14 04:26:25.878,2019-10-14 04:27:31.616,65.738,archive,mobile,-1,-1,-1,,-1,,False
76,l221,2019-10-14 04:28:22.820,2019-10-14 04:31:54.349,211.529,archive,mobile,-1,-1,-1,,-1,,False
76,l275,2019-10-15 03:36:04.760,2019-10-15 03:43:59.374,474.614,archive,mobile,-1,-1,-1,,-1,,False
76,l397,2019-10-15 03:44:15.371,2019-10-15 03:44:26.049,10.678,archive,mobile,-1,-1,-1,,-1,,False
76,l125,2019-10-28 04:49:48.172,2019-10-28 04:54:08.002,259.83,archive,mobile,-1,-1,-1,,-1,,False
76,l509,2019-10-30 20:30:13.236,2019-10-30 20:33:48.902,215.666,adaptive_offer,web,5,118,202000,202.0,1570426003802,1.0,True
76,l499,2019-10-30 20:46:31.796,2019-10-30 20:51:13.979,282.183,adaptive_offer,web,5,73,269000,269.0,1570425908192,1.0,True
76,l487,2019-11-03 03:14:35.627,2019-11-03 03:15:28.719,53.092,adaptive_offer,web,5,85,222000,222.0,1570425800647,0.23915315315315314,True
76,l444,2019-11-08 10:08:03.105,2019-11-08 10:09:44.242,101.137,adaptive_offer,web,2,46,186000,186.0,1570425353074,0.543747311827957,True
78,l445,2019-06-26 07:54:23.416,2019-06-26 07:57:39.651,196.235,tutor,mobile,2,34,224000,224.0,1570425356731,0.8760491071428572,True
78,l476,2019-06-26 07:57:39.735,2019-06-26 07:58:49.231,69.496,tutor,mobile,4,64,149000,149.0,1570425658939,0.4664161073825503,True
78,l476,2019-06-26 07:59:46.734,2019-06-26 08:01:44.723,117.989,tutor,mobile,4,64,149000,149.0,1570425658939,0.7918724832214765,True
78,l765,2019-06-26 08:01:44.784,2019-06-26 08:04:05.650,140.866,tutor,mobile,5,98,131000,131.0,1570426244433,1.0,True
79,l811,2019-06-26 07:47:32.296,2019-06-26 07:51:25.509,233.213,tutor,mobile,7,148,167000,167.0,1570426904087,1.0,True
81,l509,2019-02-04 18:52:32.853,2019-02-04 18:56:15.998,223.145,adaptive_offer,mobile,5,118,202000,202.0,1570426003802,1.0,True
81,l504,2019-02-05 03:22:40.729,2019-02-05 03:22:58.949,18.22,adaptive_offer,mobile,5,103,263000,263.0,1570425956244,0.06927756653992395,True
81,l504,2019-02-05 03:23:01.219,2019-02-05 03:27:48.763,287.544,adaptive_offer,mobile,5,103,263000,263.0,1570425956244,1.0,True
81,l488,2019-02-06 02:51:13.700,2019-02-06 03:00:50.530,576.83,adaptive_offer,mobile,5,76,264000,264.0,1570425815178,1.0,True
81,l532,2019-02-06 03:03:25.322,2019-02-06 03:06:11.562,166.24,adaptive_offer,mobile,5,104,134000,134.0,1570426130381,1.0,True
81,l650,2019-02-06 05:44:54.284,2019-02-06 05:53:04.613,490.329,adaptive_offer,mobile,5,94,320000,320.0,1570425901471,1.0,True
81,l650,2019-02-06 05:55:33.886,2019-02-06 05:57:16.132,102.246,adaptive_offer,mobile,5,94,320000,320.0,1570425901471,0.31951874999999996,True
81,l523,2019-02-06 06:00:43.035,2019-02-06 06:06:44.828,361.793,adaptive_offer,mobile,5,116,236000,236.0,1570426094022,1.0,True
81,l487,2019-02-06 18:24:47.773,2019-02-06 18:31:35.953,408.18,adaptive_offer,mobile,5,85,222000,222.0,1570425800647,1.0,True
81,l649,2019-02-08 18:24:50.560,2019-02-08 18:28:24.591,214.031,adaptive_offer,mobile,5,120,206000,206.0,1570425892110,1.0,True
81,l571,2019-02-09 17:32:55.938,2019-02-09 17:38:03.681,307.743,adaptive_offer,mobile,6,73,269000,269.0,1570426431257,1.0,True
81,l464,2019-02-09 17:46:33.877,2019-02-09 17:48:50.233,136.356,archive,mobile,3,52,181000,181.0,1570425490998,0.7533480662983425,True
81,l463,2019-02-09 17:52:15.286,2019-02-09 17:55:42.677,207.391,archive,mobile,3,53,157000,157.0,1570425486721,1.0,True
81,l679,2019-02-12 16:41:58.526,2019-02-12 16:45:11.637,193.111,adaptive_offer,mobile,1,11,187000,187.0,1570425318701,1.0,True
81,l446,2019-02-14 05:54:07.343,2019-02-14 05:54:22.517,15.174,adaptive_offer,mobile,2,25,171000,171.0,1570425359844,0.08873684210526316,True
81,l446,2019-02-14 05:54:27.763,2019-02-14 05:56:57.959,150.196,adaptive_offer,mobile,2,25,171000,171.0,1570425359844,0.8783391812865496,True
81,l446,2019-02-14 05:57:00.616,2019-02-14 06:00:34.654,214.038,adaptive_offer,mobile,2,25,171000,171.0,1570425359844,1.0,True
81,l742,2019-02-16 06:46:10.446,2019-02-16 06:47:19.538,69.092,adaptive_offer,mobile,5,71,193000,193.0,1570426237264,0.3579896373056995,True
81,l451,2019-02-17 08:41:25.265,2019-02-17 08:41:38.432,13.167,adaptive_offer,mobile,2,40,215000,215.0,1570425380455,0.06124186046511628,True
81,l451,2019-02-17 08:43:27.419,2019-02-17 08:47:24.845,237.426,adaptive_offer,mobile,2,40,215000,215.0,1570425380455,1.0,True
81,l483,2019-02-17 08:53:00.051,2019-02-17 08:56:09.003,188.952,adaptive_offer,mobile,4,52,232000,232.0,1570425692819,0.8144482758620689,True
81,l262,2019-02-19 12:37:12.160,2019-02-19 12:39:08.124,115.964,archive,mobile,-1,-1,-1,,-1,,False
81,l689,2019-02-23 23:16:06.860,2019-02-23 23:19:03.473,176.613,adaptive_offer,mobile,2,35,170000,170.0,1570425414267,1.0,True
81,l511,2019-02-26 14:31:56.368,2019-02-26 14:37:04.720,308.352,adaptive_offer,mobile,5,80,261000,261.0,1570426019867,1.0,True
81,l447,2019-03-22 09:59:54.639,2019-03-22 10:03:30.939,216.3,adaptive_offer,mobile,2,33,208000,208.0,1570425364050,1.0,True
81,l457,2019-06-25 17:22:20.002,2019-06-25 17:24:44.990,144.988,adaptive_offer,mobile,2,30,137000,137.0,1542120362682,1.0,True
81,l871,2019-06-25 17:26:38.938,2019-06-25 17:29:22.795,163.857,adaptive_offer,mobile,2,35,122000,122.0,1570425458174,1.0,True
81,l563,2019-06-26 04:36:46.931,2019-06-26 04:40:12.404,205.473,adaptive_offer,web,6,86,187000,187.0,1570426364940,1.0,True
81,l448,2019-06-26 06:44:25.569,2019-06-26 06:47:27.810,182.241,adaptive_offer,mobile,2,41,177000,177.0,1570425369270,1.0,True
81,l495,2019-06-26 06:48:46.503,2019-06-26 06:50:36.457,109.954,adaptive_offer,mobile,5,119,261000,261.0,1570425877560,0.42127969348659,True
81,l812,2019-06-26 07:52:09.244,2019-06-26 07:55:47.925,218.681,tutor,mobile,7,153,176000,176.0,1570426907322,1.0,True
81,l798,2019-06-26 08:05:02.685,2019-06-26 08:09:08.702,246.017,tutor,mobile,5,135,116000,116.0,1570426254427,1.0,True
81,l816,2019-06-26 08:11:38.185,2019-06-26 08:15:16.412,218.227,tutor,mobile,7,168,158000,158.0,1570426931164,1.0,True
81,l719,2019-06-26 08:28:26.879,2019-06-26 08:35:12.659,405.78,tutor,mobile,3,56,358000,358.0,1570425513426,1.0,True
81,l466,2019-06-26 08:37:51.567,2019-06-26 08:43:40.889,349.322,tutor,mobile,4,59,174000,174.0,1570425558534,1.0,True
81,l791,2019-06-26 15:44:35.029,2019-06-26 15:47:18.325,163.296,tutor,mobile,5,107,132000,132.0,1570426252376,1.0,True
81,l777,2019-06-26 15:50:26.638,2019-06-26 15:54:07.823,221.185,tutor,mobile,5,75,185000,185.0,1570426248361,1.0,True
81,l915,2019-06-26 15:54:07.879,2019-06-26 15:58:13.192,245.313,tutor,mobile,6,88,186000,186.0,1570426805679,1.0,True
81,l474,2019-06-26 15:59:00.391,2019-06-26 16:03:22.274,261.883,tutor,mobile,4,60,252000,252.0,1570425641071,1.0,True
81,l729,2019-06-26 16:33:43.050,2019-06-26 16:33:55.384,12.334,adaptive_offer,mobile,4,52,329000,329.0,1570425701754,0.03748936170212766,True
81,l495,2019-06-27 08:09:27.296,2019-06-27 08:14:05.440,278.144,adaptive_offer,mobile,5,119,261000,261.0,1570425877560,1.0,True
81,l506,2019-06-27 08:15:47.765,2019-06-27 08:15:55.123,7.358,adaptive_offer,mobile,5,106,226000,226.0,1570425969459,0.0325575221238938,True
81,l506,2019-06-27 08:16:56.955,2019-06-27 08:20:58.151,241.196,adaptive_offer,web,5,106,226000,226.0,1570425969459,1.0,True
81,l752,2019-06-27 08:22:22.830,2019-06-27 08:26:04.443,221.613,adaptive_offer,web,5,85,270000,270.0,1570426240967,0.8207888888888889,True
81,l784,2019-06-27 08:28:22.583,2019-06-27 08:30:31.327,128.744,adaptive_offer,web,5,80,156000,156.0,1570426250376,0.8252820512820512,True
81,l790,2019-06-27 08:34:28.961,2019-06-27 08:36:14.961,106.0,adaptive_offer,web,5,103,159000,159.0,1570426252087,0.6666666666666666,True
81,l508,2019-06-27 08:37:18.588,2019-06-27 09:17:25.999,2407.411,adaptive_offer,web,5,96,280000,280.0,1570425999036,1.0,True
81,l563,2019-06-28 14:43:40.739,2019-06-28 14:47:08.034,207.295,tutor,mobile,6,86,187000,187.0,1570426364940,1.0,True
81,l462,2019-06-28 14:48:12.245,2019-06-28 14:50:22.115,129.87,adaptive_offer,mobile,3,55,120000,120.0,1570425483199,1.0,True
81,l729,2019-06-29 07:26:50.145,2019-06-29 07:30:38.477,228.332,adaptive_offer,web,4,52,329000,329.0,1570425701754,0.6940182370820669,True
81,l482,2019-06-29 07:33:52.340,2019-06-29 07:37:08.942,196.602,adaptive_offer,web,4,53,212000,212.0,1570425688890,0.9273679245283019,True
81,l483,2019-06-29 07:41:51.670,2019-06-29 08:15:05.848,1994.178,adaptive_offer,web,4,52,232000,232.0,1570425692819,1.0,True
81,l775,2019-06-29 08:18:42.392,2019-06-29 08:21:20.428,158.036,adaptive_offer,web,5,76,186000,186.0,1570426247778,0.8496559139784946,True
81,l543,2019-06-29 08:25:22.493,2019-06-29 08:25:30.551,8.058,adaptive_offer,web,5,95,253000,253.0,1570426178473,0.0318498023715415,True
82,l9,2019-04-01 15:39:09.329,2019-04-01 15:40:28.627,79.298,archive,mobile,-1,-1,-1,,-1,,False
82,l463,2019-04-02 02:51:17.661,2019-04-02 02:54:09.987,172.326,adaptive_offer,mobile,3,53,157000,157.0,1570425486721,1.0,True
82,l468,2019-04-02 03:11:26.428,2019-04-02 03:15:16.318,229.89,adaptive_offer,mobile,4,61,209000,209.0,1570425573318,1.0,True
82,l316,2019-04-02 06:55:23.527,2019-04-02 06:59:02.456,218.929,archive,mobile,-1,-1,-1,,-1,,False
82,l364,2019-04-02 06:59:21.027,2019-04-02 07:00:52.890,91.863,archive,mobile,-1,-1,-1,,-1,,False
82,l319,2019-04-02 07:01:06.388,2019-04-02 07:07:06.436,360.048,archive,mobile,-1,-1,-1,,-1,,False
82,l351,2019-04-02 07:09:26.140,2019-04-02 07:13:20.023,233.883,archive,mobile,-1,-1,-1,,-1,,False
82,l328,2019-04-02 07:14:04.313,2019-04-02 07:15:59.466,115.153,archive,mobile,-1,-1,-1,,-1,,False
82,l265,2019-04-02 07:16:08.398,2019-04-02 07:24:07.772,479.374,archive,mobile,-1,-1,-1,,-1,,False
82,l271,2019-04-02 07:24:07.848,2019-04-02 07:26:46.632,158.784,archive,mobile,-1,-1,-1,,-1,,False
82,l357,2019-04-02 07:27:25.596,2019-04-02 07:29:47.509,141.913,archive,mobile,-1,-1,-1,,-1,,False
82,l330,2019-04-02 07:29:47.584,2019-04-02 07:32:27.241,159.657,archive,mobile,-1,-1,-1,,-1,,False
82,l314,2019-04-02 07:32:55.310,2019-04-02 07:33:29.841,34.531,archive,mobile,-1,-1,-1,,-1,,False
82,l314,2019-04-02 07:33:34.186,2019-04-02 07:37:38.709,244.523,archive,mobile,-1,-1,-1,,-1,,False
82,l338,2019-04-02 07:37:38.789,2019-04-02 07:40:51.084,192.295,archive,mobile,-1,-1,-1,,-1,,False
82,l344,2019-04-02 07:55:21.670,2019-04-02 07:59:11.545,229.875,archive,mobile,-1,-1,-1,,-1,,False
82,l306,2019-04-02 07:59:11.636,2019-04-02 08:02:28.803,197.167,archive,mobile,-1,-1,-1,,-1,,False
82,l718,2019-04-03 02:00:29.852,2019-04-03 02:08:09.852,460.0,adaptive_offer,mobile,3,53,390000,390.0,1570425508493,1.0,True
82,l347,2019-04-03 04:59:23.052,2019-04-03 05:02:14.221,171.169,archive,mobile,-1,-1,-1,,-1,,False
82,l311,2019-04-03 05:02:17.982,2019-04-03 05:06:49.805,271.823,archive,mobile,-1,-1,-1,,-1,,False
82,l315,2019-04-03 05:43:46.341,2019-04-03 05:46:38.227,171.886,archive,mobile,-1,-1,-1,,-1,,False
82,l320,2019-04-03 05:48:07.933,2019-04-03 05:52:45.211,277.278,archive,mobile,-1,-1,-1,,-1,,False
82,l320,2019-04-03 10:14:05.766,2019-04-03 10:14:31.580,25.814,archive,mobile,-1,-1,-1,,-1,,False
82,l347,2019-04-03 10:14:37.485,2019-04-03 10:15:58.867,81.382,archive,mobile,-1,-1,-1,,-1,,False
82,l311,2019-04-03 10:16:00.723,2019-04-03 10:19:08.128,187.405,archive,mobile,-1,-1,-1,,-1,,False
82,l315,2019-04-03 10:19:10.144,2019-04-03 10:21:48.447,158.303,archive,mobile,-1,-1,-1,,-1,,False
82,l320,2019-04-03 10:21:50.184,2019-04-03 10:24:38.304,168.12,archive,mobile,-1,-1,-1,,-1,,False
82,l322,2019-04-03 10:24:47.007,2019-04-03 10:30:51.631,364.624,archive,mobile,-1,-1,-1,,-1,,False
82,l462,2019-04-04 02:54:48.161,2019-04-04 02:57:44.906,176.745,adaptive_offer,mobile,3,55,120000,120.0,1570425483199,1.0,True
82,l355,2019-04-04 05:38:41.098,2019-04-04 05:41:24.508,163.41,archive,mobile,-1,-1,-1,,-1,,False
82,l289,2019-04-04 05:41:24.575,2019-04-04 05:46:59.424,334.849,archive,mobile,-1,-1,-1,,-1,,False
82,l283,2019-04-04 05:47:04.062,2019-04-04 05:54:00.137,416.075,archive,mobile,-1,-1,-1,,-1,,False
82,l254,2019-04-04 05:54:02.934,2019-04-04 05:58:31.026,268.092,archive,mobile,-1,-1,-1,,-1,,False
82,l560,2019-04-04 23:18:25.862,2019-04-04 23:28:11.909,586.047,adaptive_offer,mobile,6,76,264000,264.0,1570426335335,1.0,True
82,l689,2019-04-05 01:18:11.974,2019-04-05 01:21:14.608,182.634,adaptive_offer,mobile,2,35,170000,170.0,1570425414267,1.0,True
82,l447,2019-04-05 01:25:35.479,2019-04-05 01:29:15.012,219.533,adaptive_offer,mobile,2,33,208000,208.0,1570425364050,1.0,True
82,l464,2019-04-05 18:03:25.903,2019-04-05 18:06:37.986,192.083,adaptive_offer,mobile,3,52,181000,181.0,1570425490998,1.0,True
82,l559,2019-04-06 09:46:44.698,2019-04-06 09:52:05.919,321.221,adaptive_offer,mobile,6,85,222000,222.0,1570426319947,1.0,True
82,l917,2019-04-06 10:09:06.281,2019-04-06 10:13:14.544,248.263,adaptive_offer,mobile,6,76,211000,211.0,1570426812538,1.0,True
82,l571,2019-04-07 12:39:04.351,2019-04-07 12:44:55.627,351.276,adaptive_offer,mobile,6,73,269000,269.0,1570426431257,1.0,True
82,l629,2019-04-07 12:46:35.053,2019-04-07 12:48:05.575,90.522,adaptive_offer,mobile,6,143,267000,267.0,1570426775319,0.33903370786516857,True
82,l629,2019-04-07 14:11:15.608,2019-04-07 14:16:09.522,293.914,adaptive_offer,mobile,6,143,267000,267.0,1570426775319,1.0,True
82,l607,2019-04-09 08:35:19.254,2019-04-09 08:42:18.894,419.64,adaptive_offer,mobile,6,99,266000,266.0,1570426670959,1.0,True
82,l607,2019-04-09 09:35:53.510,2019-04-09 09:36:09.520,16.01,adaptive_offer,mobile,6,99,266000,266.0,1570426670959,0.06018796992481203,True
82,l569,2019-04-09 09:37:35.048,2019-04-09 09:41:41.681,246.633,adaptive_offer,mobile,6,120,206000,206.0,1570426415007,1.0,True
82,l679,2019-04-09 10:23:11.234,2019-04-09 10:26:28.786,197.552,adaptive_offer,mobile,1,11,187000,187.0,1570425318701,1.0,True
82,l544,2019-04-09 10:44:34.319,2019-04-09 10:47:53.906,199.587,adaptive_offer,mobile,5,97,178000,178.0,1570426181773,1.0,True
82,l504,2019-04-11 07:13:03.327,2019-04-11 07:18:31.653,328.326,adaptive_offer,mobile,5,103,263000,263.0,1570425956244,1.0,True
82,l457,2019-04-16 07:28:35.804,2019-04-16 07:31:11.955,156.151,adaptive_offer,mobile,2,30,137000,137.0,1542120362682,1.0,True
82,l455,2019-04-16 07:35:04.084,2019-04-16 07:39:18.163,254.079,adaptive_offer,mobile,2,42,191000,191.0,1570425394449,1.0,True
82,l676,2019-04-24 06:00:33.339,2019-04-24 06:04:49.522,256.183,adaptive_offer,mobile,1,17,204000,204.0,1570425317840,1.0,True
82,l703,2019-04-24 06:07:36.746,2019-04-24 06:11:16.178,219.432,adaptive_offer,mobile,2,33,213000,213.0,1570425440905,1.0,True
82,l509,2019-04-24 09:11:50.853,2019-04-24 09:15:24.188,213.335,adaptive_offer,mobile,5,118,202000,202.0,1570426003802,1.0,True
82,l459,2019-04-27 09:53:47.626,2019-04-27 09:53:53.742,6.116,adaptive_offer,mobile,3,57,249000,249.0,1570425467597,0.024562248995983936,True
82,l459,2019-04-27 09:54:02.581,2019-04-27 09:58:19.012,256.431,adaptive_offer,mobile,3,57,249000,249.0,1570425467597,1.0,True
82,l448,2019-04-28 12:31:25.523,2019-04-28 12:34:32.940,187.417,adaptive_offer,mobile,2,41,177000,177.0,1570425369270,1.0,True
82,l695,2019-04-28 12:36:03.865,2019-04-28 12:38:33.680,149.815,adaptive_offer,mobile,2,41,140000,140.0,1570425424990,1.0,True
82,l589,2019-05-03 05:52:12.959,2019-05-03 05:56:44.789,271.83,adaptive_offer,mobile,6,72,207000,207.0,1570426587503,1.0,True
82,l809,2019-05-03 05:59:51.695,2019-05-03 06:09:22.131,570.436,adaptive_offer,mobile,6,143,340000,340.0,1570426838329,1.0,True
82,l566,2019-05-03 06:22:30.382,2019-05-03 06:37:33.179,902.797,adaptive_offer,mobile,6,134,268000,268.0,1570426396623,1.0,True
82,l557,2019-05-03 06:42:46.935,2019-05-03 06:46:58.816,251.881,adaptive_offer,mobile,6,77,190000,190.0,1570426277691,1.0,True
82,l561,2019-05-03 06:49:28.319,2019-05-03 07:03:01.472,813.153,adaptive_offer,mobile,6,83,381000,381.0,1570426347511,1.0,True
82,l489,2019-05-03 07:14:06.682,2019-05-03 07:14:27.662,20.98,adaptive_offer,mobile,5,83,381000,381.0,1570425826196,0.055065616797900264,True
82,l524,2019-05-03 07:17:22.683,2019-05-03 07:23:02.553,339.87,adaptive_offer,mobile,5,87,256000,256.0,1570426097984,1.0,True
82,l192,2019-05-04 16:38:19.126,2019-05-04 16:44:56.370,397.244,archive,mobile,-1,-1,-1,,-1,,False
82,l193,2019-05-04 16:44:56.443,2019-05-04 16:54:58.419,601.976,archive,mobile,-1,-1,-1,,-1,,False
82,l195,2019-05-04 21:45:05.600,2019-05-04 21:51:26.948,381.348,archive,mobile,-1,-1,-1,,-1,,False
82,l197,2019-05-04 21:51:27.024,2019-05-04 21:57:30.635,363.611,archive,mobile,-1,-1,-1,,-1,,False
82,l190,2019-05-04 21:57:30.704,2019-05-04 22:02:54.791,324.087,archive,mobile,-1,-1,-1,,-1,,False
82,l198,2019-05-04 22:02:54.858,2019-05-04 22:08:27.666,332.808,archive,mobile,-1,-1,-1,,-1,,False
82,l194,2019-05-04 22:09:00.622,2019-05-04 22:16:02.924,422.302,archive,mobile,-1,-1,-1,,-1,,False
82,l147,2019-05-04 22:16:27.975,2019-05-04 22:19:03.156,155.181,archive,mobile,-1,-1,-1,,-1,,False
82,l153,2019-05-04 22:19:03.255,2019-05-04 22:26:22.893,439.638,archive,mobile,-1,-1,-1,,-1,,False
82,l1,2019-05-04 22:27:16.944,2019-05-04 22:29:36.136,139.192,archive,mobile,-1,-1,-1,,-1,,False
82,l159,2019-05-04 22:29:36.222,2019-05-04 22:34:05.938,269.716,archive,mobile,-1,-1,-1,,-1,,False
82,l164,2019-05-04 22:34:06.014,2019-05-04 22:36:50.496,164.482,archive,mobile,-1,-1,-1,,-1,,False
82,l149,2019-05-04 22:37:06.155,2019-05-04 22:39:18.351,132.196,archive,mobile,-1,-1,-1,,-1,,False
82,l157,2019-05-04 22:39:18.421,2019-05-04 22:41:21.369,122.948,archive,mobile,-1,-1,-1,,-1,,False
82,l231,2019-05-08 09:58:40.660,2019-05-08 10:06:28.663,468.003,archive,mobile,-1,-1,-1,,-1,,False
82,l228,2019-05-08 10:06:28.750,2019-05-08 10:11:50.696,321.946,archive,mobile,-1,-1,-1,,-1,,False
82,l229,2019-05-08 10:12:35.546,2019-05-08 10:12:48.226,12.68,archive,mobile,-1,-1,-1,,-1,,False
82,l223,2019-05-08 10:12:55.473,2019-05-08 10:20:55.918,480.445,archive,mobile,-1,-1,-1,,-1,,False
82,l229,2019-05-08 10:34:11.039,2019-05-08 10:39:07.838,296.799,archive,mobile,-1,-1,-1,,-1,,False
82,l230,2019-05-08 10:39:07.924,2019-05-08 10:45:36.355,388.431,archive,mobile,-1,-1,-1,,-1,,False
82,l225,2019-05-08 10:45:44.510,2019-05-08 10:49:58.675,254.165,archive,mobile,-1,-1,-1,,-1,,False
82,l225,2019-05-08 10:52:25.143,2019-05-08 10:55:49.465,204.322,archive,mobile,-1,-1,-1,,-1,,False
82,l918,2019-05-11 16:40:43.574,2019-05-11 16:44:19.655,216.081,adaptive_offer,mobile,6,83,198000,198.0,1570426814852,1.0,True
82,l810,2019-05-13 14:58:22.349,2019-05-13 15:04:45.250,382.901,adaptive_offer,mobile,6,143,406000,406.0,1570426840596,0.9431059113300493,True
82,l442,2019-05-13 15:42:01.752,2019-05-13 15:46:35.599,273.847,archive,mobile,2,44,235000,235.0,1570425345145,1.0,True
82,l443,2019-05-13 15:46:35.679,2019-05-13 15:54:10.928,455.249,archive,mobile,2,31,219000,219.0,1570425349307,1.0,True
82,l692,2019-05-18 09:36:54.215,2019-05-18 09:39:24.797,150.582,adaptive_offer,mobile,2,42,138000,138.0,1570425420043,1.0,True
82,l461,2019-05-18 12:11:26.316,2019-05-18 12:13:59.708,153.392,adaptive_offer,mobile,3,56,141000,141.0,1570425478377,1.0,True
82,l911,2019-05-19 13:12:12.824,2019-05-19 13:16:00.448,227.624,adaptive_offer,mobile,6,77,195000,195.0,1570426793274,1.0,True
82,l704,2019-05-21 10:34:21.414,2019-05-21 10:38:24.854,243.44,adaptive_offer,mobile,2,42,128000,128.0,1570425441943,1.0,True
82,l521,2019-06-03 08:14:07.014,2019-06-03 08:22:22.114,495.1,adaptive_offer,mobile,5,81,393000,393.0,1570426080187,1.0,True
82,l517,2019-06-03 08:25:06.558,2019-06-03 08:28:56.333,229.775,adaptive_offer,mobile,5,72,207000,207.0,1570426060519,1.0,True
82,l869,2019-06-04 06:51:18.675,2019-06-04 06:53:39.912,141.237,adaptive_offer,mobile,2,41,134000,134.0,1570425457613,1.0,True
82,l332,2019-06-04 06:56:24.595,2019-06-04 06:57:44.810,80.215,archive,mobile,-1,-1,-1,,-1,,False
82,l332,2019-06-04 07:19:26.397,2019-06-04 07:21:38.946,132.549,archive,mobile,-1,-1,-1,,-1,,False
82,l363,2019-06-04 07:21:39.041,2019-06-04 07:25:49.383,250.342,archive,mobile,-1,-1,-1,,-1,,False
82,l337,2019-06-04 07:26:05.015,2019-06-04 07:28:45.145,160.13,archive,mobile,-1,-1,-1,,-1,,False
82,l289,2019-06-04 07:28:50.602,2019-06-04 07:29:16.509,25.907,archive,mobile,-1,-1,-1,,-1,,False
82,l289,2019-06-04 07:32:59.639,2019-06-04 07:36:55.013,235.374,archive,mobile,-1,-1,-1,,-1,,False
82,l367,2019-06-05 08:29:35.473,2019-06-05 08:32:54.793,199.32,archive,mobile,-1,-1,-1,,-1,,False
82,l432,2019-06-05 08:32:54.872,2019-06-05 08:35:54.203,179.331,archive,mobile,1,18,-1,,1570425285742,,False
82,l64,2019-06-05 08:35:54.281,2019-06-05 08:39:14.915,200.634,archive,mobile,-1,-1,-1,,-1,,False
82,l415,2019-06-05 08:39:33.172,2019-06-05 08:43:07.658,214.486,archive,mobile,-1,-1,-1,,-1,,False
82,l415,2019-06-05 08:43:44.177,2019-06-05 08:45:38.343,114.166,archive,mobile,-1,-1,-1,,-1,,False
82,l523,2019-06-05 08:54:29.904,2019-06-05 08:58:34.218,244.314,adaptive_offer,mobile,5,116,236000,236.0,1570426094022,1.0,True
82,l355,2019-06-10 06:55:14.413,2019-06-10 06:58:09.177,174.764,archive,mobile,-1,-1,-1,,-1,,False
82,l322,2019-06-10 06:58:16.719,2019-06-10 07:03:37.212,320.493,archive,mobile,-1,-1,-1,,-1,,False
82,l289,2019-06-10 07:03:37.289,2019-06-10 07:07:12.031,214.742,archive,mobile,-1,-1,-1,,-1,,False
82,l289,2019-06-10 07:07:18.199,2019-06-10 07:08:44.451,86.252,archive,mobile,-1,-1,-1,,-1,,False
82,l367,2019-06-10 07:08:52.998,2019-06-10 07:09:15.804,22.806,archive,mobile,-1,-1,-1,,-1,,False
82,l367,2019-06-10 07:09:40.057,2019-06-10 07:09:50.945,10.888,archive,mobile,-1,-1,-1,,-1,,False
82,l367,2019-06-10 07:10:47.417,2019-06-10 07:13:55.381,187.964,archive,mobile,-1,-1,-1,,-1,,False
82,l294,2019-06-10 07:13:55.468,2019-06-10 07:17:02.140,186.672,archive,mobile,-1,-1,-1,,-1,,False
82,l298,2019-06-10 07:17:02.231,2019-06-10 07:21:05.161,242.93,archive,mobile,-1,-1,-1,,-1,,False
82,l483,2019-06-10 07:38:24.458,2019-06-10 07:44:57.244,392.786,adaptive_offer,mobile,4,52,232000,232.0,1570425692819,1.0,True
82,l505,2019-06-11 08:25:41.604,2019-06-11 08:29:31.236,229.632,adaptive_offer,mobile,5,100,194000,194.0,1570425960623,1.0,True
82,l694,2019-06-12 00:22:26.620,2019-06-12 00:25:39.539,192.919,adaptive_offer,mobile,2,40,167000,167.0,1570425423548,1.0,True
82,l720,2019-06-12 08:14:22.634,2019-06-12 08:20:02.353,339.719,adaptive_offer,mobile,3,57,360000,360.0,1570425517441,0.9436638888888889,True
82,l720,2019-06-12 08:21:21.615,2019-06-12 08:23:08.554,106.939,adaptive_offer,mobile,3,57,360000,360.0,1570425517441,0.2970527777777778,True
82,l442,2019-06-12 08:35:18.224,2019-06-12 08:35:33.388,15.164,archive,mobile,2,44,235000,235.0,1570425345145,0.06452765957446809,True
82,l442,2019-06-12 08:37:11.624,2019-06-12 08:38:34.893,83.269,archive,mobile,2,44,235000,235.0,1570425345145,0.354336170212766,True
82,l442,2019-06-12 08:39:51.439,2019-06-12 08:41:49.253,117.814,archive,mobile,2,44,235000,235.0,1570425345145,0.5013361702127659,True
82,l500,2019-06-14 02:12:32.370,2019-06-14 02:15:30.694,178.324,adaptive_offer,mobile,5,133,153000,153.0,1570425916479,1.0,True
82,l540,2019-06-21 05:03:19.968,2019-06-21 05:08:14.992,295.024,adaptive_offer,mobile,5,137,283000,283.0,1570426165008,1.0,True
82,l797,2019-06-21 05:11:46.854,2019-06-21 05:14:41.348,174.494,adaptive_offer,mobile,5,100,110000,110.0,1570426254124,1.0,True
82,l797,2019-06-21 05:45:20.254,2019-06-21 05:47:30.827,130.573,adaptive_offer,mobile,5,100,110000,110.0,1570426254124,1.0,True
82,l491,2019-06-25 01:48:58.364,2019-06-25 01:52:17.489,199.125,adaptive_offer,mobile,5,86,187000,187.0,1570425841330,1.0,True
82,l444,2019-06-27 04:36:55.913,2019-06-27 04:42:23.647,327.734,archive,mobile,2,46,186000,186.0,1570425353074,1.0,True
82,l347,2019-06-27 04:43:16.015,2019-06-27 04:43:26.191,10.176,archive,mobile,-1,-1,-1,,-1,,False
82,l514,2019-06-27 08:41:14.505,2019-06-27 08:44:06.856,172.351,adaptive_offer,mobile,5,129,276000,276.0,1570426033609,0.6244601449275362,True
82,l347,2019-07-03 06:34:48.588,2019-07-03 06:37:34.329,165.741,archive,mobile,-1,-1,-1,,-1,,False
82,l393,2019-07-03 06:47:00.974,2019-07-03 06:52:16.896,315.922,archive,mobile,-1,-1,-1,,-1,,False
82,l729,2019-07-03 13:45:48.884,2019-07-03 13:52:30.967,402.083,adaptive_offer,mobile,4,52,329000,329.0,1570425701754,1.0,True
82,l450,2019-07-09 15:38:52.815,2019-07-09 15:42:45.106,232.291,adaptive_offer,mobile,2,43,215000,215.0,1570425377774,1.0,True
82,l813,2019-07-10 01:00:00.114,2019-07-10 01:02:22.603,142.489,tutor,mobile,7,156,124000,124.0,1570426911341,1.0,True
82,l722,2019-07-13 03:18:45.642,2019-07-13 03:21:50.335,184.693,tutor,mobile,3,52,359000,359.0,1570425528344,0.5144651810584958,True
82,l764,2019-07-14 00:16:45.135,2019-07-14 00:20:18.756,213.621,adaptive_offer,mobile,5,117,196000,196.0,1570426244125,1.0,True
82,l478,2019-09-25 02:03:37.775,2019-09-25 02:06:22.544,164.769,adaptive_offer,mobile,4,57,226000,226.0,1570425671285,0.729066371681416,True
82,l478,2019-09-25 02:07:12.595,2019-09-25 02:09:25.203,132.608,adaptive_offer,mobile,4,57,226000,226.0,1570425671285,0.5867610619469027,True
83,l443,2019-06-26 08:01:57.942,2019-06-26 08:03:50.545,112.603,tutor,mobile,2,31,219000,219.0,1570425349307,0.5141689497716895,True
83,l629,2019-06-29 10:26:20.351,2019-06-29 10:29:16.752,176.401,adaptive_offer,mobile,6,143,267000,267.0,1570426775319,0.6606779026217229,True
84,l879,2019-06-23 15:42:30.863,2019-06-23 15:45:37.887,187.024,archive,web,2,192,126000,126.0,1570425460429,1.0,True
84,l874,2019-06-23 15:45:38.429,2019-06-23 15:48:31.196,172.767,archive,web,2,189,124000,124.0,1570425459010,1.0,True
84,l867,2019-06-23 15:48:31.923,2019-06-23 15:52:04.766,212.843,archive,web,2,190,163000,163.0,1570425457055,1.0,True
84,l707,2019-06-23 15:52:05.323,2019-06-23 15:55:00.014,174.691,archive,web,2,188,130000,130.0,1570425442789,1.0,True
84,l706,2019-06-23 15:55:00.528,2019-06-23 15:58:11.319,190.791,archive,web,2,193,134000,134.0,1570425442509,1.0,True
84,l813,2019-06-26 08:07:30.824,2019-06-26 08:10:20.681,169.857,tutor,mobile,7,156,124000,124.0,1570426911341,1.0,True
84,l653,2019-07-01 04:26:30.783,2019-07-01 04:31:26.848,296.065,archive,web,3,187,187000,187.0,1570425113831,1.0,True
84,l724,2019-07-01 04:32:08.053,2019-07-01 04:32:19.853,11.8,archive,web,3,58,312000,312.0,1570425535921,0.037820512820512825,True
84,l718,2019-07-01 04:32:39.479,2019-07-01 04:47:52.423,912.944,archive,web,3,53,390000,390.0,1570425508493,1.0,True
84,l719,2019-07-01 04:47:53.371,2019-07-01 04:57:15.306,561.935,archive,web,3,56,358000,358.0,1570425513426,1.0,True
84,l721,2019-07-01 04:57:15.837,2019-07-01 05:10:06.235,770.398,archive,web,3,52,372000,372.0,1570425523933,1.0,True
84,l723,2019-07-01 05:10:06.870,2019-07-01 05:18:34.622,507.752,archive,web,3,54,355000,355.0,1570425532350,1.0,True
84,l716,2019-07-01 05:18:35.024,2019-07-01 05:23:56.122,321.098,archive,web,3,55,306000,306.0,1570425501252,1.0,True
84,l724,2019-07-01 05:25:21.668,2019-07-01 07:26:40.903,7279.235,archive,web,3,58,312000,312.0,1570425535921,1.0,True
84,l720,2019-07-01 07:26:41.986,2019-07-01 07:47:03.580,1221.594,archive,web,3,57,360000,360.0,1570425517441,1.0,True
84,l844,2019-07-07 09:08:47.433,2019-07-07 09:12:13.485,206.052,archive,web,0,187,197000,197.0,1542120364192,1.0,True
84,l845,2019-07-07 09:12:33.151,2019-07-07 09:34:14.519,1301.368,archive,web,0,199,323000,323.0,1570425115528,1.0,True
84,l846,2019-07-07 09:40:16.717,2019-07-07 09:46:54.059,397.342,archive,web,0,199,334000,334.0,1570425115808,1.0,True
84,l847,2019-07-07 09:46:55.414,2019-07-07 10:09:06.817,1331.403,archive,web,0,200,253000,253.0,1570425116090,1.0,True
84,l848,2019-07-07 10:09:44.483,2019-07-07 10:11:46.978,122.495,archive,web,0,200,279000,279.0,1570425116369,0.43905017921146955,True
84,l848,2019-07-07 10:16:56.532,2019-07-07 10:25:30.236,513.704,archive,web,0,200,279000,279.0,1570425116369,1.0,True
84,l655,2019-07-07 13:53:20.516,2019-07-07 13:54:29.092,68.576,archive,web,5,187,179000,179.0,1570425114402,0.38310614525139663,True
84,l522,2019-07-07 13:57:28.223,2019-07-07 14:11:01.448,813.225,archive,web,5,114,370000,370.0,1570426087969,1.0,True
84,l786,2019-07-07 14:11:34.060,2019-07-07 14:22:22.368,648.308,archive,web,5,114,234000,234.0,1570426250942,1.0,True
84,l504,2019-07-07 14:31:04.830,2019-07-07 14:41:14.398,609.568,archive,web,5,103,263000,263.0,1570425956244,1.0,True
84,l790,2019-07-07 14:41:15.271,2019-07-07 14:47:13.709,358.438,archive,web,5,103,159000,159.0,1570426252087,1.0,True
84,l533,2019-07-07 14:47:53.471,2019-07-07 15:00:28.175,754.704,archive,web,5,108,132000,132.0,1570426133158,1.0,True
84,l803,2019-07-07 15:00:29.310,2019-07-07 15:06:45.480,376.17,archive,web,5,108,90000,90.0,1570426255912,1.0,True
84,l88,2019-08-10 07:13:35.158,2019-08-10 07:18:36.720,301.562,archive,mobile,-1,-1,-1,,-1,,False
86,l469,2019-06-26 08:24:07.684,2019-06-26 08:29:20.728,313.044,tutor,mobile,4,69,229000,229.0,1570425593560,1.0,True
86,l742,2019-06-26 08:29:20.862,2019-06-26 08:32:55.848,214.986,tutor,mobile,5,71,193000,193.0,1570426237264,1.0,True
86,l811,2019-06-26 08:33:35.892,2019-06-26 08:36:42.925,187.033,tutor,mobile,7,148,167000,167.0,1570426904087,1.0,True
86,l231,2019-06-30 12:59:21.157,2019-06-30 13:04:08.797,287.64,archive,mobile,-1,-1,-1,,-1,,False
86,l228,2019-06-30 13:04:27.033,2019-06-30 13:09:55.935,328.902,archive,mobile,-1,-1,-1,,-1,,False
86,l223,2019-06-30 13:09:59.850,2019-06-30 13:16:51.004,411.154,archive,mobile,-1,-1,-1,,-1,,False
86,l229,2019-06-30 13:17:00.945,2019-06-30 13:19:24.654,143.709,archive,mobile,-1,-1,-1,,-1,,False
86,l229,2019-06-30 13:20:29.599,2019-06-30 13:23:50.751,201.152,archive,mobile,-1,-1,-1,,-1,,False
86,l230,2019-06-30 13:23:54.286,2019-06-30 13:30:08.009,373.723,archive,mobile,-1,-1,-1,,-1,,False
86,l225,2019-06-30 13:30:11.552,2019-06-30 13:37:00.016,408.464,archive,mobile,-1,-1,-1,,-1,,False
86,l235,2019-08-20 05:42:57.768,2019-08-20 05:49:28.159,390.391,archive,mobile,-1,-1,-1,,-1,,False
86,l679,2019-08-20 06:52:17.063,2019-08-20 06:55:34.964,197.901,adaptive_offer,mobile,1,11,187000,187.0,1570425318701,1.0,True
86,l629,2019-08-23 11:55:39.786,2019-08-23 12:00:19.048,279.262,adaptive_offer,mobile,6,143,267000,267.0,1570426775319,1.0,True
86,l561,2019-08-23 12:22:44.169,2019-08-23 12:29:14.991,390.822,adaptive_offer,mobile,6,83,381000,381.0,1570426347511,1.0,True
86,l196,2019-08-25 00:06:22.547,2019-08-25 00:08:13.845,111.298,archive,mobile,-1,-1,-1,,-1,,False
86,l1,2019-08-25 00:08:34.663,2019-08-25 00:10:24.903,110.24,archive,mobile,-1,-1,-1,,-1,,False
86,l162,2019-08-25 00:10:27.393,2019-08-25 00:12:34.713,127.32,archive,mobile,-1,-1,-1,,-1,,False
87,l814,2019-06-26 08:43:10.638,2019-06-26 08:43:24.334,13.696,tutor,mobile,7,149,369000,369.0,1570426919229,0.037116531165311654,True
87,l543,2019-06-27 02:17:30.983,2019-06-27 02:18:06.879,35.896,adaptive_offer,mobile,5,95,253000,253.0,1570426178473,0.1418814229249012,True
89,l443,2019-06-26 09:18:27.291,2019-06-26 09:19:07.882,40.591,tutor,mobile,2,31,219000,219.0,1570425349307,0.18534703196347033,True
89,l177,2019-07-16 04:56:42.256,2019-07-16 04:57:38.346,56.09,archive,mobile,-1,-1,-1,,-1,,False
89,l172,2019-07-17 01:30:53.311,2019-07-17 01:32:49.039,115.728,archive,mobile,-1,-1,-1,,-1,,False
89,l165,2019-07-17 01:32:49.155,2019-07-17 01:37:04.102,254.947,archive,mobile,-1,-1,-1,,-1,,False
90,l530,2019-06-26 22:20:57.150,2019-06-26 22:25:39.751,282.601,adaptive_offer,mobile,5,124,242000,242.0,1570426124003,1.0,True
91,l460,2019-06-26 09:29:34.958,2019-06-26 09:33:19.651,224.693,tutor,mobile,3,58,166000,166.0,1570425474350,1.0,True
91,l439,2019-06-26 09:36:07.303,2019-06-26 09:39:17.159,189.856,tutor,mobile,2,28,211000,211.0,1570425331432,0.8997914691943127,True
94,l752,2019-06-26 09:56:46.645,2019-06-26 10:01:32.465,285.82,tutor,mobile,5,85,270000,270.0,1570426240967,1.0,True
97,l464,2019-06-26 10:28:40.609,2019-06-26 10:31:53.223,192.614,tutor,mobile,3,52,181000,181.0,1570425490998,1.0,True
98,l718,2018-11-09 03:47:59.150,2018-11-09 03:48:05.284,6.134,archive,web,3,53,390000,390.0,1570425508493,0.01572820512820513,True
98,l479,2018-11-11 01:48:55.100,2018-11-11 01:50:42.811,107.711,adaptive_offer,web,4,58,184000,184.0,1570425674444,0.5853858695652174,True
98,l482,2018-11-11 02:53:54.982,2018-11-11 03:01:37.924,462.942,adaptive_offer,web,4,53,212000,212.0,1570425688890,1.0,True
98,l466,2018-11-11 06:14:25.143,2018-11-11 06:19:48.892,323.749,adaptive_offer,web,4,59,174000,174.0,1570425558534,1.0,True
98,l731,2018-11-12 10:06:44.546,2018-11-12 10:06:54.393,9.847,adaptive_offer,web,4,53,421000,421.0,1570425707554,0.023389548693586698,True
98,l478,2018-11-13 07:15:05.663,2018-11-13 07:17:25.050,139.387,adaptive_offer,web,4,57,226000,226.0,1570425671285,0.6167566371681416,True
98,l846,2018-11-15 13:21:57.604,2018-11-15 13:22:06.230,8.626,archive,web,0,199,334000,334.0,1570425115808,0.02582634730538922,True
98,l870,2018-11-15 15:15:48.066,2018-11-15 15:16:35.821,47.755,archive,web,2,191,166000,166.0,1570425457895,0.28768072289156627,True
98,l736,2018-11-15 15:34:52.612,2018-11-15 15:35:00.304,7.692,adaptive_offer,web,4,53,381000,381.0,1570425726951,0.020188976377952757,True
98,l477,2018-11-16 08:58:09.460,2018-11-16 08:59:10.957,61.497,archive,web,4,67,194000,194.0,1570425669158,0.31699484536082473,True
98,l471,2018-11-16 08:59:16.681,2018-11-16 09:03:17.172,240.491,archive,web,4,70,211000,211.0,1570425616097,1.0,True
98,l733,2018-11-16 09:03:23.329,2018-11-16 09:21:57.001,1113.672,archive,web,4,58,459000,459.0,1570425716061,1.0,True
98,l740,2018-11-16 09:22:02.116,2018-11-16 09:27:53.954,351.838,archive,web,4,57,329000,329.0,1570425740092,1.0,True
98,l739,2018-11-16 09:28:04.175,2018-11-16 09:28:15.797,11.622,archive,web,4,53,277000,277.0,1570425737188,0.04195667870036101,True
98,l724,2018-11-16 11:56:32.820,2018-11-16 11:56:45.904,13.084,archive,web,3,58,312000,312.0,1570425535921,0.041935897435897436,True
98,l739,2018-11-16 12:07:45.227,2018-11-16 12:07:49.738,4.511,archive,web,4,53,277000,277.0,1570425737188,0.01628519855595668,True
98,l479,2018-11-17 07:23:18.072,2018-11-17 07:28:18.239,300.167,archive,web,4,58,184000,184.0,1570425674444,1.0,True
98,l483,2018-11-18 03:12:33.504,2018-11-18 03:17:15.438,281.934,adaptive_offer,web,4,52,232000,232.0,1570425692819,1.0,True
98,l483,2018-11-18 04:51:09.802,2018-11-18 04:51:31.673,21.871,adaptive_offer,web,4,52,232000,232.0,1570425692819,0.09427155172413793,True
98,l870,2018-11-24 15:40:19.741,2018-11-24 15:43:04.812,165.071,archive,web,2,191,166000,166.0,1570425457895,0.9944036144578313,True
98,l902,2018-11-25 07:28:21.779,2018-11-25 07:30:35.713,133.934,archive,web,0,200,229000,229.0,1570425190979,0.5848646288209607,True
98,l769,2018-12-10 02:48:32.284,2018-12-10 02:51:10.845,158.561,archive,web,5,84,126000,126.0,1570426245989,1.0,True
98,l738,2018-12-24 18:28:57.105,2018-12-24 18:37:06.758,489.653,archive,web,4,58,370000,370.0,1570425734265,1.0,True
98,l730,2019-01-06 02:35:58.657,2019-01-06 02:44:47.058,528.401,archive,web,4,52,351000,351.0,1570425704627,1.0,True
98,l856,2019-01-06 02:45:38.882,2019-01-06 02:46:23.353,44.471,archive,web,0,203,277000,277.0,1570425118624,0.1605451263537906,True
98,l885,2019-01-06 02:46:42.903,2019-01-06 02:51:32.634,289.731,archive,web,7,196,446000,446.0,1570427005691,0.6496210762331839,True
98,l567,2019-01-06 02:56:46.780,2019-01-06 03:03:49.084,422.304,adaptive_offer,web,6,119,261000,261.0,1570426402220,1.0,True
98,l629,2019-01-06 05:18:46.390,2019-01-06 05:23:51.086,304.696,adaptive_offer,web,6,143,267000,267.0,1570426775319,1.0,True
98,l566,2019-01-06 14:09:05.269,2019-01-06 14:17:29.516,504.247,adaptive_offer,web,6,134,268000,268.0,1570426396623,1.0,True
98,l569,2019-01-07 19:15:16.967,2019-01-07 19:25:38.085,621.118,archive,web,6,120,206000,206.0,1570426415007,1.0,True
98,l629,2019-01-07 19:25:40.103,2019-01-07 19:26:03.348,23.245,archive,web,6,143,267000,267.0,1570426775319,0.08705992509363296,True
98,l617,2019-01-07 19:38:52.011,2019-01-07 19:38:57.371,5.36,archive,web,6,90,342000,342.0,1570426720165,0.015672514619883043,True
98,l570,2019-01-08 13:53:39.459,2019-01-08 13:59:33.947,354.488,archive,web,6,94,320000,320.0,1570426424374,1.0,True
98,l464,2019-01-12 10:17:38.480,2019-01-12 10:18:16.200,37.72,adaptive_offer,web,3,52,181000,181.0,1570425490998,0.2083977900552486,True
98,l464,2019-01-12 21:31:49.399,2019-01-12 21:38:58.989,429.59,adaptive_offer,web,3,52,181000,181.0,1570425490998,1.0,True
98,l464,2019-01-12 21:39:04.397,2019-01-12 21:39:33.528,29.131,adaptive_offer,web,3,52,181000,181.0,1570425490998,0.16094475138121547,True
98,l450,2019-01-27 23:08:57.743,2019-01-27 23:12:42.740,224.997,adaptive_offer,web,2,43,215000,215.0,1570425377774,1.0,True
98,l721,2019-01-28 07:02:17.851,2019-01-28 07:14:32.964,735.113,adaptive_offer,web,3,52,372000,372.0,1570425523933,1.0,True
98,l463,2019-03-21 05:31:21.857,2019-03-21 05:34:07.338,165.481,adaptive_offer,web,3,53,157000,157.0,1570425486721,1.0,True
98,l713,2019-03-22 01:14:45.423,2019-03-22 01:16:59.304,133.881,archive,web,2,30,129000,129.0,1570425456207,1.0,True
98,l878,2019-03-23 04:24:14.586,2019-03-23 04:26:57.565,162.979,archive,web,2,189,109000,109.0,1570425460134,1.0,True
98,l653,2019-03-23 05:06:25.902,2019-03-23 05:06:31.077,5.175,archive,web,3,187,187000,187.0,1570425113831,0.02767379679144385,True
98,l461,2019-03-23 05:06:33.004,2019-03-23 05:07:06.610,33.606,archive,web,3,56,141000,141.0,1570425478377,0.2383404255319149,True
98,l460,2019-03-23 05:24:44.340,2019-03-23 05:28:33.738,229.398,adaptive_offer,web,3,58,166000,166.0,1570425474350,1.0,True
98,l461,2019-03-23 07:05:51.511,2019-03-23 07:08:22.362,150.851,adaptive_offer,web,3,56,141000,141.0,1570425478377,1.0,True
98,l724,2019-03-23 09:08:41.955,2019-03-23 09:27:22.414,1120.459,adaptive_offer,web,3,58,312000,312.0,1570425535921,1.0,True
98,l722,2019-03-24 05:37:10.020,2019-03-24 05:44:10.640,420.62,adaptive_offer,web,3,52,359000,359.0,1570425528344,1.0,True
98,l725,2019-03-24 06:52:28.348,2019-03-24 06:54:52.794,144.446,archive,web,3,57,307000,307.0,1570425540050,0.47050814332247554,True
98,l725,2019-03-24 06:55:45.701,2019-03-24 06:56:38.065,52.364,archive,web,3,57,307000,307.0,1570425540050,0.17056677524429967,True
98,l465,2019-04-07 17:22:06.042,2019-04-07 17:25:00.108,174.066,adaptive_offer,web,3,54,165000,165.0,1570425497875,1.0,True
98,l878,2019-04-10 05:37:28.616,2019-04-10 05:38:41.441,72.825,archive,web,2,189,109000,109.0,1570425460134,0.6681192660550459,True
98,l811,2019-06-26 17:21:09.740,2019-06-26 17:25:03.340,233.6,tutor,mobile,7,148,167000,167.0,1570426904087,1.0,True
98,l485,2019-06-26 17:25:03.451,2019-06-26 17:31:24.971,381.52,tutor,mobile,5,77,190000,190.0,1570425759703,1.0,True
98,l472,2019-06-26 17:32:15.403,2019-06-26 17:40:28.851,493.448,tutor,mobile,4,68,175000,175.0,1570425624064,1.0,True
98,l464,2019-06-26 18:18:31.185,2019-06-26 18:22:03.581,212.396,tutor,mobile,3,52,181000,181.0,1570425490998,1.0,True
98,l492,2019-06-28 10:09:25.347,2019-06-28 10:13:08.425,223.078,adaptive_offer,mobile,5,98,196000,196.0,1570425848140,1.0,True
98,l492,2019-06-28 10:26:31.126,2019-06-28 10:28:28.053,116.927,adaptive_offer,mobile,5,98,196000,196.0,1570425848140,0.5965663265306123,True
98,l813,2019-06-29 05:36:28.462,2019-06-29 05:38:43.267,134.805,tutor,mobile,7,156,124000,124.0,1570426911341,1.0,True
98,l467,2019-06-29 05:44:07.434,2019-06-29 05:48:47.497,280.063,tutor,mobile,4,66,180000,180.0,1570425564629,1.0,True
98,l467,2019-06-29 05:53:07.874,2019-06-29 05:55:01.562,113.688,tutor,mobile,4,66,180000,180.0,1570425564629,0.6316,True
98,l438,2019-06-29 05:58:35.670,2019-06-29 06:03:05.779,270.109,tutor,mobile,2,24,225000,225.0,1570425326418,1.0,True
98,l438,2019-06-29 06:11:03.938,2019-06-29 06:12:40.037,96.099,tutor,mobile,2,24,225000,225.0,1570425326418,0.4271066666666667,True
98,l720,2019-06-29 12:50:16.820,2019-06-29 12:56:41.079,384.259,tutor,mobile,3,57,360000,360.0,1570425517441,1.0,True
98,l461,2019-06-29 12:56:41.266,2019-06-29 13:00:46.704,245.438,tutor,mobile,3,56,141000,141.0,1570425478377,1.0,True
98,l443,2019-06-29 13:02:28.434,2019-06-29 13:02:56.364,27.93,tutor,mobile,2,31,219000,219.0,1570425349307,0.12753424657534246,True
98,l443,2019-06-29 13:03:01.296,2019-06-29 13:09:55.122,413.826,tutor,mobile,2,31,219000,219.0,1570425349307,1.0,True
98,l489,2019-06-29 13:11:10.479,2019-06-29 13:15:30.973,260.494,tutor,mobile,5,83,381000,381.0,1570425826196,0.6837112860892389,True
98,l489,2019-06-29 13:16:30.132,2019-06-29 13:23:50.270,440.138,tutor,mobile,5,83,381000,381.0,1570425826196,1.0,True
98,l489,2019-06-29 13:24:03.085,2019-06-29 13:26:09.657,126.572,tutor,mobile,5,83,381000,381.0,1570425826196,0.3322099737532809,True
98,l489,2019-06-29 13:29:45.956,2019-06-29 13:32:55.932,189.976,tutor,mobile,5,83,381000,381.0,1570425826196,0.4986246719160105,True
98,l489,2019-06-29 13:42:17.910,2019-06-29 13:43:41.566,83.656,tutor,mobile,5,83,381000,381.0,1570425826196,0.21956955380577428,True
98,l793,2019-06-29 13:43:41.679,2019-06-29 13:46:57.470,195.791,tutor,mobile,5,72,157000,157.0,1570426252948,1.0,True
98,l445,2019-06-30 04:24:32.720,2019-06-30 04:28:49.253,256.533,tutor,mobile,2,34,224000,224.0,1570425356731,1.0,True
98,l742,2019-06-30 04:28:49.370,2019-06-30 04:31:41.661,172.291,tutor,mobile,5,71,193000,193.0,1570426237264,0.8926994818652849,True
98,l742,2019-06-30 04:33:27.975,2019-06-30 04:36:38.791,190.816,tutor,mobile,5,71,193000,193.0,1570426237264,0.9886839378238342,True
98,l817,2019-06-30 04:48:13.819,2019-06-30 04:53:13.398,299.579,tutor,mobile,7,169,255000,255.0,1570426935632,1.0,True
98,l817,2019-06-30 05:10:05.109,2019-06-30 05:13:01.444,176.335,tutor,mobile,7,169,255000,255.0,1570426935632,0.6915098039215687,True
98,l476,2019-06-30 05:13:01.544,2019-06-30 05:17:51.411,289.867,tutor,mobile,4,64,149000,149.0,1570425658939,1.0,True
98,l500,2019-06-30 05:50:10.858,2019-06-30 05:53:38.864,208.006,tutor,mobile,5,133,153000,153.0,1570425916479,1.0,True
98,l441,2019-06-30 05:53:38.907,2019-06-30 06:00:38.798,419.891,tutor,mobile,2,36,253000,253.0,1570425340117,1.0,True
98,l927,2019-06-30 06:06:26.861,2019-06-30 06:09:12.268,165.407,tutor,mobile,6,143,310000,310.0,1570426785857,0.5335709677419355,True
98,l752,2019-06-30 06:17:59.795,2019-06-30 06:18:11.310,11.515,tutor,mobile,5,85,270000,270.0,1570426240967,0.04264814814814815,True
98,l511,2019-07-14 21:58:49.389,2019-07-14 21:59:34.707,45.318,adaptive_offer,mobile,5,80,261000,261.0,1570426019867,0.17363218390804597,True
98,l511,2019-07-14 21:59:36.321,2019-07-14 22:04:01.117,264.796,adaptive_offer,mobile,5,80,261000,261.0,1570426019867,1.0,True
98,l744,2019-07-17 03:12:35.504,2019-07-17 03:16:05.104,209.6,tutor,mobile,5,74,187000,187.0,1570426238685,1.0,True
98,l463,2019-07-17 03:26:47.155,2019-07-17 03:33:20.920,393.765,tutor,mobile,3,53,157000,157.0,1570425486721,1.0,True
98,l489,2019-07-17 03:48:55.094,2019-07-17 03:49:24.696,29.602,adaptive_offer,mobile,5,83,381000,381.0,1570425826196,0.07769553805774278,True
98,l504,2019-08-16 15:50:23.512,2019-08-16 15:55:21.805,298.293,adaptive_offer,mobile,5,103,263000,263.0,1570425956244,1.0,True
98,l790,2019-08-17 16:42:40.011,2019-08-17 16:45:46.025,186.014,adaptive_offer,mobile,5,103,159000,159.0,1570426252087,1.0,True
98,l487,2019-08-17 18:09:37.623,2019-08-17 18:12:42.979,185.356,adaptive_offer,mobile,5,85,222000,222.0,1570425800647,0.8349369369369369,True
98,l487,2019-08-17 18:12:45.248,2019-08-17 18:13:51.464,66.216,adaptive_offer,mobile,5,85,222000,222.0,1570425800647,0.29827027027027025,True
98,l487,2019-08-17 18:15:40.521,2019-08-17 18:18:59.081,198.56,adaptive_offer,mobile,5,85,222000,222.0,1570425800647,0.8944144144144144,True
98,l487,2019-08-17 18:21:42.557,2019-08-17 18:27:02.029,319.472,adaptive_offer,mobile,5,85,222000,222.0,1570425800647,1.0,True
98,l229,2019-08-18 12:29:49.711,2019-08-18 12:34:48.432,298.721,archive,mobile,-1,-1,-1,,-1,,False
98,l744,2019-08-18 18:07:28.999,2019-08-18 18:11:41.746,252.747,my_note,mobile,5,74,187000,187.0,1570426238685,1.0,True
98,l794,2019-08-19 12:11:06.841,2019-08-19 12:13:32.551,145.71,adaptive_offer,mobile,5,77,134000,134.0,1570426253239,1.0,True
98,l488,2019-08-20 10:03:30.269,2019-08-20 10:05:38.842,128.573,adaptive_offer,mobile,5,76,264000,264.0,1570425815178,0.4870189393939394,True
98,l488,2019-08-20 10:06:16.056,2019-08-20 10:09:50.900,214.844,adaptive_offer,mobile,5,76,264000,264.0,1570425815178,0.8138030303030303,True
98,l235,2019-08-24 12:59:55.653,2019-08-24 13:00:08.980,13.327,archive,mobile,-1,-1,-1,,-1,,False
98,l263,2019-09-18 07:04:22.270,2019-09-18 07:09:04.571,282.301,archive,mobile,-1,-1,-1,,-1,,False
98,l353,2019-09-18 07:09:06.861,2019-09-18 07:11:54.398,167.537,archive,mobile,-1,-1,-1,,-1,,False
98,l390,2019-09-18 07:11:56.376,2019-09-18 07:19:33.112,456.736,archive,mobile,-1,-1,-1,,-1,,False
100,l781,2019-06-28 02:56:19.750,2019-06-28 02:59:17.831,178.081,tutor,mobile,5,83,165000,165.0,1570426249527,1.0,True
100,l489,2019-06-28 03:04:26.694,2019-06-28 03:11:53.110,446.416,tutor,mobile,5,83,381000,381.0,1570425826196,1.0,True
101,l489,2019-06-26 10:18:47.085,2019-06-26 10:27:13.624,506.539,tutor,mobile,5,83,381000,381.0,1570425826196,1.0,True
102,l487,2019-06-26 10:32:05.495,2019-06-26 10:33:57.944,112.449,tutor,mobile,5,85,222000,222.0,1570425800647,0.506527027027027,True
107,l439,2019-06-26 11:05:46.776,2019-06-26 11:09:35.947,229.171,tutor,mobile,2,28,211000,211.0,1570425331432,1.0,True
107,l814,2019-06-26 11:10:51.078,2019-06-26 11:17:14.064,382.986,tutor,mobile,7,149,369000,369.0,1570426919229,1.0,True
107,l727,2019-06-26 11:17:14.123,2019-06-26 11:22:49.755,335.632,tutor,mobile,3,54,310000,310.0,1570425548997,1.0,True
107,l442,2019-06-26 11:35:30.012,2019-06-26 11:37:58.478,148.466,tutor,mobile,2,44,235000,235.0,1570425345145,0.6317702127659575,True
107,l466,2019-06-26 11:44:08.796,2019-06-26 11:44:46.482,37.686,tutor,mobile,4,59,174000,174.0,1570425558534,0.21658620689655173,True
107,l818,2019-07-01 21:49:26.301,2019-07-01 21:53:53.525,267.224,tutor,mobile,7,150,226000,226.0,1570426939784,1.0,True
107,l441,2019-07-01 22:00:43.108,2019-07-01 22:05:53.576,310.468,tutor,mobile,2,36,253000,253.0,1570425340117,1.0,True
107,l441,2019-07-01 22:06:03.572,2019-07-01 22:10:14.930,251.358,tutor,mobile,2,36,253000,253.0,1570425340117,0.993509881422925,True
107,l444,2019-07-01 22:16:18.104,2019-07-01 22:19:51.288,213.184,tutor,mobile,2,46,186000,186.0,1570425353074,1.0,True
107,l774,2019-07-01 22:30:59.567,2019-07-01 22:33:47.032,167.465,tutor,mobile,5,119,153000,153.0,1570426247476,1.0,True
107,l487,2019-07-01 22:33:47.153,2019-07-01 22:37:47.361,240.208,tutor,mobile,5,85,222000,222.0,1570425800647,1.0,True
107,l723,2019-07-01 22:37:47.427,2019-07-01 22:40:14.775,147.348,tutor,mobile,3,54,355000,355.0,1570425532350,0.4150647887323944,True
107,l273,2019-07-02 22:20:19.917,2019-07-02 22:25:05.127,285.21,archive,mobile,-1,-1,-1,,-1,,False
107,l270,2019-07-02 22:25:05.217,2019-07-02 22:29:39.347,274.13,archive,mobile,-1,-1,-1,,-1,,False
107,l270,2019-07-02 22:29:50.849,2019-07-02 22:34:16.762,265.913,archive,mobile,-1,-1,-1,,-1,,False
107,l38,2019-07-03 12:20:24.669,2019-07-03 12:25:34.240,309.571,archive,mobile,-1,-1,-1,,-1,,False
107,l37,2019-07-03 12:25:34.339,2019-07-03 12:28:32.984,178.645,archive,mobile,-1,-1,-1,,-1,,False
107,l37,2019-07-03 12:30:15.221,2019-07-03 12:32:26.776,131.555,archive,mobile,-1,-1,-1,,-1,,False
111,l512,2019-06-26 11:45:12.324,2019-06-26 11:48:20.473,188.149,tutor,mobile,5,75,150000,150.0,1570426023606,1.0,True
112,l813,2019-06-26 11:48:51.528,2019-06-26 11:51:07.360,135.832,tutor,mobile,7,156,124000,124.0,1570426911341,1.0,True
113,l814,2019-06-26 11:57:26.309,2019-06-26 12:03:17.332,351.023,tutor,mobile,7,149,369000,369.0,1570426919229,0.9512818428184282,True
113,l758,2019-06-26 12:03:17.385,2019-06-26 12:06:50.726,213.341,tutor,mobile,5,92,232000,232.0,1570426242667,0.919573275862069,True
115,l799,2019-06-27 12:09:40.629,2019-06-27 12:10:00.944,20.315,tutor,mobile,5,88,95000,95.0,1570426254750,0.21384210526315792,True
115,l799,2019-06-27 12:10:02.693,2019-06-27 12:10:11.605,8.912,tutor,mobile,5,88,95000,95.0,1570426254750,0.09381052631578948,True
115,l799,2019-06-27 12:10:12.153,2019-06-27 12:12:52.993,160.84,tutor,mobile,5,88,95000,95.0,1570426254750,1.0,True
115,l438,2019-06-27 12:12:53.092,2019-06-27 12:14:27.683,94.591,tutor,mobile,2,24,225000,225.0,1570425326418,0.4204044444444444,True
115,l438,2019-06-27 12:14:36.478,2019-06-27 12:17:56.672,200.194,tutor,mobile,2,24,225000,225.0,1570425326418,0.889751111111111,True
115,l767,2019-06-27 12:24:56.380,2019-06-27 12:25:06.552,10.172,tutor,mobile,5,105,132000,132.0,1570426245006,0.07706060606060607,True
115,l767,2019-06-27 12:25:06.657,2019-06-27 12:25:34.961,28.304,tutor,mobile,5,105,132000,132.0,1570426245006,0.2144242424242424,True
115,l259,2019-06-27 12:28:06.369,2019-06-27 12:31:21.502,195.133,archive,mobile,-1,-1,-1,,-1,,False
115,l276,2019-06-27 12:31:21.618,2019-06-27 12:35:22.655,241.037,archive,mobile,-1,-1,-1,,-1,,False
115,l251,2019-06-28 07:01:43.964,2019-06-28 07:02:02.242,18.278,archive,mobile,-1,-1,-1,,-1,,False
115,l251,2019-06-28 07:02:13.658,2019-06-28 07:06:51.397,277.739,archive,mobile,-1,-1,-1,,-1,,False
115,l61,2019-06-28 07:06:51.506,2019-06-28 07:11:09.021,257.515,archive,mobile,-1,-1,-1,,-1,,False
115,l252,2019-06-28 07:11:09.128,2019-06-28 07:14:33.609,204.481,archive,mobile,-1,-1,-1,,-1,,False
115,l250,2019-06-28 07:14:33.724,2019-06-28 07:20:25.059,351.335,archive,mobile,-1,-1,-1,,-1,,False
115,l260,2019-06-28 07:20:25.198,2019-06-28 07:23:38.127,192.929,archive,mobile,-1,-1,-1,,-1,,False
115,l630,2019-06-29 12:58:51.389,2019-06-29 13:03:42.152,290.763,archive,web,7,159,277000,277.0,1570426851250,1.0,True
115,l631,2019-06-29 13:03:42.749,2019-06-29 13:15:49.256,726.507,archive,web,7,170,322000,322.0,1570426860369,1.0,True
115,l448,2019-07-02 07:29:35.873,2019-07-02 07:31:09.423,93.55,archive,mobile,2,41,177000,177.0,1570425369270,0.5285310734463277,True
115,l448,2019-07-02 07:31:15.802,2019-07-02 07:33:20.913,125.111,archive,mobile,2,41,177000,177.0,1570425369270,0.7068418079096045,True
115,l449,2019-07-02 07:33:21.076,2019-07-02 07:39:05.953,344.877,archive,mobile,2,50,224000,224.0,1570425374032,1.0,True
115,l450,2019-07-02 07:39:06.082,2019-07-02 07:44:00.383,294.301,archive,mobile,2,43,215000,215.0,1570425377774,1.0,True
115,l450,2019-07-02 07:54:48.256,2019-07-02 07:57:10.386,142.13,archive,mobile,2,43,215000,215.0,1570425377774,0.6610697674418604,True
115,l451,2019-07-03 13:29:36.108,2019-07-03 13:33:13.162,217.054,archive,mobile,2,40,215000,215.0,1570425380455,1.0,True
115,l452,2019-07-03 13:33:13.277,2019-07-03 13:35:49.323,156.046,archive,mobile,2,48,227000,227.0,1570425384895,0.6874273127753303,True
115,l254,2019-07-03 13:36:18.742,2019-07-03 13:42:06.355,347.613,archive,mobile,-1,-1,-1,,-1,,False
115,l60,2019-07-03 13:43:26.476,2019-07-03 13:47:55.625,269.149,archive,mobile,-1,-1,-1,,-1,,False
115,l281,2019-07-05 05:34:52.025,2019-07-05 05:37:19.888,147.863,archive,mobile,-1,-1,-1,,-1,,False
115,l457,2019-07-05 05:37:29.489,2019-07-05 05:40:18.997,169.508,archive,mobile,2,30,137000,137.0,1542120362682,1.0,True
115,l469,2019-07-05 05:40:19.120,2019-07-05 05:46:54.473,395.353,archive,mobile,4,69,229000,229.0,1570425593560,1.0,True
115,l60,2019-07-05 05:47:14.874,2019-07-05 05:51:36.681,261.807,archive,mobile,-1,-1,-1,,-1,,False
115,l258,2019-07-05 05:51:36.794,2019-07-05 05:56:12.402,275.608,archive,mobile,-1,-1,-1,,-1,,False
115,l383,2019-07-05 05:56:12.512,2019-07-05 05:59:46.269,213.757,archive,mobile,-1,-1,-1,,-1,,False
115,l428,2019-07-05 05:59:46.373,2019-07-05 06:04:09.977,263.604,archive,mobile,1,4,-1,,1570425261113,,False
115,l310,2019-07-05 06:04:38.050,2019-07-05 06:05:17.702,39.652,archive,mobile,-1,-1,-1,,-1,,False
115,l310,2019-07-05 06:16:55.827,2019-07-05 06:20:13.116,197.289,archive,mobile,-1,-1,-1,,-1,,False
115,l365,2019-07-05 06:20:13.229,2019-07-05 06:22:31.996,138.767,archive,mobile,-1,-1,-1,,-1,,False
115,l383,2019-07-05 06:22:32.094,2019-07-05 06:26:05.167,213.073,archive,mobile,-1,-1,-1,,-1,,False
115,l315,2019-07-05 06:26:05.265,2019-07-05 06:28:28.118,142.853,archive,mobile,-1,-1,-1,,-1,,False
115,l253,2019-07-06 07:27:40.174,2019-07-06 07:34:40.428,420.254,archive,mobile,-1,-1,-1,,-1,,False
115,l309,2019-07-06 07:34:40.562,2019-07-06 07:40:08.253,327.691,archive,mobile,-1,-1,-1,,-1,,False
115,l63,2019-07-06 07:40:08.365,2019-07-06 07:43:31.344,202.979,archive,mobile,-1,-1,-1,,-1,,False
115,l252,2019-07-06 07:43:37.792,2019-07-06 07:47:10.357,212.565,archive,mobile,-1,-1,-1,,-1,,False
115,l273,2019-07-06 07:47:10.502,2019-07-06 07:51:49.599,279.097,archive,mobile,-1,-1,-1,,-1,,False
115,l270,2019-07-06 07:51:49.734,2019-07-06 07:56:17.851,268.117,archive,mobile,-1,-1,-1,,-1,,False
115,l250,2019-07-06 07:56:34.696,2019-07-06 07:57:37.727,63.031,archive,mobile,-1,-1,-1,,-1,,False
115,l250,2019-07-06 07:57:58.855,2019-07-06 07:59:08.708,69.853,archive,mobile,-1,-1,-1,,-1,,False
115,l250,2019-07-06 08:02:28.990,2019-07-06 08:08:54.490,385.5,archive,mobile,-1,-1,-1,,-1,,False
115,l302,2019-07-06 08:08:54.603,2019-07-06 08:10:46.488,111.885,archive,mobile,-1,-1,-1,,-1,,False
115,l255,2019-07-07 14:36:47.383,2019-07-07 14:37:03.924,16.541,archive,mobile,-1,-1,-1,,-1,,False
115,l255,2019-07-07 14:37:07.302,2019-07-07 14:37:48.762,41.46,archive,mobile,-1,-1,-1,,-1,,False
115,l364,2019-07-08 13:03:51.696,2019-07-08 13:03:58.852,7.156,archive,mobile,-1,-1,-1,,-1,,False
115,l364,2019-07-08 13:04:05.707,2019-07-08 13:05:35.594,89.887,archive,mobile,-1,-1,-1,,-1,,False
115,l257,2019-07-08 13:05:35.694,2019-07-08 13:06:30.823,55.129,archive,mobile,-1,-1,-1,,-1,,False
115,l257,2019-07-08 13:24:31.968,2019-07-08 13:33:14.567,522.599,archive,mobile,-1,-1,-1,,-1,,False
115,l353,2019-07-08 14:04:32.276,2019-07-08 14:07:18.612,166.336,archive,mobile,-1,-1,-1,,-1,,False
115,l269,2019-07-08 14:07:18.702,2019-07-08 14:10:07.787,169.085,archive,mobile,-1,-1,-1,,-1,,False
115,l334,2019-07-17 04:08:02.158,2019-07-17 04:10:27.533,145.375,archive,mobile,-1,-1,-1,,-1,,False
115,l272,2019-07-17 04:10:27.642,2019-07-17 04:15:14.226,286.584,archive,mobile,-1,-1,-1,,-1,,False
115,l313,2019-07-17 04:15:14.373,2019-07-17 04:18:21.465,187.092,archive,mobile,-1,-1,-1,,-1,,False
115,l254,2019-07-17 04:18:21.568,2019-07-17 04:22:51.702,270.134,archive,mobile,-1,-1,-1,,-1,,False
115,l316,2019-07-29 07:09:08.905,2019-07-29 07:12:46.902,217.997,archive,mobile,-1,-1,-1,,-1,,False
115,l364,2019-07-29 07:12:47.019,2019-07-29 07:14:19.516,92.497,archive,mobile,-1,-1,-1,,-1,,False
115,l319,2019-07-29 07:14:19.622,2019-07-29 07:18:11.271,231.649,archive,mobile,-1,-1,-1,,-1,,False
115,l351,2019-07-29 07:18:11.377,2019-07-29 07:21:26.566,195.189,archive,mobile,-1,-1,-1,,-1,,False
115,l523,2019-08-08 06:06:21.115,2019-08-08 06:11:39.493,318.378,adaptive_offer,mobile,5,116,236000,236.0,1570426094022,1.0,True
115,l499,2019-08-08 06:25:44.650,2019-08-08 06:29:03.489,198.839,adaptive_offer,mobile,5,73,269000,269.0,1570425908192,0.7391784386617101,True
115,l499,2019-08-08 06:29:15.106,2019-08-08 06:32:06.204,171.098,adaptive_offer,mobile,5,73,269000,269.0,1570425908192,0.6360520446096655,True
115,l499,2019-08-08 06:33:38.416,2019-08-08 06:37:08.208,209.792,adaptive_offer,mobile,5,73,269000,269.0,1570425908192,0.7798959107806691,True
115,l542,2019-08-16 10:51:23.440,2019-08-16 10:52:05.522,42.082,adaptive_offer,mobile,5,125,251000,251.0,1570426173713,0.16765737051792828,True
115,l542,2019-08-16 10:54:07.515,2019-08-16 10:56:26.375,138.86,adaptive_offer,mobile,5,125,251000,251.0,1570426173713,0.5532270916334662,True
115,l542,2019-08-16 10:59:02.669,2019-08-16 11:03:18.144,255.475,adaptive_offer,mobile,5,125,251000,251.0,1570426173713,1.0,True
115,l542,2019-08-16 11:03:35.437,2019-08-16 11:06:04.740,149.303,adaptive_offer,mobile,5,125,251000,251.0,1570426173713,0.5948326693227092,True
115,l663,2019-08-16 14:00:21.829,2019-08-16 14:02:19.668,117.839,adaptive_offer,mobile,1,14,247000,247.0,1570425314156,0.47708097165991903,True
115,l483,2019-08-19 08:15:51.484,2019-08-19 08:17:07.053,75.569,adaptive_offer,web,4,52,232000,232.0,1570425692819,0.32572844827586206,True
115,l766,2019-08-23 13:01:08.623,2019-08-23 13:04:14.928,186.305,archive,web,5,88,109000,109.0,1570426244715,1.0,True
115,l757,2019-08-23 13:04:15.223,2019-08-23 13:07:06.469,171.246,archive,web,5,94,213000,213.0,1570426242381,0.8039718309859155,True
115,l757,2019-08-23 13:09:09.258,2019-08-23 13:09:11.393,2.135,archive,web,5,94,213000,213.0,1570426242381,0.010023474178403755,True
115,l788,2019-08-23 13:10:23.964,2019-08-23 13:11:37.709,73.745,archive,web,5,82,185000,185.0,1570426251507,0.3986216216216216,True
115,l788,2019-08-23 13:11:43.536,2019-08-23 13:16:59.362,315.826,archive,web,5,82,185000,185.0,1570426251507,1.0,True
115,l506,2019-08-23 13:17:02.034,2019-08-23 13:17:05.031,2.997,archive,web,5,106,226000,226.0,1570425969459,0.013261061946902655,True
115,l506,2019-08-23 13:20:30.226,2019-08-23 13:20:59.752,29.526,archive,web,5,106,226000,226.0,1570425969459,0.13064601769911505,True
115,l794,2019-08-23 13:23:47.510,2019-08-23 13:26:05.460,137.95,archive,web,5,77,134000,134.0,1570426253239,1.0,True
115,l768,2019-08-23 13:26:13.010,2019-08-23 13:28:35.209,142.199,archive,web,5,96,141000,141.0,1570426245313,1.0,True
115,l752,2019-08-23 13:28:38.186,2019-08-23 13:33:10.276,272.09,archive,web,5,85,270000,270.0,1570426240967,1.0,True
115,l775,2019-08-23 13:33:18.729,2019-08-23 13:36:26.136,187.407,archive,web,5,76,186000,186.0,1570426247778,1.0,True
115,l781,2019-08-23 13:36:32.049,2019-08-23 13:39:18.718,166.669,archive,web,5,83,165000,165.0,1570426249527,1.0,True
117,l775,2019-06-26 12:20:00.042,2019-06-26 12:20:38.735,38.693,tutor,mobile,5,76,186000,186.0,1570426247778,0.2080268817204301,True
117,l812,2019-06-26 12:21:24.426,2019-06-26 12:24:20.027,175.601,tutor,mobile,7,153,176000,176.0,1570426907322,0.9977329545454545,True
118,l689,2019-06-24 08:50:41.488,2019-06-24 08:54:04.359,202.871,adaptive_offer,mobile,2,35,170000,170.0,1570425414267,1.0,True
118,l231,2019-06-24 10:02:37.159,2019-06-24 10:03:25.910,48.751,archive,mobile,-1,-1,-1,,-1,,False
118,l463,2019-06-24 10:18:03.479,2019-06-24 10:21:19.092,195.613,adaptive_offer,mobile,3,53,157000,157.0,1570425486721,1.0,True
118,l228,2019-06-24 13:19:27.136,2019-06-24 13:26:11.085,403.949,archive,mobile,-1,-1,-1,,-1,,False
118,l223,2019-06-24 13:28:11.272,2019-06-24 13:32:15.974,244.702,archive,mobile,-1,-1,-1,,-1,,False
118,l663,2019-06-25 10:32:04.548,2019-06-25 10:35:35.629,211.081,adaptive_offer,mobile,1,14,247000,247.0,1570425314156,0.854578947368421,True
118,l718,2019-06-26 09:03:24.652,2019-06-26 09:09:53.547,388.895,adaptive_offer,mobile,3,53,390000,390.0,1570425508493,0.9971666666666666,True
118,l812,2019-06-26 12:28:51.575,2019-06-26 12:31:58.804,187.229,tutor,mobile,7,153,176000,176.0,1570426907322,1.0,True
118,l495,2019-06-26 12:35:44.334,2019-06-26 12:40:50.421,306.087,tutor,mobile,5,119,261000,261.0,1570425877560,1.0,True
118,l466,2019-06-26 12:47:16.533,2019-06-26 12:50:38.218,201.685,tutor,mobile,4,59,174000,174.0,1570425558534,1.0,True
118,l586,2019-06-26 12:50:44.964,2019-06-26 12:55:52.055,307.091,tutor,mobile,6,129,276000,276.0,1570426561087,1.0,True
118,l794,2019-06-26 13:42:18.536,2019-06-26 13:45:26.653,188.117,tutor,mobile,5,77,134000,134.0,1570426253239,1.0,True
118,l726,2019-06-26 13:48:13.040,2019-06-26 13:48:20.511,7.471,tutor,mobile,3,58,328000,328.0,1570425545009,0.022777439024390243,True
118,l508,2019-06-26 13:54:59.762,2019-06-26 13:59:42.819,283.057,adaptive_offer,mobile,5,96,280000,280.0,1570425999036,1.0,True
118,l538,2019-06-26 14:03:51.574,2019-06-26 14:06:50.767,179.193,adaptive_offer,mobile,5,132,258000,258.0,1570426156519,0.694546511627907,True
118,l442,2019-06-26 15:48:05.579,2019-06-26 15:49:51.936,106.357,tutor,mobile,2,44,235000,235.0,1570425345145,0.45258297872340425,True
118,l814,2019-06-26 15:50:10.025,2019-06-26 15:57:06.128,416.103,tutor,mobile,7,149,369000,369.0,1570426919229,1.0,True
118,l442,2019-06-27 10:02:38.832,2019-06-27 10:07:34.678,295.846,archive,mobile,2,44,235000,235.0,1570425345145,1.0,True
118,l573,2019-06-27 10:12:11.206,2019-06-27 10:17:29.153,317.947,tutor,mobile,6,105,181000,181.0,1570426448180,1.0,True
118,l817,2019-06-27 12:09:00.697,2019-06-27 12:11:43.604,162.907,tutor,mobile,7,169,255000,255.0,1570426935632,0.6388509803921569,True
118,l742,2019-06-27 12:11:43.710,2019-06-27 12:13:07.811,84.101,tutor,mobile,5,71,193000,193.0,1570426237264,0.4357564766839378,True
118,l522,2019-07-01 10:53:16.547,2019-07-01 10:55:05.775,109.228,adaptive_offer,mobile,5,114,370000,370.0,1570426087969,0.2952108108108108,True
118,l326,2019-07-01 11:03:17.305,2019-07-01 11:06:00.199,162.894,archive,mobile,-1,-1,-1,,-1,,False
118,l343,2019-07-01 11:06:01.966,2019-07-01 11:07:00.020,58.054,archive,mobile,-1,-1,-1,,-1,,False
118,l499,2019-07-01 11:13:33.188,2019-07-01 11:17:35.673,242.485,adaptive_offer,mobile,5,73,269000,269.0,1570425908192,0.9014312267657993,True
118,l813,2019-07-01 11:25:44.255,2019-07-01 11:26:12.270,28.015,adaptive_offer,mobile,7,156,124000,124.0,1570426911341,0.2259274193548387,True
118,l502,2019-07-01 11:38:02.453,2019-07-01 11:41:21.434,198.981,tutor,mobile,5,107,178000,178.0,1570425930967,1.0,True
118,l460,2019-07-02 07:47:07.914,2019-07-02 07:47:22.056,14.142,adaptive_offer,web,3,58,166000,166.0,1570425474350,0.08519277108433734,True
118,l648,2019-07-05 08:47:42.060,2019-07-05 08:48:20.339,38.279,tutor,mobile,5,78,258000,258.0,1570425858770,0.1483682170542636,True
118,l765,2019-07-05 08:52:42.461,2019-07-05 08:52:59.403,16.942,tutor,mobile,5,98,131000,131.0,1570426244433,0.12932824427480916,True
118,l570,2019-07-05 08:56:20.268,2019-07-05 08:58:31.934,131.666,tutor,mobile,6,94,320000,320.0,1570426424374,0.41145624999999997,True
118,l911,2019-07-15 07:16:09.527,2019-07-15 07:18:44.017,154.49,tutor,mobile,6,77,195000,195.0,1570426793274,0.7922564102564102,True
118,l487,2019-07-15 07:29:25.082,2019-07-15 07:31:26.506,121.424,tutor,mobile,5,85,222000,222.0,1570425800647,0.5469549549549549,True
118,l744,2019-07-15 07:37:48.906,2019-07-15 07:40:14.174,145.268,tutor,mobile,5,74,187000,187.0,1570426238685,0.7768342245989305,True
118,l781,2019-07-15 07:52:10.703,2019-07-15 07:54:29.610,138.907,tutor,mobile,5,83,165000,165.0,1570426249527,0.8418606060606061,True
118,l752,2019-07-15 08:02:42.270,2019-07-15 08:04:02.402,80.132,tutor,mobile,5,85,270000,270.0,1570426240967,0.2967851851851852,True
118,l722,2019-07-15 08:04:02.536,2019-07-15 08:06:43.539,161.003,tutor,mobile,3,52,359000,359.0,1570425528344,0.44847632311977714,True
118,l770,2019-07-15 08:06:43.652,2019-07-15 08:06:57.217,13.565,tutor,mobile,5,74,143000,143.0,1570426246283,0.09486013986013986,True
118,l440,2019-07-15 08:16:15.385,2019-07-15 08:18:01.044,105.659,tutor,mobile,2,38,248000,248.0,1570425335816,0.4260443548387097,True
118,l570,2019-07-15 08:22:33.345,2019-07-15 08:23:24.496,51.151,tutor,mobile,6,94,320000,320.0,1570426424374,0.159846875,True
118,l87,2019-07-15 10:51:27.944,2019-07-15 10:55:23.602,235.658,archive,mobile,-1,-1,-1,,-1,,False
118,l87,2019-07-15 11:09:09.638,2019-07-15 11:09:19.779,10.141,archive,mobile,-1,-1,-1,,-1,,False
118,l473,2019-07-15 11:09:21.339,2019-07-15 11:11:23.886,122.547,archive,mobile,4,65,158000,158.0,1570425631532,0.7756139240506329,True
118,l648,2019-07-15 12:49:39.976,2019-07-15 12:49:57.718,17.742,tutor,mobile,5,78,258000,258.0,1570425858770,0.06876744186046511,True
118,l83,2019-07-15 23:17:02.881,2019-07-15 23:22:52.489,349.608,archive,mobile,-1,-1,-1,,-1,,False
118,l1,2019-07-15 23:24:23.938,2019-07-15 23:28:26.600,242.662,archive,mobile,-1,-1,-1,,-1,,False
118,l162,2019-07-15 23:28:28.912,2019-07-15 23:31:19.376,170.464,archive,mobile,-1,-1,-1,,-1,,False
118,l163,2019-07-15 23:31:40.922,2019-07-15 23:32:11.948,31.026,archive,mobile,-1,-1,-1,,-1,,False
118,l158,2019-07-15 23:32:22.413,2019-07-15 23:36:28.785,246.372,archive,mobile,-1,-1,-1,,-1,,False
118,l161,2019-07-15 23:36:53.924,2019-07-15 23:39:55.812,181.888,archive,mobile,-1,-1,-1,,-1,,False
118,l134,2019-07-15 23:39:58.645,2019-07-15 23:41:52.279,113.634,archive,mobile,-1,-1,-1,,-1,,False
118,l38,2019-07-15 23:41:54.508,2019-07-15 23:42:08.226,13.718,archive,mobile,-1,-1,-1,,-1,,False
118,l133,2019-07-15 23:42:16.162,2019-07-15 23:45:40.581,204.419,archive,mobile,-1,-1,-1,,-1,,False
118,l88,2019-07-31 09:51:55.818,2019-07-31 09:57:58.095,362.277,archive,mobile,-1,-1,-1,,-1,,False
118,l457,2019-07-31 09:58:14.189,2019-07-31 10:01:04.246,170.057,archive,mobile,2,30,137000,137.0,1542120362682,1.0,True
118,l453,2019-07-31 10:01:06.765,2019-07-31 10:04:54.436,227.671,archive,mobile,2,26,171000,171.0,1570425388464,1.0,True
118,l454,2019-07-31 10:04:56.117,2019-07-31 10:08:45.187,229.07,archive,mobile,2,49,-1,,1570425391825,,False
118,l455,2019-07-31 10:08:48.718,2019-07-31 10:10:59.527,130.809,archive,mobile,2,42,191000,191.0,1570425394449,0.6848638743455497,True
118,l456,2019-07-31 10:11:02.009,2019-07-31 10:15:53.533,291.524,archive,mobile,2,23,177000,177.0,1542120362641,1.0,True
118,l458,2019-07-31 10:15:55.432,2019-07-31 10:17:51.458,116.026,archive,mobile,2,27,144000,144.0,1542120362727,0.8057361111111111,True
118,l460,2019-07-31 10:17:56.425,2019-07-31 10:21:06.881,190.456,archive,mobile,3,58,166000,166.0,1570425474350,1.0,True
118,l629,2019-09-01 11:10:29.490,2019-09-01 11:14:04.227,214.737,archive,web,6,143,267000,267.0,1570426775319,0.8042584269662921,True
118,l769,2019-09-02 09:51:42.065,2019-09-02 09:54:15.842,153.777,archive,web,5,84,126000,126.0,1570426245989,1.0,True
118,l800,2019-09-02 09:54:16.368,2019-09-02 09:56:50.701,154.333,archive,web,5,134,145000,145.0,1570426255042,1.0,True
119,l739,2019-06-24 08:25:51.864,2019-06-24 08:30:33.836,281.972,archive,web,4,53,277000,277.0,1570425737188,1.0,True
119,l735,2019-06-24 08:30:34.549,2019-06-24 08:35:59.084,324.535,archive,web,4,56,320000,320.0,1570425722083,1.0,True
119,l730,2019-06-24 08:35:59.616,2019-06-24 08:41:53.081,353.465,archive,web,4,52,351000,351.0,1570425704627,1.0,True
119,l655,2019-06-27 06:11:33.298,2019-06-27 06:12:58.163,84.865,archive,web,5,187,179000,179.0,1570425114402,0.4741061452513966,True
119,l552,2019-06-27 06:25:54.940,2019-06-27 06:29:15.594,200.654,adaptive_offer,web,5,140,176000,176.0,1570426224905,1.0,True
119,l551,2019-06-27 06:55:34.916,2019-06-27 06:58:09.911,154.995,adaptive_offer,web,5,123,151000,151.0,1570426220326,1.0,True
119,l737,2019-06-27 07:01:31.136,2019-06-27 07:06:26.937,295.801,archive,web,4,54,288000,288.0,1570425729930,1.0,True
119,l738,2019-06-27 07:06:27.486,2019-06-27 07:15:36.169,548.683,archive,web,4,58,370000,370.0,1570425734265,1.0,True
119,l732,2019-06-27 07:15:36.911,2019-06-27 07:22:18.368,401.457,archive,web,4,57,390000,390.0,1570425710482,1.0,True
119,l769,2019-06-27 07:22:42.963,2019-06-27 07:24:56.873,133.91,archive,web,5,84,126000,126.0,1570426245989,1.0,True
119,l800,2019-06-27 07:24:57.318,2019-06-27 07:27:31.673,154.355,archive,web,5,134,145000,145.0,1570426255042,1.0,True
119,l774,2019-06-27 07:27:57.751,2019-06-27 07:30:44.727,166.976,archive,web,5,119,153000,153.0,1570426247476,1.0,True
119,l523,2019-06-27 08:31:36.140,2019-06-27 08:35:40.385,244.245,adaptive_offer,web,5,116,236000,236.0,1570426094022,1.0,True
119,l530,2019-06-27 08:40:10.009,2019-06-27 08:44:27.512,257.503,adaptive_offer,web,5,124,242000,242.0,1570426124003,1.0,True
119,l529,2019-06-27 13:48:10.793,2019-06-27 13:52:03.172,232.379,adaptive_offer,web,5,115,225000,225.0,1570426117691,1.0,True
119,l544,2019-06-27 13:55:26.642,2019-06-27 13:58:28.745,182.103,adaptive_offer,web,5,97,178000,178.0,1570426181773,1.0,True
119,l522,2019-06-27 14:14:12.242,2019-06-27 14:20:04.042,351.8,adaptive_offer,web,5,114,370000,370.0,1570426087969,0.9508108108108109,True
119,l657,2019-06-27 14:58:37.090,2019-06-27 15:03:21.969,284.879,archive,web,7,187,297000,297.0,1570425114963,0.9591885521885523,True
119,l464,2019-06-27 23:58:11.849,2019-06-28 00:01:20.920,189.071,adaptive_offer,web,3,52,181000,181.0,1570425490998,1.0,True
119,l447,2019-06-28 03:25:10.540,2019-06-28 03:28:46.698,216.158,adaptive_offer,web,2,33,208000,208.0,1570425364050,1.0,True
119,l446,2019-06-28 03:47:31.350,2019-06-28 03:50:37.140,185.79,adaptive_offer,web,2,25,171000,171.0,1570425359844,1.0,True
119,l450,2019-06-28 03:52:19.895,2019-06-28 03:55:50.226,210.331,adaptive_offer,web,2,43,215000,215.0,1570425377774,0.9782837209302325,True
119,l456,2019-06-28 03:59:32.644,2019-06-28 04:02:35.028,182.384,adaptive_offer,web,2,23,177000,177.0,1542120362641,1.0,True
119,l465,2019-06-28 04:14:36.985,2019-06-28 04:17:29.006,172.021,adaptive_offer,web,3,54,165000,165.0,1570425497875,1.0,True
119,l496,2019-06-29 11:59:56.486,2019-06-29 12:05:08.949,312.463,adaptive_offer,web,5,88,305000,305.0,1570425887384,1.0,True
119,l721,2019-06-29 21:16:37.325,2019-06-29 21:22:38.902,361.577,adaptive_offer,web,3,52,372000,372.0,1570425523933,0.9719811827956989,True
119,l490,2019-06-29 21:34:36.920,2019-06-29 21:40:29.142,352.222,adaptive_offer,web,5,71,342000,342.0,1570425831964,1.0,True
119,l629,2019-06-29 21:49:37.845,2019-06-29 21:54:17.818,279.973,adaptive_offer,web,6,143,267000,267.0,1570426775319,1.0,True
119,l448,2019-06-30 03:41:18.755,2019-06-30 03:44:40.214,201.459,adaptive_offer,mobile,2,41,177000,177.0,1570425369270,1.0,True
119,l455,2019-06-30 03:48:25.990,2019-06-30 03:51:57.932,211.942,adaptive_offer,mobile,2,42,191000,191.0,1570425394449,1.0,True
119,l549,2019-07-01 05:54:20.341,2019-07-01 05:58:35.760,255.419,adaptive_offer,mobile,5,109,217000,217.0,1570426211607,1.0,True
119,l703,2019-07-01 12:46:44.129,2019-07-01 12:50:33.988,229.859,adaptive_offer,web,2,33,213000,213.0,1570425440905,1.0,True
119,l629,2019-07-01 12:52:03.941,2019-07-01 12:56:41.785,277.844,archive,web,6,143,267000,267.0,1570426775319,1.0,True
119,l810,2019-07-01 12:56:42.239,2019-07-01 12:59:36.396,174.157,archive,web,6,143,406000,406.0,1570426840596,0.4289581280788178,True
119,l629,2019-07-01 13:03:13.066,2019-07-01 13:03:25.390,12.324,archive,web,6,143,267000,267.0,1570426775319,0.046157303370786516,True
119,l629,2019-07-01 13:03:25.703,2019-07-01 13:09:50.889,385.186,archive,web,6,143,267000,267.0,1570426775319,1.0,True
119,l754,2019-07-01 22:09:49.536,2019-07-01 22:11:25.982,96.446,archive,web,5,88,206000,206.0,1570426241554,0.4681844660194175,True
119,l809,2019-07-02 10:40:26.413,2019-07-02 10:43:29.108,182.695,adaptive_offer,mobile,6,143,340000,340.0,1570426838329,0.5373382352941176,True
119,l809,2019-07-02 10:44:23.367,2019-07-02 10:49:26.956,303.589,adaptive_offer,mobile,6,143,340000,340.0,1570426838329,0.8929088235294118,True
119,l561,2019-07-03 05:08:07.910,2019-07-03 05:15:14.114,426.204,adaptive_offer,web,6,83,381000,381.0,1570426347511,1.0,True
119,l557,2019-07-03 05:21:49.434,2019-07-03 05:25:30.263,220.829,adaptive_offer,web,6,77,190000,190.0,1570426277691,1.0,True
119,l917,2019-07-03 06:19:04.857,2019-07-03 06:22:53.931,229.074,adaptive_offer,web,6,76,211000,211.0,1570426812538,1.0,True
119,l792,2019-07-03 13:46:17.649,2019-07-03 13:52:16.984,359.335,archive,web,5,121,154000,154.0,1570426252662,1.0,True
119,l792,2019-07-03 13:52:17.874,2019-07-03 13:57:15.362,297.488,archive,web,5,121,154000,154.0,1570426252662,1.0,True
119,l741,2019-07-03 13:57:15.957,2019-07-03 14:01:34.216,258.259,archive,web,5,119,296000,296.0,1570426236702,0.8724966216216217,True
119,l804,2019-07-03 14:01:34.908,2019-07-03 14:05:44.699,249.791,archive,web,5,111,192000,192.0,1570426256213,1.0,True
119,l881,2019-07-04 04:02:35.958,2019-07-04 04:04:56.145,140.187,adaptive_offer,web,2,33,115000,115.0,1570425460985,1.0,True
119,l453,2019-07-04 04:11:57.084,2019-07-04 04:14:53.280,176.196,adaptive_offer,web,2,26,171000,171.0,1570425388464,1.0,True
119,l692,2019-07-04 04:21:05.468,2019-07-04 04:23:44.332,158.864,adaptive_offer,web,2,42,138000,138.0,1570425420043,1.0,True
119,l693,2019-07-04 04:37:36.987,2019-07-04 04:40:19.690,162.703,adaptive_offer,web,2,25,161000,161.0,1570425421923,1.0,True
119,l480,2019-07-04 05:33:27.582,2019-07-04 05:36:49.981,202.399,adaptive_offer,web,4,56,197000,197.0,1570425678601,1.0,True
119,l483,2019-07-04 06:15:45.902,2019-07-04 06:19:44.798,238.896,adaptive_offer,web,4,52,232000,232.0,1570425692819,1.0,True
119,l735,2019-07-04 06:29:43.848,2019-07-04 06:35:07.637,323.789,adaptive_offer,web,4,56,320000,320.0,1570425722083,1.0,True
119,l492,2019-07-04 07:26:01.001,2019-07-04 07:29:26.402,205.401,adaptive_offer,web,5,98,196000,196.0,1570425848140,1.0,True
119,l546,2019-07-04 07:34:58.218,2019-07-04 07:38:03.957,185.739,adaptive_offer,web,5,79,175000,175.0,1570426196896,1.0,True
119,l508,2019-07-04 07:41:19.184,2019-07-04 07:46:04.236,285.052,adaptive_offer,web,5,96,280000,280.0,1570425999036,1.0,True
119,l524,2019-07-04 07:47:31.408,2019-07-04 07:51:54.303,262.895,adaptive_offer,web,5,87,256000,256.0,1570426097984,1.0,True
119,l649,2019-07-04 08:07:41.213,2019-07-04 08:11:38.548,237.335,adaptive_offer,web,5,120,206000,206.0,1570425892110,1.0,True
119,l569,2019-07-04 12:57:11.182,2019-07-04 13:00:42.023,210.841,adaptive_offer,web,6,120,206000,206.0,1570426415007,1.0,True
119,l810,2019-07-04 13:48:07.849,2019-07-04 13:52:31.615,263.766,adaptive_offer,web,6,143,406000,406.0,1570426840596,0.6496699507389163,True
119,l457,2019-07-05 03:24:19.756,2019-07-05 03:27:32.415,192.659,adaptive_offer,web,2,30,137000,137.0,1542120362682,1.0,True
119,l684,2019-07-05 04:11:05.256,2019-07-05 04:15:14.645,249.389,adaptive_offer,web,2,30,137000,137.0,1570425401580,1.0,True
119,l463,2019-07-05 04:58:30.346,2019-07-05 05:00:44.849,134.503,adaptive_offer,web,3,53,157000,157.0,1570425486721,0.8567070063694266,True
119,l540,2019-07-05 07:50:29.126,2019-07-05 07:54:16.176,227.05,adaptive_offer,web,5,137,283000,283.0,1570426165008,0.802296819787986,True
119,l538,2019-07-05 08:10:42.047,2019-07-05 08:15:06.746,264.699,adaptive_offer,web,5,132,258000,258.0,1570426156519,1.0,True
119,l504,2019-07-05 13:10:57.069,2019-07-05 13:16:47.513,350.444,adaptive_offer,web,5,103,263000,263.0,1570425956244,1.0,True
119,l650,2019-07-05 13:30:27.272,2019-07-05 13:39:28.646,541.374,adaptive_offer,web,5,94,320000,320.0,1570425901471,1.0,True
119,l742,2019-07-05 13:48:59.818,2019-07-05 13:52:09.021,189.203,adaptive_offer,web,5,71,193000,193.0,1570426237264,0.9803264248704663,True
119,l648,2019-07-05 13:54:29.826,2019-07-05 13:58:54.219,264.393,adaptive_offer,web,5,78,258000,258.0,1570425858770,1.0,True
119,l926,2019-07-06 03:16:15.763,2019-07-06 03:22:15.558,359.795,adaptive_offer,web,6,143,421000,421.0,1570426781129,0.8546199524940618,True
119,l927,2019-07-06 03:30:27.781,2019-07-06 03:33:44.044,196.263,adaptive_offer,web,6,143,310000,310.0,1570426785857,0.6331064516129032,True
119,l461,2019-07-06 07:56:21.533,2019-07-06 07:58:49.399,147.866,adaptive_offer,web,3,56,141000,141.0,1570425478377,1.0,True
119,l511,2019-07-06 13:47:48.556,2019-07-06 13:52:18.171,269.615,adaptive_offer,web,5,80,261000,261.0,1570426019867,1.0,True
119,l768,2019-07-06 14:07:50.452,2019-07-06 14:10:18.888,148.436,adaptive_offer,web,5,96,141000,141.0,1570426245313,1.0,True
119,l536,2019-07-08 09:32:55.759,2019-07-08 09:34:03.222,67.463,archive,web,5,111,294000,294.0,1570426148512,0.2294659863945578,True
119,l705,2019-07-11 06:23:29.200,2019-07-11 06:26:00.189,150.989,adaptive_offer,web,2,26,156000,156.0,1570425442225,0.9678782051282051,True
119,l689,2019-07-11 06:33:14.352,2019-07-11 06:36:03.357,169.005,adaptive_offer,web,2,35,170000,170.0,1570425414267,0.9941470588235294,True
119,l484,2019-07-11 10:06:42.117,2019-07-11 10:09:41.977,179.86,adaptive_offer,web,4,54,205000,205.0,1570425698893,0.8773658536585367,True
119,l489,2019-07-11 10:18:18.943,2019-07-11 10:19:09.011,50.068,adaptive_offer,web,5,83,381000,381.0,1570425826196,0.13141207349081363,True
119,l532,2019-07-11 10:26:02.585,2019-07-11 10:28:04.757,122.172,adaptive_offer,web,5,104,134000,134.0,1570426130381,0.9117313432835821,True
119,l531,2019-07-11 10:29:58.923,2019-07-11 10:33:11.131,192.208,adaptive_offer,web,5,113,202000,202.0,1570426126589,0.9515247524752475,True
119,l487,2019-07-11 10:54:59.524,2019-07-11 11:00:41.060,341.536,adaptive_offer,web,5,85,222000,222.0,1570425800647,1.0,True
119,l746,2019-07-11 12:36:45.001,2019-07-11 12:39:31.686,166.685,archive,web,5,93,157000,157.0,1570426239251,1.0,True
119,l810,2019-07-11 12:39:34.630,2019-07-11 12:45:31.284,356.654,archive,web,6,143,406000,406.0,1570426840596,0.8784581280788177,True
119,l887,2019-07-11 12:45:35.543,2019-07-11 12:52:59.139,443.596,archive,web,7,196,422000,422.0,1570427032440,1.0,True
119,l774,2019-07-11 13:05:12.589,2019-07-11 13:05:47.233,34.644,archive,web,5,119,153000,153.0,1570426247476,0.2264313725490196,True
119,l698,2019-07-12 01:29:45.904,2019-07-12 01:30:45.970,60.066,adaptive_offer,web,2,35,147000,147.0,1570425429473,0.4086122448979592,True
119,l509,2019-07-12 05:15:31.772,2019-07-12 05:17:52.974,141.202,adaptive_offer,web,5,118,202000,202.0,1570426003802,0.699019801980198,True
119,l495,2019-07-12 05:26:35.302,2019-07-12 05:29:49.269,193.967,adaptive_offer,web,5,119,261000,261.0,1570425877560,0.743168582375479,True
119,l764,2019-07-13 10:24:14.945,2019-07-13 10:25:53.602,98.657,adaptive_offer,web,5,117,196000,196.0,1570426244125,0.5033520408163266,True
119,l485,2019-07-13 15:37:00.236,2019-07-13 15:37:08.920,8.684,tutor,web,5,77,190000,190.0,1570425759703,0.045705263157894735,True
119,l765,2019-07-17 12:20:44.734,2019-07-17 12:23:02.749,138.015,adaptive_offer,web,5,98,131000,131.0,1570426244433,1.0,True
119,l488,2019-07-17 12:36:36.841,2019-07-17 12:37:02.860,26.019,adaptive_offer,web,5,76,264000,264.0,1570425815178,0.09855681818181818,True
119,l510,2019-07-17 12:42:35.305,2019-07-17 12:43:37.780,62.475,adaptive_offer,web,5,82,392000,392.0,1570426013565,0.15937500000000002,True
119,l790,2019-07-18 02:24:04.754,2019-07-18 02:26:09.492,124.738,adaptive_offer,web,5,103,159000,159.0,1570426252087,0.7845157232704403,True
119,l741,2019-07-18 02:26:58.684,2019-07-18 02:27:09.024,10.34,adaptive_offer,web,5,119,296000,296.0,1570426236702,0.03493243243243243,True
119,l781,2019-07-18 02:28:41.010,2019-07-18 02:29:44.492,63.482,adaptive_offer,web,5,83,165000,165.0,1570426249527,0.38473939393939394,True
119,l780,2019-07-18 02:31:03.468,2019-07-18 02:31:37.408,33.94,adaptive_offer,web,5,117,189000,189.0,1570426249242,0.17957671957671956,True
119,l545,2019-07-18 02:32:10.804,2019-07-18 02:32:47.225,36.421,adaptive_offer,web,5,90,342000,342.0,1570426191554,0.10649415204678363,True
119,l543,2019-07-18 02:33:27.202,2019-07-18 02:35:05.523,98.321,adaptive_offer,web,5,95,253000,253.0,1570426178473,0.38862055335968376,True
119,l775,2019-07-18 02:35:53.847,2019-07-18 02:36:13.952,20.105,adaptive_offer,web,5,76,186000,186.0,1570426247778,0.10809139784946237,True
119,l744,2019-07-19 08:40:28.532,2019-07-19 08:41:31.675,63.143,adaptive_offer,web,5,74,187000,187.0,1570426238685,0.3376631016042781,True
119,l749,2019-07-19 08:42:25.479,2019-07-19 08:42:51.578,26.099,adaptive_offer,web,5,95,206000,206.0,1570426240100,0.12669417475728156,True
119,l491,2019-07-19 08:43:37.204,2019-07-19 08:44:52.784,75.58,adaptive_offer,web,5,86,187000,187.0,1570425841330,0.4041711229946524,True
119,l506,2019-07-19 08:46:35.453,2019-07-19 08:48:23.126,107.673,adaptive_offer,web,5,106,226000,226.0,1570425969459,0.47642920353982304,True
119,l784,2019-07-19 08:54:14.014,2019-07-19 08:54:57.938,43.924,adaptive_offer,web,5,80,156000,156.0,1570426250376,0.2815641025641026,True
119,l719,2019-07-23 06:10:33.141,2019-07-23 06:14:34.913,241.772,adaptive_offer,web,3,56,358000,358.0,1570425513426,0.675340782122905,True
119,l776,2019-07-24 10:10:56.822,2019-07-24 10:11:35.993,39.171,adaptive_offer,web,5,78,148000,148.0,1570426248073,0.2646689189189189,True
119,l844,2019-07-24 15:37:07.296,2019-07-24 15:37:20.350,13.054,archive,web,0,187,197000,197.0,1542120364192,0.06626395939086295,True
119,l917,2019-07-24 15:37:37.327,2019-07-24 15:38:21.997,44.67,archive,web,6,76,211000,211.0,1570426812538,0.21170616113744076,True
119,l788,2019-07-25 03:28:25.772,2019-07-25 03:30:04.579,98.807,adaptive_offer,web,5,82,185000,185.0,1570426251507,0.5340918918918919,True
119,l753,2019-07-25 03:32:28.434,2019-07-25 03:33:14.588,46.154,adaptive_offer,web,5,95,136000,136.0,1570426241253,0.33936764705882355,True
119,l507,2019-07-25 03:34:14.977,2019-07-25 03:38:14.588,239.611,adaptive_offer,web,5,84,300000,300.0,1570425988513,0.7987033333333333,True
119,l769,2019-07-25 04:55:02.375,2019-07-25 04:55:36.175,33.8,adaptive_offer,web,5,84,126000,126.0,1570426245989,0.26825396825396824,True
119,l916,2019-07-25 07:14:23.289,2019-07-25 07:15:48.480,85.191,archive,web,6,85,219000,219.0,1570426809527,0.389,True
119,l915,2019-07-25 07:15:50.097,2019-07-25 07:15:59.592,9.495,archive,web,6,88,186000,186.0,1570426805679,0.051048387096774187,True
119,l926,2019-07-25 07:16:05.760,2019-07-25 07:18:41.834,156.074,archive,web,6,143,421000,421.0,1570426781129,0.37072209026128267,True
119,l785,2019-07-25 08:19:01.919,2019-07-25 08:19:10.501,8.582,archive,web,5,130,172000,172.0,1570426250662,0.04989534883720931,True
119,l784,2019-07-25 08:19:12.221,2019-07-25 08:20:27.639,75.418,archive,web,5,80,156000,156.0,1570426250376,0.48344871794871797,True
119,l511,2019-07-25 08:20:30.755,2019-07-25 08:20:51.921,21.166,archive,web,5,80,261000,261.0,1570426019867,0.08109578544061302,True
119,l729,2019-07-26 11:55:11.437,2019-07-26 11:59:49.167,277.73,adaptive_offer,web,4,52,329000,329.0,1570425701754,0.8441641337386019,True
119,l770,2019-07-27 06:47:01.686,2019-07-27 06:49:33.899,152.213,adaptive_offer,web,5,74,143000,143.0,1570426246283,1.0,True
119,l774,2019-07-27 06:55:53.333,2019-07-27 06:58:29.627,156.294,adaptive_offer,web,5,119,153000,153.0,1570426247476,1.0,True
123,l460,2019-06-26 12:30:02.666,2019-06-26 12:31:09.934,67.268,tutor,mobile,3,58,166000,166.0,1570425474350,0.4052289156626506,True
123,l440,2019-06-26 12:31:10.110,2019-06-26 12:33:34.807,144.697,tutor,mobile,2,38,248000,248.0,1570425335816,0.5834556451612903,True
123,l444,2019-08-23 22:56:55.053,2019-08-23 22:59:27.217,152.164,tutor,mobile,2,46,186000,186.0,1570425353074,0.8180860215053762,True
123,l818,2019-08-23 23:04:52.406,2019-08-23 23:07:19.486,147.08,tutor,mobile,7,150,226000,226.0,1570426939784,0.6507964601769912,True
123,l477,2019-08-23 23:07:19.673,2019-08-23 23:09:23.317,123.644,tutor,mobile,4,67,194000,194.0,1570425669158,0.6373402061855671,True
123,l814,2019-08-23 23:12:14.393,2019-08-23 23:13:00.211,45.818,tutor,mobile,7,149,369000,369.0,1570426919229,0.1241680216802168,True
123,l814,2019-08-23 23:13:00.507,2019-08-23 23:13:12.008,11.501,tutor,mobile,7,149,369000,369.0,1570426919229,0.0311680216802168,True
123,l629,2019-08-23 23:19:09.297,2019-08-23 23:24:00.818,291.521,adaptive_offer,mobile,6,143,267000,267.0,1570426775319,1.0,True
123,l560,2019-08-23 23:27:40.651,2019-08-23 23:30:32.802,172.151,adaptive_offer,mobile,6,76,264000,264.0,1570426335335,0.6520871212121212,True
123,l543,2019-08-24 13:47:52.788,2019-08-24 13:50:04.832,132.044,adaptive_offer,mobile,5,95,253000,253.0,1570426178473,0.521913043478261,True
125,l561,2019-06-26 12:49:10.712,2019-06-26 12:56:30.007,439.295,tutor,mobile,6,83,381000,381.0,1570426347511,1.0,True
125,l461,2019-06-26 12:57:36.267,2019-06-26 13:00:12.883,156.616,tutor,mobile,3,56,141000,141.0,1570425478377,1.0,True
126,l60,2019-04-15 12:49:39.856,2019-04-15 12:49:47.708,7.852,archive,mobile,-1,-1,-1,,-1,,False
126,l457,2019-04-16 08:53:30.235,2019-04-16 08:53:45.379,15.144,adaptive_offer,mobile,2,30,137000,137.0,1542120362682,0.11054014598540146,True
126,l689,2019-04-17 09:19:08.172,2019-04-17 09:20:27.897,79.725,adaptive_offer,mobile,2,35,170000,170.0,1570425414267,0.4689705882352941,True
126,l689,2019-04-17 09:21:16.474,2019-04-17 09:28:24.509,428.035,adaptive_offer,mobile,2,35,170000,170.0,1570425414267,1.0,True
126,l483,2019-04-17 22:51:31.933,2019-04-17 22:56:15.510,283.577,adaptive_offer,mobile,4,52,232000,232.0,1570425692819,1.0,True
126,l456,2019-04-21 08:52:53.197,2019-04-21 08:56:03.013,189.816,adaptive_offer,mobile,2,23,177000,177.0,1542120362641,1.0,True
126,l684,2019-04-22 08:13:23.356,2019-04-22 08:15:49.632,146.276,adaptive_offer,mobile,2,30,137000,137.0,1570425401580,1.0,True
126,l446,2019-04-22 08:37:52.287,2019-04-22 08:41:47.157,234.87,adaptive_offer,mobile,2,25,171000,171.0,1570425359844,1.0,True
126,l496,2019-06-27 02:12:40.233,2019-06-27 02:13:25.743,45.51,adaptive_offer,mobile,5,88,305000,305.0,1570425887384,0.14921311475409835,True
126,l496,2019-06-27 02:16:59.785,2019-06-27 02:21:45.447,285.662,adaptive_offer,mobile,5,88,305000,305.0,1570425887384,0.9365967213114753,True
126,l799,2019-06-27 05:13:47.644,2019-06-27 05:15:25.801,98.157,tutor,mobile,5,88,95000,95.0,1570426254750,1.0,True
126,l514,2019-06-27 06:52:05.664,2019-06-27 06:54:42.161,156.497,tutor,mobile,5,129,276000,276.0,1570426033609,0.567018115942029,True
126,l671,2019-07-02 07:34:42.498,2019-07-02 07:39:47.079,304.581,adaptive_offer,mobile,1,5,193000,193.0,1570425316418,1.0,True
126,l860,2019-07-21 15:27:32.877,2019-07-21 15:30:35.154,182.277,adaptive_offer,mobile,1,11,206000,206.0,1570425320669,0.8848398058252427,True
126,l445,2019-08-01 02:32:49.250,2019-08-01 02:35:19.953,150.703,archive,mobile,2,34,224000,224.0,1570425356731,0.67278125,True
127,l811,2019-06-26 12:42:37.266,2019-06-26 12:45:43.095,185.829,tutor,mobile,7,148,167000,167.0,1570426904087,1.0,True
127,l723,2019-06-26 19:54:12.327,2019-06-26 19:57:30.723,198.396,tutor,mobile,3,54,355000,355.0,1570425532350,0.5588619718309858,True
127,l723,2019-06-26 19:57:34.870,2019-06-26 19:57:48.907,14.037,tutor,mobile,3,54,355000,355.0,1570425532350,0.03954084507042254,True
127,l514,2019-06-26 19:58:56.103,2019-06-26 20:03:45.315,289.212,tutor,mobile,5,129,276000,276.0,1570426033609,1.0,True
127,l817,2019-06-26 20:03:45.419,2019-06-26 20:08:52.460,307.041,tutor,mobile,7,169,255000,255.0,1570426935632,1.0,True
127,l560,2019-06-26 22:08:22.172,2019-06-26 22:12:59.456,277.284,adaptive_offer,mobile,6,76,264000,264.0,1570426335335,1.0,True
127,l813,2019-06-27 04:21:09.825,2019-06-27 04:23:34.117,144.292,tutor,mobile,7,156,124000,124.0,1570426911341,1.0,True
127,l751,2019-06-27 04:24:25.275,2019-06-27 04:27:35.265,189.99,tutor,mobile,5,122,177000,177.0,1570426240670,1.0,True
127,l465,2019-06-27 04:27:35.350,2019-06-27 04:30:34.205,178.855,tutor,mobile,3,54,165000,165.0,1570425497875,1.0,True
127,l561,2019-07-01 08:13:36.315,2019-07-01 08:20:13.132,396.817,adaptive_offer,mobile,6,83,381000,381.0,1570426347511,1.0,True
127,l809,2019-08-18 09:52:25.629,2019-08-18 10:09:10.967,1005.338,adaptive_offer,web,6,143,340000,340.0,1570426838329,1.0,True
127,l560,2019-08-18 10:50:41.395,2019-08-18 11:30:59.669,2418.274,adaptive_offer,web,6,76,264000,264.0,1570426335335,1.0,True
128,l473,2019-06-26 12:46:02.920,2019-06-26 12:46:41.620,38.7,tutor,mobile,4,65,158000,158.0,1570425631532,0.24493670886075952,True
128,l443,2019-06-26 12:59:06.998,2019-06-26 13:02:54.644,227.646,tutor,mobile,2,31,219000,219.0,1570425349307,1.0,True
128,l811,2019-06-28 06:10:05.008,2019-06-28 06:15:49.166,344.158,tutor,mobile,7,148,167000,167.0,1570426904087,1.0,True
128,l474,2019-06-28 08:12:06.109,2019-06-28 08:16:29.952,263.843,tutor,mobile,4,60,252000,252.0,1570425641071,1.0,True
128,l438,2019-06-28 08:18:09.847,2019-06-28 08:21:30.051,200.204,tutor,mobile,2,24,225000,225.0,1570425326418,0.8897955555555556,True
128,l566,2019-06-28 08:21:30.116,2019-06-28 08:29:53.600,503.484,tutor,mobile,6,134,268000,268.0,1570426396623,1.0,True
130,l490,2019-06-26 12:53:41.931,2019-06-26 12:53:58.702,16.771,tutor,mobile,5,71,342000,342.0,1570425831964,0.049038011695906436,True
131,l457,2019-06-26 11:47:40.100,2019-06-26 11:50:43.192,183.092,archive,mobile,2,30,137000,137.0,1542120362682,1.0,True
131,l469,2019-06-26 11:50:43.312,2019-06-26 11:52:35.942,112.63,archive,mobile,4,69,229000,229.0,1570425593560,0.49183406113537115,True
131,l770,2019-06-26 12:52:47.992,2019-06-26 12:53:00.007,12.015,tutor,mobile,5,74,143000,143.0,1570426246283,0.08402097902097902,True
131,l231,2019-06-26 13:02:23.609,2019-06-26 13:07:50.653,327.044,archive,mobile,-1,-1,-1,,-1,,False
131,l228,2019-06-26 13:08:48.796,2019-06-26 13:15:57.006,428.21,archive,mobile,-1,-1,-1,,-1,,False
131,l528,2019-06-26 13:32:44.861,2019-06-26 13:34:00.151,75.29,adaptive_offer,mobile,5,89,193000,193.0,1570426112193,0.3901036269430052,True
131,l528,2019-06-26 13:34:00.567,2019-06-26 13:34:20.244,19.677,adaptive_offer,mobile,5,89,193000,193.0,1570426112193,0.10195336787564767,True
131,l528,2019-06-26 13:35:04.439,2019-06-26 13:37:00.745,116.306,adaptive_offer,mobile,5,89,193000,193.0,1570426112193,0.602621761658031,True
131,l629,2019-06-26 14:30:45.800,2019-06-26 14:32:10.278,84.478,adaptive_offer,mobile,6,143,267000,267.0,1570426775319,0.3163970037453183,True
131,l629,2019-06-26 14:32:10.728,2019-06-26 14:37:33.767,323.039,adaptive_offer,mobile,6,143,267000,267.0,1570426775319,1.0,True
131,l107,2019-06-26 15:08:28.142,2019-06-26 15:12:17.969,229.827,archive,mobile,-1,-1,-1,,-1,,False
131,l137,2019-06-26 15:12:25.138,2019-06-26 15:17:17.910,292.772,archive,mobile,-1,-1,-1,,-1,,False
131,l229,2019-06-26 15:23:55.550,2019-06-26 15:33:05.215,549.665,archive,mobile,-1,-1,-1,,-1,,False
131,l149,2019-06-26 16:15:43.135,2019-06-26 16:17:55.294,132.159,archive,mobile,-1,-1,-1,,-1,,False
131,l136,2019-06-26 16:18:18.072,2019-06-26 16:21:27.615,189.543,archive,mobile,-1,-1,-1,,-1,,False
131,l147,2019-06-26 16:22:00.445,2019-06-26 16:22:42.470,42.025,archive,mobile,-1,-1,-1,,-1,,False
131,l147,2019-06-26 16:24:09.035,2019-06-26 16:26:04.618,115.583,archive,mobile,-1,-1,-1,,-1,,False
131,l153,2019-06-26 16:26:04.788,2019-06-26 16:28:23.061,138.273,archive,mobile,-1,-1,-1,,-1,,False
131,l102,2019-06-26 16:29:19.660,2019-06-26 16:32:03.041,163.381,archive,mobile,-1,-1,-1,,-1,,False
131,l109,2019-06-26 16:32:03.157,2019-06-26 16:33:05.572,62.415,archive,mobile,-1,-1,-1,,-1,,False
131,l109,2019-06-26 16:33:05.945,2019-06-26 16:36:06.563,180.618,archive,mobile,-1,-1,-1,,-1,,False
131,l107,2019-06-26 16:36:06.684,2019-06-26 16:37:17.536,70.852,archive,mobile,-1,-1,-1,,-1,,False
131,l543,2019-06-26 16:38:59.335,2019-06-26 16:43:27.047,267.712,adaptive_offer,mobile,5,95,253000,253.0,1570426178473,1.0,True
131,l532,2019-06-26 23:25:14.986,2019-06-26 23:27:39.157,144.171,adaptive_offer,mobile,5,104,134000,134.0,1570426130381,1.0,True
131,l509,2019-06-26 23:45:07.886,2019-06-26 23:48:41.606,213.72,adaptive_offer,mobile,5,118,202000,202.0,1570426003802,1.0,True
131,l495,2019-06-27 01:04:04.967,2019-06-27 01:10:37.647,392.68,adaptive_offer,mobile,5,119,261000,261.0,1570425877560,1.0,True
131,l50,2019-06-27 01:13:03.539,2019-06-27 01:13:40.082,36.543,archive,mobile,-1,-1,-1,,-1,,False
131,l801,2019-06-27 01:22:42.368,2019-06-27 01:22:58.114,15.746,adaptive_offer,mobile,5,118,84000,84.0,1570426255331,0.18745238095238095,True
131,l801,2019-06-27 01:22:59.583,2019-06-27 01:24:14.932,75.349,adaptive_offer,mobile,5,118,84000,84.0,1570426255331,0.8970119047619048,True
131,l504,2019-06-27 01:36:36.955,2019-06-27 01:39:26.663,169.708,adaptive_offer,mobile,5,103,263000,263.0,1570425956244,0.645277566539924,True
131,l504,2019-06-27 01:39:27.069,2019-06-27 01:41:59.834,152.765,adaptive_offer,mobile,5,103,263000,263.0,1570425956244,0.5808555133079848,True
131,l655,2019-06-27 06:51:06.204,2019-06-27 06:52:47.860,101.656,archive,web,5,187,179000,179.0,1570425114402,0.5679106145251397,True
131,l655,2019-06-27 06:53:02.888,2019-06-27 06:57:10.465,247.577,archive,web,5,187,179000,179.0,1570425114402,1.0,True
131,l495,2019-06-27 06:57:14.364,2019-06-27 06:58:59.619,105.255,archive,web,5,119,261000,261.0,1570425877560,0.4032758620689655,True
131,l495,2019-06-27 06:59:06.885,2019-06-27 06:59:36.413,29.528,archive,web,5,119,261000,261.0,1570425877560,0.11313409961685823,True
131,l525,2019-06-27 08:11:44.954,2019-06-27 08:11:52.016,7.062,archive,web,5,138,249000,249.0,1570426101603,0.02836144578313253,True
131,l648,2019-06-27 08:38:57.296,2019-06-27 08:39:17.706,20.41,archive,web,5,78,258000,258.0,1570425858770,0.07910852713178294,True
131,l565,2019-06-27 09:07:28.083,2019-06-27 09:07:52.478,24.395,archive,web,6,78,258000,258.0,1570426382881,0.09455426356589147,True
131,l776,2019-06-27 09:08:27.144,2019-06-27 09:08:48.781,21.637,archive,web,5,78,148000,148.0,1570426248073,0.14619594594594595,True
131,l648,2019-06-27 09:08:49.658,2019-06-27 09:09:01.010,11.352,archive,web,5,78,258000,258.0,1570425858770,0.044000000000000004,True
131,l565,2019-06-27 09:09:01.770,2019-06-27 09:09:28.724,26.954,archive,web,6,78,258000,258.0,1570426382881,0.10447286821705426,True
131,l501,2019-06-27 09:20:20.960,2019-06-27 09:20:45.366,24.406,archive,web,5,105,181000,181.0,1570425924310,0.13483977900552485,True
131,l552,2019-06-27 10:55:04.119,2019-06-27 10:58:20.638,196.519,adaptive_offer,mobile,5,140,176000,176.0,1570426224905,1.0,True
131,l500,2019-06-27 11:05:32.814,2019-06-27 11:08:11.965,159.151,adaptive_offer,mobile,5,133,153000,153.0,1570425916479,1.0,True
131,l346,2019-06-27 13:27:06.349,2019-06-27 13:27:37.248,30.899,archive,mobile,-1,-1,-1,,-1,,False
131,l347,2019-06-27 13:38:15.222,2019-06-27 13:38:27.327,12.105,archive,mobile,-1,-1,-1,,-1,,False
131,l348,2019-06-27 13:42:59.032,2019-06-27 13:43:38.497,39.465,archive,mobile,-1,-1,-1,,-1,,False
131,l348,2019-06-27 13:43:38.897,2019-06-27 13:44:35.541,56.644,archive,mobile,-1,-1,-1,,-1,,False
131,l330,2019-06-27 15:34:24.085,2019-06-27 15:34:33.922,9.837,archive,mobile,-1,-1,-1,,-1,,False
131,l330,2019-06-27 15:38:25.714,2019-06-27 15:38:38.525,12.811,archive,mobile,-1,-1,-1,,-1,,False
131,l443,2019-06-27 15:38:51.229,2019-06-27 15:39:00.286,9.057,archive,mobile,2,31,219000,219.0,1570425349307,0.04135616438356165,True
131,l799,2019-06-28 00:42:18.778,2019-06-28 00:44:06.893,108.115,archive,web,5,88,95000,95.0,1570426254750,1.0,True
131,l529,2019-06-28 00:44:09.154,2019-06-28 00:48:17.598,248.444,archive,web,5,115,225000,225.0,1570426117691,1.0,True
131,l743,2019-06-28 00:48:22.661,2019-06-28 00:54:48.868,386.207,archive,web,5,86,248000,248.0,1570426237988,1.0,True
131,l230,2019-06-28 01:57:01.470,2019-06-28 01:58:46.935,105.465,archive,mobile,-1,-1,-1,,-1,,False
131,l1,2019-06-28 01:59:01.306,2019-06-28 01:59:09.044,7.7379999999999995,archive,mobile,-1,-1,-1,,-1,,False
131,l545,2019-06-28 02:05:57.611,2019-06-28 02:06:07.742,10.131,adaptive_offer,mobile,5,90,342000,342.0,1570426191554,0.02962280701754386,True
131,l538,2019-06-28 02:21:53.840,2019-06-28 02:26:35.817,281.977,adaptive_offer,mobile,5,132,258000,258.0,1570426156519,1.0,True
131,l514,2019-06-28 05:31:58.694,2019-06-28 05:32:05.393,6.699,archive,web,5,129,276000,276.0,1570426033609,0.02427173913043478,True
131,l507,2019-06-28 05:50:36.411,2019-06-28 06:38:43.030,2886.619,adaptive_offer,web,5,84,300000,300.0,1570425988513,1.0,True
131,l515,2019-06-28 06:46:28.110,2019-06-28 06:51:08.302,280.192,adaptive_offer,web,5,101,200000,200.0,1570426038864,1.0,True
131,l523,2019-06-28 07:07:46.948,2019-06-28 07:12:01.278,254.33,adaptive_offer,web,5,116,236000,236.0,1570426094022,1.0,True
131,l485,2019-06-28 07:42:02.476,2019-06-28 07:45:22.636,200.16,adaptive_offer,web,5,77,190000,190.0,1570425759703,1.0,True
131,l755,2019-06-28 07:53:33.433,2019-06-28 07:57:58.588,265.155,adaptive_offer,web,5,104,228000,228.0,1570426241851,1.0,True
131,l742,2019-06-28 08:03:30.421,2019-06-28 08:06:53.254,202.833,adaptive_offer,web,5,71,193000,193.0,1570426237264,1.0,True
131,l489,2019-06-28 08:46:55.896,2019-06-28 08:53:30.956,395.06,adaptive_offer,web,5,83,381000,381.0,1570425826196,1.0,True
131,l487,2019-06-28 09:20:54.792,2019-06-28 09:26:02.074,307.282,adaptive_offer,web,5,85,222000,222.0,1570425800647,1.0,True
131,l781,2019-06-28 09:30:27.384,2019-06-28 09:33:21.809,174.425,adaptive_offer,web,5,83,165000,165.0,1570426249527,1.0,True
131,l521,2019-06-28 09:38:47.988,2019-06-28 09:46:08.391,440.403,adaptive_offer,web,5,81,393000,393.0,1570426080187,1.0,True
131,l496,2019-06-28 10:32:32.333,2019-06-28 10:32:52.969,20.636,adaptive_offer,web,5,88,305000,305.0,1570425887384,0.06765901639344261,True
131,l595,2019-06-28 11:13:37.077,2019-06-28 11:17:50.912,253.835,adaptive_offer,web,6,116,236000,236.0,1570426623761,1.0,True
131,l635,2019-06-28 13:19:11.540,2019-06-28 13:19:58.952,47.412,archive,web,7,171,241000,241.0,1570426892777,0.19673029045643153,True
131,l827,2019-06-28 13:25:33.188,2019-06-28 13:26:01.101,27.913,archive,web,7,155,402000,402.0,1570426995309,0.06943532338308457,True
131,l827,2019-06-28 14:13:21.123,2019-06-28 14:14:49.454,88.331,archive,web,7,155,402000,402.0,1570426995309,0.21972885572139303,True
131,l887,2019-06-28 14:23:35.749,2019-06-28 14:24:56.123,80.374,archive,web,7,196,422000,422.0,1570427032440,0.19045971563981043,True
131,l822,2019-06-28 14:33:17.677,2019-06-28 14:34:27.235,69.558,archive,web,7,159,261000,261.0,1570426960712,0.2665057471264368,True
131,l821,2019-06-28 14:40:19.446,2019-06-28 14:40:38.685,19.239,archive,web,7,152,205000,205.0,1570426957339,0.09384878048780489,True
131,l821,2019-06-28 14:44:17.734,2019-06-28 14:45:41.223,83.489,archive,web,7,152,205000,205.0,1570426957339,0.40726341463414634,True
131,l823,2019-06-28 14:48:48.597,2019-06-28 14:55:43.316,414.719,archive,web,7,157,344000,344.0,1570426963858,1.0,True
131,l885,2019-06-28 14:56:06.663,2019-06-28 15:09:02.832,776.169,archive,web,7,196,446000,446.0,1570427005691,1.0,True
131,l817,2019-06-28 15:09:24.456,2019-06-28 15:09:45.256,20.8,archive,web,7,169,255000,255.0,1570426935632,0.0815686274509804,True
131,l820,2019-06-28 16:42:13.683,2019-06-28 16:43:08.193,54.51,archive,web,7,146,335000,335.0,1570426951154,0.16271641791044775,True
131,l773,2019-06-30 11:13:24.855,2019-06-30 11:13:33.342,8.487,archive,web,5,90,133000,133.0,1570426247184,0.06381203007518797,True
