user_id,skill_id,attempts,correct,mastery
1,1,1,1.0,1.0
1,10,6,4.0,0.6666666666666666
1,100,1,1.0,1.0
1,101,1,0.0,0.0
1,102,2,2.0,1.0
1,103,1,1.0,1.0
1,104,3,2.0,0.6666666666666666
1,105,3,3.0,1.0
1,106,6,3.0,0.5
1,107,3,1.0,0.3333333333333333
1,108,2,2.0,1.0
1,109,3,3.0,1.0
1,11,7,5.0,0.7142857142857143
1,110,2,2.0,1.0
1,111,2,2.0,1.0
1,112,1,1.0,1.0
1,113,6,3.0,0.5
1,114,1,1.0,1.0
1,115,4,2.0,0.5
1,116,3,2.0,0.6666666666666666
1,117,6,3.0,0.5
1,118,4,3.0,0.75
1,119,3,3.0,1.0
1,12,2,2.0,1.0
1,120,4,3.0,0.75
1,121,2,2.0,1.0
1,122,2,2.0,1.0
1,123,6,4.0,0.6666666666666666
1,125,2,1.0,0.5
1,126,1,0.0,0.0
1,129,2,1.0,0.5
1,13,2,1.0,0.5
1,130,5,3.0,0.6
1,131,1,1.0,1.0
1,132,2,1.0,0.5
1,133,4,3.0,0.75
1,134,1,1.0,1.0
1,135,4,4.0,1.0
1,136,3,3.0,1.0
1,137,5,4.0,0.8
1,138,4,4.0,1.0
1,14,2,2.0,1.0
1,140,3,3.0,1.0
1,141,2,2.0,1.0
1,142,1,0.0,0.0
1,143,20,13.0,0.65
1,144,3,1.0,0.3333333333333333
1,145,2,2.0,1.0
1,146,3,3.0,1.0
1,147,1,1.0,1.0
1,149,3,2.0,0.6666666666666666
1,15,1,0.0,0.0
1,151,1,0.0,0.0
1,153,2,2.0,1.0
1,155,1,0.0,0.0
1,156,1,1.0,1.0
1,157,1,1.0,1.0
1,158,3,3.0,1.0
1,159,1,0.0,0.0
1,16,3,3.0,1.0
1,162,4,3.0,0.75
1,163,1,1.0,1.0
1,167,2,2.0,1.0
1,168,1,1.0,1.0
1,17,6,4.0,0.6666666666666666
1,172,1,0.0,0.0
1,177,4,2.0,0.5
1,178,6,5.0,0.8333333333333334
1,179,31,23.0,0.7419354838709677
1,18,3,2.0,0.6666666666666666
1,180,1,1.0,1.0
1,181,99,76.0,0.7676767676767676
1,182,56,37.0,0.6607142857142857
1,183,105,71.0,0.6761904761904762
1,184,57,44.0,0.7719298245614035
1,185,41,30.0,0.7317073170731707
1,19,1,1.0,1.0
1,194,1,0.0,0.0
1,2,32,23.0,0.71875
1,22,3,2.0,0.6666666666666666
1,23,7,5.0,0.7142857142857143
1,24,42,30.0,0.7142857142857143
1,25,8,6.0,0.75
1,26,5,3.0,0.6
1,27,8,4.0,0.5
1,28,12,8.0,0.6666666666666666
1,29,9,6.0,0.6666666666666666
1,3,1,0.0,0.0
1,30,21,16.0,0.7619047619047619
1,31,12,10.0,0.8333333333333334
1,32,11,9.0,0.8181818181818182
1,33,8,5.0,0.625
1,34,10,7.0,0.7
1,35,5,2.0,0.4
1,36,8,5.0,0.625
1,37,11,6.0,0.5454545454545454
1,38,12,8.0,0.6666666666666666
1,39,10,7.0,0.7
1,4,7,5.0,0.7142857142857143
1,40,6,5.0,0.8333333333333334
1,41,5,3.0,0.6
1,42,7,7.0,1.0
1,43,4,3.0,0.75
1,44,9,8.0,0.8888888888888888
1,45,4,3.0,0.75
1,46,5,4.0,0.8
1,47,5,4.0,0.8
1,48,4,3.0,0.75
1,49,6,6.0,1.0
1,5,3,2.0,0.6666666666666666
1,50,2,2.0,1.0
1,51,3,2.0,0.6666666666666666
1,52,8,3.0,0.375
1,53,19,16.0,0.8421052631578947
1,54,4,3.0,0.75
1,56,13,10.0,0.7692307692307693
1,59,1,1.0,1.0
1,6,2,1.0,0.5
1,60,2,2.0,1.0
1,61,1,1.0,1.0
1,63,1,1.0,1.0
1,64,2,1.0,0.5
1,66,1,1.0,1.0
1,67,1,1.0,1.0
1,69,1,1.0,1.0
1,7,24,16.0,0.6666666666666666
1,70,2,1.0,0.5
1,71,8,6.0,0.75
1,72,4,3.0,0.75
1,73,3,2.0,0.6666666666666666
1,74,4,2.0,0.5
1,75,2,1.0,0.5
1,76,15,11.0,0.7333333333333333
1,77,20,12.0,0.6
1,78,11,7.0,0.6363636363636364
1,79,1,1.0,1.0
1,8,4,2.0,0.5
1,80,6,4.0,0.6666666666666666
1,81,4,3.0,0.75
1,82,5,2.0,0.4
1,83,7,4.0,0.5714285714285714
1,84,3,2.0,0.6666666666666666
1,85,12,6.0,0.5
1,86,6,5.0,0.8333333333333334
1,87,6,4.0,0.6666666666666666
1,88,2,2.0,1.0
1,89,1,1.0,1.0
1,9,1,1.0,1.0
1,90,4,1.0,0.25
1,91,4,1.0,0.25
1,92,3,3.0,1.0
1,93,7,4.0,0.5714285714285714
1,94,1,0.0,0.0
1,95,4,3.0,0.75
1,96,3,1.0,0.3333333333333333
1,98,2,1.0,0.5
1,99,2,2.0,1.0
3,181,2,2.0,1.0
3,183,1,0.0,0.0
3,184,2,1.0,0.5
3,185,1,1.0,1.0
3,24,1,1.0,1.0
3,26,1,1.0,1.0
3,30,1,1.0,1.0
3,31,1,1.0,1.0
3,32,1,1.0,1.0
3,53,1,0.0,0.0
3,74,1,0.0,0.0
3,78,1,0.0,0.0
3,82,1,0.0,0.0
3,84,1,0.0,0.0
3,87,1,1.0,1.0
4,-1,1,0.0,0.0
4,1,3,2.0,0.6666666666666666
4,10,2,1.0,0.5
4,101,2,1.0,0.5
4,103,5,3.0,0.6
4,104,3,2.0,0.6666666666666666
4,106,3,3.0,1.0
4,107,3,2.0,0.6666666666666666
4,109,3,3.0,1.0
4,11,4,3.0,0.75
4,110,2,2.0,1.0
4,111,3,3.0,1.0
4,113,3,2.0,0.6666666666666666
4,114,4,3.0,0.75
4,115,6,6.0,1.0
4,116,1,0.0,0.0
4,117,6,3.0,0.5
4,118,1,0.0,0.0
4,119,5,4.0,0.8
4,12,2,1.0,0.5
4,120,6,5.0,0.8333333333333334
4,121,5,5.0,1.0
4,122,5,5.0,1.0
4,124,7,5.0,0.7142857142857143
4,125,1,1.0,1.0
4,126,3,1.0,0.3333333333333333
4,128,1,0.0,0.0
4,129,7,4.0,0.5714285714285714
4,13,1,1.0,1.0
4,130,7,5.0,0.7142857142857143
4,132,4,3.0,0.75
4,133,2,2.0,1.0
4,134,5,2.0,0.4
4,135,1,1.0,1.0
4,137,5,4.0,0.8
4,138,3,3.0,1.0
4,14,1,0.0,0.0
4,142,2,1.0,0.5
4,143,46,35.0,0.7608695652173914
4,144,4,4.0,1.0
4,145,1,0.0,0.0
4,146,11,6.0,0.5454545454545454
4,147,6,1.0,0.16666666666666666
4,149,16,9.0,0.5625
4,15,4,4.0,1.0
4,151,1,1.0,1.0
4,152,1,0.0,0.0
4,153,5,2.0,0.4
4,155,3,1.0,0.3333333333333333
4,156,2,1.0,0.5
4,158,7,4.0,0.5714285714285714
4,159,4,3.0,0.75
4,161,2,2.0,1.0
4,162,8,5.0,0.625
4,163,1,0.0,0.0
4,165,1,0.0,0.0
4,166,5,3.0,0.6
4,167,3,2.0,0.6666666666666666
4,169,1,0.0,0.0
4,17,3,0.0,0.0
4,170,3,1.0,0.3333333333333333
4,172,4,2.0,0.5
4,175,3,1.0,0.3333333333333333
4,176,1,0.0,0.0
4,177,7,5.0,0.7142857142857143
4,178,24,13.0,0.5416666666666666
4,179,60,45.0,0.75
4,18,1,1.0,1.0
4,181,95,76.0,0.8
4,182,90,69.0,0.7666666666666667
4,183,106,81.0,0.7641509433962265
4,184,52,39.0,0.75
4,185,44,34.0,0.7727272727272727
4,19,2,2.0,1.0
4,194,1,1.0,1.0
4,2,28,23.0,0.8214285714285714
4,20,4,4.0,1.0
4,21,4,4.0,1.0
4,22,1,1.0,1.0
4,23,3,3.0,1.0
4,24,26,19.0,0.7307692307692307
4,25,11,7.0,0.6363636363636364
4,26,2,2.0,1.0
4,27,3,3.0,1.0
4,28,6,6.0,1.0
4,29,6,6.0,1.0
4,3,2,2.0,1.0
4,30,15,11.0,0.7333333333333333
4,31,5,1.0,0.2
4,32,2,0.0,0.0
4,33,1,1.0,1.0
4,34,5,3.0,0.6
4,35,4,2.0,0.5
4,36,2,1.0,0.5
4,37,2,1.0,0.5
4,38,7,4.0,0.5714285714285714
4,39,7,4.0,0.5714285714285714
4,4,3,2.0,0.6666666666666666
4,40,4,3.0,0.75
4,41,2,1.0,0.5
4,42,3,2.0,0.6666666666666666
4,43,2,2.0,1.0
4,44,10,8.0,0.8
4,45,4,2.0,0.5
4,46,4,3.0,0.75
4,47,4,3.0,0.75
4,48,3,2.0,0.6666666666666666
4,49,7,6.0,0.8571428571428571
4,5,2,1.0,0.5
4,50,1,1.0,1.0
4,51,2,2.0,1.0
4,52,13,9.0,0.6923076923076923
4,53,62,49.0,0.7903225806451613
4,54,3,3.0,1.0
4,56,39,36.0,0.9230769230769231
4,57,3,0.0,0.0
4,59,9,8.0,0.8888888888888888
4,6,7,6.0,0.8571428571428571
4,60,8,7.0,0.875
4,61,2,1.0,0.5
4,62,1,0.0,0.0
4,63,4,2.0,0.5
4,64,5,5.0,1.0
4,65,1,1.0,1.0
4,66,2,2.0,1.0
4,68,4,2.0,0.5
4,69,4,1.0,0.25
4,7,17,11.0,0.6470588235294118
4,70,3,3.0,1.0
4,71,2,1.0,0.5
4,72,3,2.0,0.6666666666666666
4,73,3,2.0,0.6666666666666666
4,74,18,9.0,0.5
4,75,2,2.0,1.0
4,76,13,9.0,0.6923076923076923
4,77,17,12.0,0.7058823529411765
4,78,13,9.0,0.6923076923076923
4,79,4,3.0,0.75
4,8,6,6.0,1.0
4,80,3,2.0,0.6666666666666666
4,82,4,3.0,0.75
4,83,10,9.0,0.9
4,84,4,2.0,0.5
4,85,21,16.0,0.7619047619047619
4,86,12,12.0,1.0
4,87,6,4.0,0.6666666666666666
4,88,4,3.0,0.75
4,89,3,2.0,0.6666666666666666
4,9,1,1.0,1.0
4,90,6,5.0,0.8333333333333334
4,91,2,2.0,1.0
4,92,7,6.0,0.8571428571428571
4,93,2,2.0,1.0
4,94,9,5.0,0.5555555555555556
4,95,5,2.0,0.4
4,96,1,1.0,1.0
4,97,3,3.0,1.0
4,98,3,2.0,0.6666666666666666
4,99,7,4.0,0.5714285714285714
5,1,1,0.0,0.0
5,100,1,0.0,0.0
5,102,2,2.0,1.0
5,103,1,1.0,1.0
5,104,3,1.0,0.3333333333333333
5,105,1,1.0,1.0
5,106,1,0.0,0.0
5,107,1,1.0,1.0
5,108,2,2.0,1.0
5,109,2,2.0,1.0
5,11,1,0.0,0.0
5,113,1,0.0,0.0
5,117,1,1.0,1.0
5,118,1,0.0,0.0
5,119,5,4.0,0.8
5,120,4,2.0,0.5
5,121,3,2.0,0.6666666666666666
5,124,2,2.0,1.0
5,125,1,1.0,1.0
5,126,1,0.0,0.0
5,128,1,0.0,0.0
5,129,2,2.0,1.0
5,134,1,0.0,0.0
5,135,2,1.0,0.5
5,137,1,1.0,1.0
5,138,3,1.0,0.3333333333333333
5,140,3,1.0,0.3333333333333333
5,143,17,13.0,0.7647058823529411
5,144,1,0.0,0.0
5,145,1,1.0,1.0
5,146,5,1.0,0.2
5,147,5,1.0,0.2
5,148,1,1.0,1.0
5,149,8,5.0,0.625
5,153,3,2.0,0.6666666666666666
5,156,1,0.0,0.0
5,161,5,5.0,1.0
5,162,5,1.0,0.2
5,165,5,5.0,1.0
5,167,4,2.0,0.5
5,168,1,0.0,0.0
5,171,5,5.0,1.0
5,177,4,2.0,0.5
5,178,15,7.0,0.4666666666666667
5,179,61,42.0,0.6885245901639344
5,181,23,15.0,0.6521739130434783
5,182,15,8.0,0.5333333333333333
5,183,26,19.0,0.7307692307692307
5,184,22,17.0,0.7727272727272727
5,185,16,8.0,0.5
5,2,7,5.0,0.7142857142857143
5,20,1,1.0,1.0
5,21,1,1.0,1.0
5,22,1,1.0,1.0
5,23,2,1.0,0.5
5,24,8,6.0,0.75
5,25,2,1.0,0.5
5,26,1,1.0,1.0
5,27,1,1.0,1.0
5,28,5,4.0,0.8
5,29,5,4.0,0.8
5,30,9,6.0,0.6666666666666666
5,31,1,0.0,0.0
5,33,3,2.0,0.6666666666666666
5,34,6,3.0,0.5
5,35,5,2.0,0.4
5,36,2,1.0,0.5
5,37,2,1.0,0.5
5,38,2,2.0,1.0
5,39,2,2.0,1.0
5,4,1,1.0,1.0
5,40,2,2.0,1.0
5,42,1,1.0,1.0
5,44,3,2.0,0.6666666666666666
5,45,4,2.0,0.5
5,46,1,1.0,1.0
5,47,1,1.0,1.0
5,5,2,1.0,0.5
5,51,2,2.0,1.0
5,52,7,6.0,0.8571428571428571
5,53,6,5.0,0.8333333333333334
5,54,7,5.0,0.7142857142857143
5,55,3,2.0,0.6666666666666666
5,56,5,4.0,0.8
5,57,4,0.0,0.0
5,58,1,0.0,0.0
5,6,1,1.0,1.0
5,60,3,2.0,0.6666666666666666
5,61,6,4.0,0.6666666666666666
5,64,3,1.0,0.3333333333333333
5,65,6,6.0,1.0
5,66,3,2.0,0.6666666666666666
5,67,3,2.0,0.6666666666666666
5,68,3,3.0,1.0
5,7,2,1.0,0.5
5,70,3,2.0,0.6666666666666666
5,71,5,4.0,0.8
5,72,1,1.0,1.0
5,73,1,0.0,0.0
5,74,3,1.0,0.3333333333333333
5,76,2,2.0,1.0
5,77,10,6.0,0.6
5,78,4,4.0,1.0
5,80,1,1.0,1.0
5,81,1,0.0,0.0
5,83,3,0.0,0.0
5,85,12,7.0,0.5833333333333334
5,86,5,4.0,0.8
5,87,3,2.0,0.6666666666666666
5,9,2,2.0,1.0
5,90,2,2.0,1.0
5,92,1,1.0,1.0
5,98,1,1.0,1.0
6,104,1,1.0,1.0
6,181,1,0.0,0.0
6,183,1,0.0,0.0
6,185,2,0.0,0.0
6,30,1,0.0,0.0
6,31,2,0.0,0.0
6,32,2,0.0,0.0
6,71,1,0.0,0.0
6,72,1,0.0,0.0
6,74,1,0.0,0.0
6,80,1,0.0,0.0
7,-1,1,0.0,0.0
7,1,8,5.0,0.625
7,10,8,4.0,0.5
7,100,5,3.0,0.6
7,101,5,4.0,0.8
7,102,1,1.0,1.0
7,103,3,2.0,0.6666666666666666
7,104,4,3.0,0.75
7,105,6,3.0,0.5
7,106,10,9.0,0.9
7,107,8,6.0,0.75
7,108,8,5.0,0.625
7,109,6,4.0,0.6666666666666666
7,11,10,7.0,0.7
7,110,5,2.0,0.4
7,111,1,1.0,1.0
7,112,1,1.0,1.0
7,113,3,1.0,0.3333333333333333
7,114,12,8.0,0.6666666666666666
7,115,1,0.0,0.0
7,116,5,4.0,0.8
7,117,12,4.0,0.3333333333333333
7,118,8,5.0,0.625
7,119,6,5.0,0.8333333333333334
7,12,5,5.0,1.0
7,120,7,5.0,0.7142857142857143
7,121,10,6.0,0.6
7,122,1,0.0,0.0
7,123,10,6.0,0.6
7,124,4,4.0,1.0
7,125,3,2.0,0.6666666666666666
7,126,13,7.0,0.5384615384615384
7,128,9,4.0,0.4444444444444444
7,129,7,5.0,0.7142857142857143
7,13,4,4.0,1.0
7,130,4,2.0,0.5
7,131,2,2.0,1.0
7,132,3,1.0,0.3333333333333333
7,133,9,3.0,0.3333333333333333
7,134,5,3.0,0.6
7,135,2,1.0,0.5
7,136,1,0.0,0.0
7,137,6,3.0,0.5
7,138,9,6.0,0.6666666666666666
7,14,5,3.0,0.6
7,140,9,5.0,0.5555555555555556
7,141,1,1.0,1.0
7,142,2,1.0,0.5
7,143,5,3.0,0.6
7,144,7,5.0,0.7142857142857143
7,145,6,4.0,0.6666666666666666
7,15,8,5.0,0.625
7,16,2,2.0,1.0
7,17,4,2.0,0.5
7,179,91,68.0,0.7472527472527473
7,18,13,6.0,0.46153846153846156
7,180,4,3.0,0.75
7,181,234,159.0,0.6794871794871795
7,182,166,106.0,0.6385542168674698
7,183,228,143.0,0.6271929824561403
7,184,139,102.0,0.7338129496402878
7,185,117,80.0,0.6837606837606838
7,19,5,3.0,0.6
7,194,1,0.0,0.0
7,2,92,65.0,0.7065217391304348
7,20,10,7.0,0.7
7,21,10,7.0,0.7
7,22,5,4.0,0.8
7,23,16,13.0,0.8125
7,24,118,80.0,0.6779661016949152
7,25,16,14.0,0.875
7,26,23,15.0,0.6521739130434783
7,27,34,29.0,0.8529411764705882
7,28,28,22.0,0.7857142857142857
7,29,19,15.0,0.7894736842105263
7,3,4,2.0,0.5
7,30,46,33.0,0.717391304347826
7,31,43,27.0,0.627906976744186
7,32,42,28.0,0.6666666666666666
7,33,22,11.0,0.5
7,34,31,21.0,0.6774193548387096
7,35,15,10.0,0.6666666666666666
7,36,18,13.0,0.7222222222222222
7,37,22,13.0,0.5909090909090909
7,38,22,13.0,0.5909090909090909
7,39,20,13.0,0.65
7,4,9,8.0,0.8888888888888888
7,40,21,13.0,0.6190476190476191
7,41,15,10.0,0.6666666666666666
7,42,19,13.0,0.6842105263157895
7,43,9,8.0,0.8888888888888888
7,44,35,22.0,0.6285714285714286
7,45,24,16.0,0.6666666666666666
7,46,21,13.0,0.6190476190476191
7,47,20,12.0,0.6
7,48,5,5.0,1.0
7,49,16,10.0,0.625
7,5,14,9.0,0.6428571428571429
7,50,8,5.0,0.625
7,51,13,5.0,0.38461538461538464
7,52,6,4.0,0.6666666666666666
7,53,24,14.0,0.5833333333333334
7,54,3,3.0,1.0
7,56,20,13.0,0.65
7,58,2,1.0,0.5
7,59,4,3.0,0.75
7,6,12,9.0,0.75
7,63,5,1.0,0.2
7,7,47,28.0,0.5957446808510638
7,71,5,4.0,0.8
7,72,6,5.0,0.8333333333333334
7,73,8,6.0,0.75
7,74,7,4.0,0.5714285714285714
7,75,2,1.0,0.5
7,76,27,16.0,0.5925925925925926
7,77,20,13.0,0.65
7,78,15,11.0,0.7333333333333333
7,79,13,8.0,0.6153846153846154
7,8,12,7.0,0.5833333333333334
7,80,7,4.0,0.5714285714285714
7,81,11,5.0,0.45454545454545453
7,82,7,6.0,0.8571428571428571
7,83,17,11.0,0.6470588235294118
7,84,7,2.0,0.2857142857142857
7,85,31,19.0,0.6129032258064516
7,86,17,12.0,0.7058823529411765
7,87,7,4.0,0.5714285714285714
7,88,5,3.0,0.6
7,89,9,6.0,0.6666666666666666
7,9,7,5.0,0.7142857142857143
7,90,6,4.0,0.6666666666666666
7,91,5,3.0,0.6
7,92,10,9.0,0.9
7,93,7,4.0,0.5714285714285714
7,94,16,10.0,0.625
7,95,4,3.0,0.75
7,96,8,6.0,0.75
7,97,8,4.0,0.5
7,98,2,2.0,1.0
7,99,7,4.0,0.5714285714285714
8,100,1,0.0,0.0
8,181,2,2.0,1.0
8,182,2,0.0,0.0
8,183,2,1.0,0.5
8,184,1,0.0,0.0
8,185,1,1.0,1.0
8,24,2,2.0,1.0
8,28,1,0.0,0.0
8,29,1,0.0,0.0
8,30,2,1.0,0.5
8,33,1,1.0,1.0
8,40,1,1.0,1.0
8,52,1,0.0,0.0
8,71,1,1.0,1.0
8,76,2,1.0,0.5
8,78,2,0.0,0.0
8,80,1,1.0,1.0
8,88,1,0.0,0.0
9,104,2,0.0,0.0
9,11,1,1.0,1.0
9,116,1,0.0,0.0
9,120,2,0.0,0.0
9,129,1,0.0,0.0
9,143,1,0.0,0.0
9,181,7,3.0,0.42857142857142855
9,182,7,5.0,0.7142857142857143
9,183,8,7.0,0.875
9,184,2,2.0,1.0
9,185,4,2.0,0.5
9,2,1,0.0,0.0
9,20,1,1.0,1.0
9,21,1,1.0,1.0
9,24,1,0.0,0.0
9,32,1,0.0,0.0
9,34,1,1.0,1.0
9,35,1,1.0,1.0
9,36,2,1.0,0.5
9,37,1,1.0,1.0
9,4,1,0.0,0.0
9,43,1,0.0,0.0
9,53,3,3.0,1.0
9,56,6,4.0,0.6666666666666666
9,59,1,1.0,1.0
9,64,1,1.0,1.0
9,7,1,1.0,1.0
9,72,2,0.0,0.0
9,74,1,1.0,1.0
9,77,1,0.0,0.0
9,78,4,0.0,0.0
9,83,1,0.0,0.0
9,86,1,0.0,0.0
9,98,1,0.0,0.0
10,143,1,1.0,1.0
11,1,2,1.0,0.5
11,10,2,2.0,1.0
11,100,4,2.0,0.5
11,101,5,2.0,0.4
11,103,23,11.0,0.4782608695652174
11,104,9,5.0,0.5555555555555556
11,105,15,8.0,0.5333333333333333
11,106,24,14.0,0.5833333333333334
11,107,10,8.0,0.8
11,108,6,5.0,0.8333333333333334
11,109,5,3.0,0.6
11,11,6,4.0,0.6666666666666666
11,110,5,5.0,1.0
11,111,10,5.0,0.5
11,112,5,4.0,0.8
11,113,13,9.0,0.6923076923076923
11,114,17,13.0,0.7647058823529411
11,115,16,11.0,0.6875
11,116,21,13.0,0.6190476190476191
11,117,9,6.0,0.6666666666666666
11,118,17,9.0,0.5294117647058824
11,119,45,24.0,0.5333333333333333
11,12,1,0.0,0.0
11,120,22,17.0,0.7727272727272727
11,121,29,15.0,0.5172413793103449
11,122,4,4.0,1.0
11,123,6,3.0,0.5
11,124,10,7.0,0.7
11,125,7,4.0,0.5714285714285714
11,126,4,3.0,0.75
11,128,12,7.0,0.5833333333333334
11,129,15,10.0,0.6666666666666666
11,130,19,12.0,0.631578947368421
11,131,5,4.0,0.8
11,132,13,7.0,0.5384615384615384
11,133,16,7.0,0.4375
11,134,8,4.0,0.5
11,135,6,4.0,0.6666666666666666
11,136,9,6.0,0.6666666666666666
11,137,7,3.0,0.42857142857142855
11,138,12,9.0,0.75
11,14,3,2.0,0.6666666666666666
11,140,8,6.0,0.75
11,141,7,7.0,1.0
11,142,18,12.0,0.6666666666666666
11,143,75,58.0,0.7733333333333333
11,144,8,6.0,0.75
11,145,7,6.0,0.8571428571428571
11,15,2,2.0,1.0
11,16,1,1.0,1.0
11,17,11,6.0,0.5454545454545454
11,179,202,152.0,0.7524752475247525
11,18,3,3.0,1.0
11,181,556,413.0,0.7428057553956835
11,182,472,347.0,0.7351694915254238
11,183,566,423.0,0.7473498233215548
11,184,401,298.0,0.743142144638404
11,185,212,153.0,0.7216981132075472
11,19,4,3.0,0.75
11,194,13,8.0,0.6153846153846154
11,2,25,20.0,0.8
11,20,3,2.0,0.6666666666666666
11,21,3,2.0,0.6666666666666666
11,23,19,13.0,0.6842105263157895
11,24,315,235.0,0.746031746031746
11,25,49,37.0,0.7551020408163265
11,26,45,35.0,0.7777777777777778
11,27,29,22.0,0.7586206896551724
11,28,74,53.0,0.7162162162162162
11,29,61,45.0,0.7377049180327869
11,3,1,1.0,1.0
11,30,73,56.0,0.7671232876712328
11,31,102,76.0,0.7450980392156863
11,32,93,74.0,0.7956989247311828
11,33,51,38.0,0.7450980392156863
11,34,94,68.0,0.723404255319149
11,35,67,49.0,0.7313432835820896
11,36,63,54.0,0.8571428571428571
11,37,70,57.0,0.8142857142857143
11,38,54,40.0,0.7407407407407407
11,39,53,40.0,0.7547169811320755
11,4,5,4.0,0.8
11,40,59,39.0,0.6610169491525424
11,41,28,22.0,0.7857142857142857
11,42,35,22.0,0.6285714285714286
11,43,39,30.0,0.7692307692307693
11,44,63,51.0,0.8095238095238095
11,45,57,44.0,0.7719298245614035
11,46,28,23.0,0.8214285714285714
11,47,28,23.0,0.8214285714285714
11,48,21,18.0,0.8571428571428571
11,49,14,11.0,0.7857142857142857
11,5,2,2.0,1.0
11,50,23,16.0,0.6956521739130435
11,51,6,5.0,0.8333333333333334
11,52,95,59.0,0.6210526315789474
11,53,109,78.0,0.7155963302752294
11,54,51,39.0,0.7647058823529411
11,55,17,14.0,0.8235294117647058
11,56,119,85.0,0.7142857142857143
11,57,15,7.0,0.4666666666666667
11,58,15,9.0,0.6
11,59,73,47.0,0.6438356164383562
11,6,9,7.0,0.7777777777777778
11,60,58,40.0,0.6896551724137931
11,61,14,11.0,0.7857142857142857
11,62,2,2.0,1.0
11,63,45,32.0,0.7111111111111111
11,64,27,20.0,0.7407407407407407
11,65,7,5.0,0.7142857142857143
11,66,9,6.0,0.6666666666666666
11,67,14,10.0,0.7142857142857143
11,68,15,6.0,0.4
11,69,3,1.0,0.3333333333333333
11,7,31,22.0,0.7096774193548387
11,70,8,7.0,0.875
11,71,30,16.0,0.5333333333333333
11,72,20,12.0,0.6
11,73,9,9.0,1.0
11,74,34,18.0,0.5294117647058824
11,75,9,7.0,0.7777777777777778
11,76,80,51.0,0.6375
11,77,73,39.0,0.5342465753424658
11,78,49,32.0,0.6530612244897959
11,79,9,6.0,0.6666666666666666
11,8,2,2.0,1.0
11,80,41,26.0,0.6341463414634146
11,81,21,15.0,0.7142857142857143
11,82,12,8.0,0.6666666666666666
11,83,44,27.0,0.6136363636363636
11,84,60,39.0,0.65
11,85,71,43.0,0.6056338028169014
11,86,34,23.0,0.6764705882352942
11,87,28,15.0,0.5357142857142857
11,88,16,10.0,0.625
11,89,6,3.0,0.5
11,9,2,2.0,1.0
11,90,17,11.0,0.6470588235294118
11,91,3,3.0,1.0
11,92,8,6.0,0.75
11,93,10,8.0,0.8
11,94,21,11.0,0.5238095238095238
11,95,27,13.0,0.48148148148148145
11,96,21,13.0,0.6190476190476191
11,97,9,6.0,0.6666666666666666
11,98,36,22.0,0.6111111111111112
11,99,7,4.0,0.5714285714285714
12,103,1,1.0,1.0
12,106,1,1.0,1.0
12,110,1,1.0,1.0
12,113,1,1.0,1.0
12,117,1,0.0,0.0
12,119,1,0.0,0.0
12,120,1,1.0,1.0
12,125,1,1.0,1.0
12,126,1,0.0,0.0
12,129,2,2.0,1.0
12,130,1,1.0,1.0
12,131,1,1.0,1.0
12,132,1,1.0,1.0
12,134,1,1.0,1.0
12,137,1,1.0,1.0
12,142,1,0.0,0.0
12,145,2,1.0,0.5
12,184,1,1.0,1.0
12,185,1,1.0,1.0
12,24,1,1.0,1.0
12,50,1,1.0,1.0
12,71,1,0.0,0.0
12,76,2,0.0,0.0
12,77,1,1.0,1.0
12,78,3,0.0,0.0
12,83,3,2.0,0.6666666666666666
12,85,5,4.0,0.8
12,92,2,1.0,0.5
12,94,3,2.0,0.6666666666666666
12,96,1,0.0,0.0
12,98,1,1.0,1.0
13,102,1,1.0,1.0
13,104,1,0.0,0.0
13,119,1,1.0,1.0
13,120,2,1.0,0.5
13,121,1,1.0,1.0
13,123,2,1.0,0.5
13,126,1,0.0,0.0
13,143,1,1.0,1.0
13,179,1,1.0,1.0
13,181,8,7.0,0.875
13,182,9,6.0,0.6666666666666666
13,183,11,5.0,0.45454545454545453
13,184,4,3.0,0.75
13,185,6,3.0,0.5
13,23,1,1.0,1.0
13,24,11,5.0,0.45454545454545453
13,25,2,0.0,0.0
13,26,1,0.0,0.0
13,28,1,0.0,0.0
13,29,1,0.0,0.0
13,30,6,3.0,0.5
13,33,7,4.0,0.5714285714285714
13,34,1,1.0,1.0
13,42,1,1.0,1.0
13,43,1,1.0,1.0
13,44,2,2.0,1.0
13,45,1,1.0,1.0
13,49,1,1.0,1.0
13,51,2,0.0,0.0
13,52,1,1.0,1.0
13,53,1,1.0,1.0
13,56,2,2.0,1.0
13,74,2,1.0,0.5
13,76,1,0.0,0.0
13,78,4,1.0,0.25
13,84,1,0.0,0.0
13,88,1,1.0,1.0
13,92,1,1.0,1.0
13,94,1,1.0,1.0
13,95,1,0.0,0.0
13,97,2,1.0,0.5
14,104,1,0.0,0.0
14,105,2,0.0,0.0
14,107,1,1.0,1.0
14,108,2,0.0,0.0
14,11,1,1.0,1.0
14,111,1,1.0,1.0
14,112,1,1.0,1.0
14,113,1,1.0,1.0
14,114,4,2.0,0.5
14,116,2,2.0,1.0
14,119,1,0.0,0.0
14,120,1,1.0,1.0
14,122,1,1.0,1.0
14,124,2,0.0,0.0
14,126,1,1.0,1.0
14,129,1,1.0,1.0
14,132,1,0.0,0.0
14,135,1,1.0,1.0
14,137,1,1.0,1.0
14,138,2,2.0,1.0
14,143,1,1.0,1.0
14,144,3,2.0,0.6666666666666666
14,145,1,0.0,0.0
14,17,1,1.0,1.0
14,179,4,3.0,0.75
14,18,1,1.0,1.0
14,181,26,20.0,0.7692307692307693
14,182,23,16.0,0.6956521739130435
14,183,27,17.0,0.6296296296296297
14,184,12,9.0,0.75
14,185,16,10.0,0.625
14,2,1,0.0,0.0
14,24,17,9.0,0.5294117647058824
14,25,1,0.0,0.0
14,26,8,5.0,0.625
14,27,4,4.0,1.0
14,28,2,2.0,1.0
14,29,2,2.0,1.0
14,30,8,6.0,0.75
14,31,2,1.0,0.5
14,32,2,1.0,0.5
14,34,2,2.0,1.0
14,35,1,1.0,1.0
14,36,1,0.0,0.0
14,37,1,0.0,0.0
14,38,3,3.0,1.0
14,39,3,3.0,1.0
14,4,1,0.0,0.0
14,40,2,0.0,0.0
14,41,3,1.0,0.3333333333333333
14,42,1,1.0,1.0
14,43,1,1.0,1.0
14,44,7,7.0,1.0
14,45,2,2.0,1.0
14,46,3,3.0,1.0
14,47,3,3.0,1.0
14,48,1,1.0,1.0
14,49,5,5.0,1.0
14,50,1,1.0,1.0
14,51,6,3.0,0.5
14,52,2,1.0,0.5
14,53,7,3.0,0.42857142857142855
14,56,3,3.0,1.0
14,6,1,1.0,1.0
14,7,4,4.0,1.0
14,71,2,1.0,0.5
14,74,4,2.0,0.5
14,76,1,0.0,0.0
14,77,5,4.0,0.8
14,78,2,2.0,1.0
14,80,2,1.0,0.5
14,82,1,0.0,0.0
14,83,3,1.0,0.3333333333333333
14,84,1,1.0,1.0
14,85,3,1.0,0.3333333333333333
14,86,1,0.0,0.0
14,88,1,1.0,1.0
14,89,1,0.0,0.0
14,91,1,1.0,1.0
14,92,1,1.0,1.0
14,97,2,0.0,0.0
15,100,4,1.0,0.25
15,101,4,0.0,0.0
15,102,3,1.0,0.3333333333333333
15,103,23,11.0,0.4782608695652174
15,104,20,8.0,0.4
15,105,9,5.0,0.5555555555555556
15,106,32,10.0,0.3125
15,107,12,7.0,0.5833333333333334
15,108,6,2.0,0.3333333333333333
15,109,3,2.0,0.6666666666666666
15,110,2,1.0,0.5
15,111,5,3.0,0.6
15,112,7,2.0,0.2857142857142857
15,113,9,5.0,0.5555555555555556
15,114,12,3.0,0.25
15,115,5,2.0,0.4
15,116,12,2.0,0.16666666666666666
15,117,11,1.0,0.09090909090909091
15,118,8,2.0,0.25
15,119,33,17.0,0.5151515151515151
15,120,21,9.0,0.42857142857142855
15,121,25,11.0,0.44
15,122,5,0.0,0.0
15,123,13,3.0,0.23076923076923078
15,124,6,4.0,0.6666666666666666
15,125,5,3.0,0.6
15,126,7,3.0,0.42857142857142855
15,128,5,1.0,0.2
15,129,16,7.0,0.4375
15,13,1,1.0,1.0
15,130,13,3.0,0.23076923076923078
15,131,1,1.0,1.0
15,132,9,5.0,0.5555555555555556
15,133,15,3.0,0.2
15,134,5,2.0,0.4
15,135,2,2.0,1.0
15,136,4,0.0,0.0
15,137,5,1.0,0.2
15,138,4,2.0,0.5
15,140,3,1.0,0.3333333333333333
15,141,3,2.0,0.6666666666666666
15,142,4,1.0,0.25
15,144,5,3.0,0.6
15,145,1,0.0,0.0
15,179,2,1.0,0.5
15,18,1,1.0,1.0
15,181,9,6.0,0.6666666666666666
15,182,4,4.0,1.0
15,183,4,2.0,0.5
15,184,5,3.0,0.6
15,185,3,2.0,0.6666666666666666
15,19,1,0.0,0.0
15,2,3,1.0,0.3333333333333333
15,24,2,2.0,1.0
15,28,2,1.0,0.5
15,29,2,1.0,0.5
15,30,2,1.0,0.5
15,31,1,1.0,1.0
15,32,1,1.0,1.0
15,34,1,1.0,1.0
15,40,1,1.0,1.0
15,42,1,1.0,1.0
15,44,4,2.0,0.5
15,45,1,1.0,1.0
15,48,1,1.0,1.0
15,49,3,1.0,0.3333333333333333
15,6,1,1.0,1.0
15,7,2,2.0,1.0
15,71,29,22.0,0.7586206896551724
15,72,16,6.0,0.375
15,73,11,5.0,0.45454545454545453
15,74,46,33.0,0.717391304347826
15,75,6,2.0,0.3333333333333333
15,76,65,31.0,0.47692307692307695
15,77,74,38.0,0.5135135135135135
15,78,43,22.0,0.5116279069767442
15,79,8,1.0,0.125
15,8,1,0.0,0.0
15,80,44,24.0,0.5454545454545454
15,81,20,6.0,0.3
15,82,22,10.0,0.45454545454545453
15,83,53,28.0,0.5283018867924528
15,84,19,14.0,0.7368421052631579
15,85,75,36.0,0.48
15,86,31,12.0,0.3870967741935484
15,87,25,3.0,0.12
15,88,17,5.0,0.29411764705882354
15,89,3,1.0,0.3333333333333333
15,90,20,6.0,0.3
15,91,4,2.0,0.5
15,92,11,6.0,0.5454545454545454
15,93,13,4.0,0.3076923076923077
15,94,20,10.0,0.5
15,95,18,8.0,0.4444444444444444
15,96,17,12.0,0.7058823529411765
15,97,3,1.0,0.3333333333333333
15,98,31,24.0,0.7741935483870968
15,99,9,2.0,0.2222222222222222
16,-1,1,0.0,0.0
16,1,4,4.0,1.0
16,10,5,4.0,0.8
16,100,10,4.0,0.4
16,101,16,11.0,0.6875
16,102,3,3.0,1.0
16,103,20,9.0,0.45
16,104,20,13.0,0.65
16,105,25,16.0,0.64
16,106,45,22.0,0.4888888888888889
16,107,25,19.0,0.76
16,108,11,11.0,1.0
16,109,14,11.0,0.7857142857142857
16,11,12,7.0,0.5833333333333334
16,110,4,4.0,1.0
16,111,8,4.0,0.5
16,112,5,5.0,1.0
16,113,14,11.0,0.7857142857142857
16,114,24,15.0,0.625
16,115,10,9.0,0.9
16,116,20,13.0,0.65
16,117,24,15.0,0.625
16,118,25,13.0,0.52
16,119,45,32.0,0.7111111111111111
16,12,2,2.0,1.0
16,120,56,46.0,0.8214285714285714
16,121,15,8.0,0.5333333333333333
16,122,12,9.0,0.75
16,123,22,14.0,0.6363636363636364
16,124,15,9.0,0.6
16,125,8,5.0,0.625
16,126,9,6.0,0.6666666666666666
16,128,8,6.0,0.75
16,129,27,15.0,0.5555555555555556
16,13,2,2.0,1.0
16,130,22,18.0,0.8181818181818182
16,131,4,4.0,1.0
16,132,13,10.0,0.7692307692307693
16,133,13,7.0,0.5384615384615384
16,134,46,32.0,0.6956521739130435
16,135,11,9.0,0.8181818181818182
16,136,7,4.0,0.5714285714285714
16,137,5,5.0,1.0
16,138,8,5.0,0.625
16,14,10,6.0,0.6
16,140,10,7.0,0.7
16,141,3,3.0,1.0
16,142,12,7.0,0.5833333333333334
16,143,170,117.0,0.6882352941176471
16,144,9,9.0,1.0
16,145,10,7.0,0.7
16,146,75,45.0,0.6
16,147,90,64.0,0.7111111111111111
16,148,35,27.0,0.7714285714285715
16,149,142,93.0,0.6549295774647887
16,15,4,4.0,1.0
16,150,33,24.0,0.7272727272727273
16,151,37,23.0,0.6216216216216216
16,152,9,6.0,0.6666666666666666
16,153,63,38.0,0.6031746031746031
16,155,97,64.0,0.6597938144329897
16,156,32,24.0,0.75
16,157,40,29.0,0.725
16,158,105,70.0,0.6666666666666666
16,159,78,54.0,0.6923076923076923
16,16,4,4.0,1.0
16,160,20,8.0,0.4
16,161,20,11.0,0.55
16,162,107,70.0,0.6542056074766355
16,163,10,7.0,0.7
16,164,10,8.0,0.8
16,165,15,12.0,0.8
16,166,35,23.0,0.6571428571428571
16,167,38,27.0,0.7105263157894737
16,168,15,13.0,0.8666666666666667
16,169,10,7.0,0.7
16,17,13,9.0,0.6923076923076923
16,170,20,17.0,0.85
16,171,10,7.0,0.7
16,172,22,14.0,0.6363636363636364
16,173,10,8.0,0.8
16,174,5,2.0,0.4
16,176,95,59.0,0.6210526315789474
16,177,110,84.0,0.7636363636363637
16,178,232,152.0,0.6551724137931034
16,179,820,557.0,0.6792682926829269
16,18,9,3.0,0.3333333333333333
16,180,3,3.0,1.0
16,181,1482,1016.0,0.6855600539811066
16,182,1616,1097.0,0.6788366336633663
16,183,1630,1157.0,0.7098159509202454
16,184,1035,730.0,0.7053140096618358
16,185,678,462.0,0.6814159292035398
16,19,6,5.0,0.8333333333333334
16,194,51,29.0,0.5686274509803921
16,2,78,66.0,0.8461538461538461
16,20,6,4.0,0.6666666666666666
16,21,6,4.0,0.6666666666666666
16,22,7,7.0,1.0
16,23,15,13.0,0.8666666666666667
16,24,203,143.0,0.7044334975369458
16,25,26,19.0,0.7307692307692307
16,26,23,18.0,0.782608695652174
16,27,28,18.0,0.6428571428571429
16,28,61,40.0,0.6557377049180327
16,29,51,31.0,0.6078431372549019
16,3,4,4.0,1.0
16,30,76,51.0,0.6710526315789473
16,300,3,2.0,0.6666666666666666
16,31,84,53.0,0.6309523809523809
16,32,75,47.0,0.6266666666666667
16,33,39,28.0,0.717948717948718
16,34,78,47.0,0.6025641025641025
16,35,58,35.0,0.603448275862069
16,36,41,29.0,0.7073170731707317
16,37,51,35.0,0.6862745098039216
16,38,34,25.0,0.7352941176470589
16,39,31,25.0,0.8064516129032258
16,4,12,10.0,0.8333333333333334
16,40,36,26.0,0.7222222222222222
16,41,17,11.0,0.6470588235294118
16,42,25,18.0,0.72
16,43,25,15.0,0.6
16,44,32,24.0,0.75
16,45,35,24.0,0.6857142857142857
16,46,12,8.0,0.6666666666666666
16,47,11,7.0,0.6363636363636364
16,48,11,9.0,0.8181818181818182
16,49,6,5.0,0.8333333333333334
16,5,7,5.0,0.7142857142857143
16,50,25,16.0,0.64
16,51,16,12.0,0.75
16,52,866,585.0,0.6755196304849884
16,53,636,489.0,0.7688679245283019
16,54,590,393.0,0.6661016949152543
16,55,314,200.0,0.6369426751592356
16,56,462,329.0,0.7121212121212122
16,57,171,102.0,0.5964912280701754
16,58,180,103.0,0.5722222222222222
16,59,325,197.0,0.6061538461538462
16,6,26,18.0,0.6923076923076923
16,60,298,191.0,0.6409395973154363
16,61,36,28.0,0.7777777777777778
16,62,18,13.0,0.7222222222222222
16,63,177,114.0,0.6440677966101694
16,64,147,91.0,0.6190476190476191
16,65,39,30.0,0.7692307692307693
16,66,73,52.0,0.7123287671232876
16,67,72,46.0,0.6388888888888888
16,68,81,54.0,0.6666666666666666
16,69,27,18.0,0.6666666666666666
16,7,65,41.0,0.6307692307692307
16,70,57,41.0,0.7192982456140351
16,71,45,33.0,0.7333333333333333
16,72,36,26.0,0.7222222222222222
16,73,32,21.0,0.65625
16,74,70,52.0,0.7428571428571429
16,75,14,8.0,0.5714285714285714
16,76,102,74.0,0.7254901960784313
16,77,127,88.0,0.6929133858267716
16,78,50,33.0,0.66
16,79,14,10.0,0.7142857142857143
16,8,8,7.0,0.875
16,80,33,18.0,0.5454545454545454
16,81,33,18.0,0.5454545454545454
16,82,18,11.0,0.6111111111111112
16,83,58,45.0,0.7758620689655172
16,84,32,22.0,0.6875
16,85,138,97.0,0.7028985507246377
16,86,48,28.0,0.5833333333333334
16,87,18,11.0,0.6111111111111112
16,88,26,21.0,0.8076923076923077
16,89,7,6.0,0.8571428571428571
16,9,5,3.0,0.6
16,90,13,12.0,0.9230769230769231
16,91,8,6.0,0.75
16,92,12,8.0,0.6666666666666666
16,93,17,10.0,0.5882352941176471
16,94,32,19.0,0.59375
16,95,25,14.0,0.56
16,96,26,13.0,0.5
16,97,8,6.0,0.75
16,98,31,18.0,0.5806451612903226
16,99,13,9.0,0.6923076923076923
19,101,1,0.0,0.0
19,103,1,0.0,0.0
19,106,1,0.0,0.0
19,111,1,0.0,0.0
19,113,1,0.0,0.0
19,116,1,0.0,0.0
19,118,1,0.0,0.0
19,119,2,0.0,0.0
19,12,1,0.0,0.0
19,120,1,0.0,0.0
19,128,1,0.0,0.0
19,129,1,0.0,0.0
19,13,1,0.0,0.0
19,130,1,0.0,0.0
19,131,1,0.0,0.0
19,132,1,0.0,0.0
19,134,1,0.0,0.0
19,138,1,0.0,0.0
19,143,1,0.0,0.0
19,146,11,1.0,0.09090909090909091
19,147,4,0.0,0.0
19,148,4,0.0,0.0
19,149,6,0.0,0.0
19,151,1,0.0,0.0
19,153,8,1.0,0.125
19,155,3,0.0,0.0
19,158,1,0.0,0.0
19,159,2,0.0,0.0
19,16,1,0.0,0.0
19,162,11,1.0,0.09090909090909091
19,164,5,1.0,0.2
19,166,1,0.0,0.0
19,167,2,0.0,0.0
19,17,2,0.0,0.0
19,170,1,0.0,0.0
19,172,6,0.0,0.0
19,173,1,0.0,0.0
19,176,3,0.0,0.0
19,177,3,0.0,0.0
19,178,19,2.0,0.10526315789473684
19,179,13,1.0,0.07692307692307693
19,181,14,0.0,0.0
19,182,12,0.0,0.0
19,183,14,0.0,0.0
19,184,6,0.0,0.0
19,185,5,0.0,0.0
19,2,4,0.0,0.0
19,24,2,0.0,0.0
19,26,1,0.0,0.0
19,30,3,0.0,0.0
19,36,2,0.0,0.0
19,37,2,0.0,0.0
19,4,1,0.0,0.0
19,40,1,0.0,0.0
19,52,3,0.0,0.0
19,53,5,0.0,0.0
19,54,1,0.0,0.0
19,56,9,0.0,0.0
19,6,4,0.0,0.0
19,63,1,0.0,0.0
19,64,1,0.0,0.0
19,66,1,0.0,0.0
19,68,1,0.0,0.0
19,7,6,0.0,0.0
19,72,1,0.0,0.0
19,74,1,0.0,0.0
19,77,1,0.0,0.0
19,78,1,0.0,0.0
19,79,1,0.0,0.0
19,82,1,0.0,0.0
19,83,1,0.0,0.0
19,85,3,0.0,0.0
19,87,1,0.0,0.0
19,88,1,0.0,0.0
19,95,1,0.0,0.0
19,98,1,0.0,0.0
19,99,1,0.0,0.0
20,100,1,0.0,0.0
20,103,1,1.0,1.0
20,104,3,2.0,0.6666666666666666
20,106,3,3.0,1.0
20,107,1,1.0,1.0
20,110,1,1.0,1.0
20,112,1,0.0,0.0
20,113,1,0.0,0.0
20,115,1,0.0,0.0
20,117,1,1.0,1.0
20,118,1,0.0,0.0
20,119,1,1.0,1.0
20,122,2,2.0,1.0
20,128,2,1.0,0.5
20,129,1,1.0,1.0
20,130,2,2.0,1.0
20,135,1,0.0,0.0
20,137,3,2.0,0.6666666666666666
20,138,2,2.0,1.0
20,142,1,0.0,0.0
20,143,2,2.0,1.0
20,144,2,1.0,0.5
20,181,19,16.0,0.8421052631578947
20,182,9,5.0,0.5555555555555556
20,183,15,10.0,0.6666666666666666
20,184,9,9.0,1.0
20,185,6,4.0,0.6666666666666666
20,23,2,2.0,1.0
20,24,9,7.0,0.7777777777777778
20,25,2,1.0,0.5
20,26,1,0.0,0.0
20,27,4,3.0,0.75
20,28,1,1.0,1.0
20,29,1,1.0,1.0
20,30,5,3.0,0.6
20,33,1,1.0,1.0
20,34,2,2.0,1.0
20,35,1,1.0,1.0
20,36,5,3.0,0.6
20,37,5,3.0,0.6
20,38,3,2.0,0.6666666666666666
20,39,3,2.0,0.6666666666666666
20,41,2,2.0,1.0
20,42,1,1.0,1.0
20,43,1,1.0,1.0
20,44,7,5.0,0.7142857142857143
20,45,1,1.0,1.0
20,46,2,2.0,1.0
20,47,2,2.0,1.0
20,48,1,1.0,1.0
20,49,6,4.0,0.6666666666666666
20,50,1,1.0,1.0
20,71,1,0.0,0.0
20,72,1,0.0,0.0
20,73,1,1.0,1.0
20,74,1,0.0,0.0
20,76,1,1.0,1.0
20,77,3,3.0,1.0
20,78,3,2.0,0.6666666666666666
20,80,5,3.0,0.6
20,84,1,1.0,1.0
20,85,2,2.0,1.0
20,86,1,1.0,1.0
20,87,1,0.0,0.0
20,88,1,1.0,1.0
20,91,2,1.0,0.5
20,92,1,1.0,1.0
20,94,2,1.0,0.5
20,97,3,2.0,0.6666666666666666
21,101,1,1.0,1.0
21,112,1,0.0,0.0
21,113,1,0.0,0.0
21,117,3,1.0,0.3333333333333333
21,137,1,1.0,1.0
21,179,1,1.0,1.0
21,183,1,1.0,1.0
21,56,1,1.0,1.0
21,70,1,1.0,1.0
21,72,2,0.0,0.0
21,73,1,0.0,0.0
21,77,3,1.0,0.3333333333333333
21,80,1,0.0,0.0
21,83,1,0.0,0.0
21,85,1,0.0,0.0
21,93,4,1.0,0.25
21,96,1,1.0,1.0
21,98,1,0.0,0.0
22,140,1,0.0,0.0
22,181,1,1.0,1.0
22,182,2,2.0,1.0
22,183,1,1.0,1.0
22,184,3,3.0,1.0
22,185,2,2.0,1.0
22,24,2,2.0,1.0
22,40,1,1.0,1.0
22,50,1,1.0,1.0
22,52,1,1.0,1.0
22,53,1,1.0,1.0
22,76,1,1.0,1.0
22,78,1,0.0,0.0
22,80,1,1.0,1.0
22,84,1,1.0,1.0
22,90,1,0.0,0.0
37,101,1,1.0,1.0
37,103,1,0.0,0.0
37,104,1,0.0,0.0
37,105,1,0.0,0.0
37,106,1,0.0,0.0
37,108,2,1.0,0.5
37,109,1,0.0,0.0
37,11,1,1.0,1.0
37,110,1,0.0,0.0
37,113,2,0.0,0.0
37,115,2,0.0,0.0
37,116,1,1.0,1.0
37,119,8,1.0,0.125
37,120,5,4.0,0.8
37,121,1,1.0,1.0
37,122,1,1.0,1.0
37,124,1,0.0,0.0
37,125,1,1.0,1.0
37,128,1,0.0,0.0
37,129,1,0.0,0.0
37,130,1,0.0,0.0
37,134,10,3.0,0.3
37,135,1,1.0,1.0
37,14,2,1.0,0.5
37,140,1,1.0,1.0
37,143,42,9.0,0.21428571428571427
37,145,1,0.0,0.0
37,146,15,8.0,0.5333333333333333
37,147,30,10.0,0.3333333333333333
37,148,11,5.0,0.45454545454545453
37,149,47,13.0,0.2765957446808511
37,150,11,4.0,0.36363636363636365
37,151,11,5.0,0.45454545454545453
37,152,7,0.0,0.0
37,153,34,8.0,0.23529411764705882
37,155,21,12.0,0.5714285714285714
37,156,10,3.0,0.3
37,157,4,0.0,0.0
37,158,20,8.0,0.4
37,159,39,14.0,0.358974358974359
37,16,1,1.0,1.0
37,161,15,4.0,0.26666666666666666
37,162,30,12.0,0.4
37,165,5,1.0,0.2
37,166,5,0.0,0.0
37,167,20,3.0,0.15
37,168,5,0.0,0.0
37,169,3,1.0,0.3333333333333333
37,17,1,0.0,0.0
37,170,21,1.0,0.047619047619047616
37,171,5,1.0,0.2
37,172,16,5.0,0.3125
37,173,5,0.0,0.0
37,174,5,5.0,1.0
37,175,6,0.0,0.0
37,176,30,11.0,0.36666666666666664
37,177,57,13.0,0.22807017543859648
37,178,66,22.0,0.3333333333333333
37,179,170,47.0,0.27647058823529413
37,180,1,0.0,0.0
37,181,169,54.0,0.31952662721893493
37,182,140,43.0,0.30714285714285716
37,183,147,47.0,0.3197278911564626
37,184,94,37.0,0.39361702127659576
37,185,72,18.0,0.25
37,19,3,2.0,0.6666666666666666
37,194,6,1.0,0.16666666666666666
37,2,16,12.0,0.75
37,20,1,0.0,0.0
37,21,1,0.0,0.0
37,22,2,2.0,1.0
37,23,2,2.0,1.0
37,24,13,7.0,0.5384615384615384
37,25,3,1.0,0.3333333333333333
37,26,2,1.0,0.5
37,27,1,1.0,1.0
37,28,1,0.0,0.0
37,29,1,0.0,0.0
37,3,3,2.0,0.6666666666666666
37,30,12,6.0,0.5
37,31,6,4.0,0.6666666666666666
37,32,6,4.0,0.6666666666666666
37,33,4,3.0,0.75
37,34,4,2.0,0.5
37,35,2,0.0,0.0
37,36,1,1.0,1.0
37,37,1,1.0,1.0
37,38,1,0.0,0.0
37,39,1,0.0,0.0
37,40,1,1.0,1.0
37,41,2,0.0,0.0
37,42,2,2.0,1.0
37,43,1,1.0,1.0
37,44,10,5.0,0.5
37,45,3,1.0,0.3333333333333333
37,46,2,2.0,1.0
37,47,2,2.0,1.0
37,49,7,4.0,0.5714285714285714
37,5,1,1.0,1.0
37,52,89,28.0,0.3146067415730337
37,53,66,16.0,0.24242424242424243
37,54,46,10.0,0.21739130434782608
37,55,26,9.0,0.34615384615384615
37,56,50,13.0,0.26
37,57,25,6.0,0.24
37,58,19,4.0,0.21052631578947367
37,59,28,6.0,0.21428571428571427
37,6,5,3.0,0.6
37,60,18,2.0,0.1111111111111111
37,61,10,2.0,0.2
37,63,19,7.0,0.3684210526315789
37,64,3,0.0,0.0
37,65,6,2.0,0.3333333333333333
37,66,9,5.0,0.5555555555555556
37,67,9,4.0,0.4444444444444444
37,68,3,1.0,0.3333333333333333
37,69,9,3.0,0.3333333333333333
37,7,7,4.0,0.5714285714285714
37,70,9,2.0,0.2222222222222222
37,71,5,2.0,0.4
37,72,1,0.0,0.0
37,73,4,2.0,0.5
37,74,9,2.0,0.2222222222222222
37,75,1,1.0,1.0
37,76,9,1.0,0.1111111111111111
37,77,18,6.0,0.3333333333333333
37,78,3,1.0,0.3333333333333333
37,8,1,1.0,1.0
37,80,3,0.0,0.0
37,81,2,0.0,0.0
37,82,1,1.0,1.0
37,83,13,2.0,0.15384615384615385
37,84,2,0.0,0.0
37,85,17,5.0,0.29411764705882354
37,86,3,1.0,0.3333333333333333
37,87,2,0.0,0.0
37,88,1,0.0,0.0
37,9,2,2.0,1.0
37,94,1,1.0,1.0
37,95,3,0.0,0.0
37,98,1,1.0,1.0
37,99,3,1.0,0.3333333333333333
47,105,1,0.0,0.0
47,130,1,1.0,1.0
47,145,1,0.0,0.0
47,184,1,0.0,0.0
47,2,1,0.0,0.0
47,4,1,0.0,0.0
47,74,2,0.0,0.0
47,83,1,0.0,0.0
47,90,1,0.0,0.0
48,103,1,1.0,1.0
48,104,1,0.0,0.0
48,106,2,0.0,0.0
48,111,1,0.0,0.0
48,116,1,1.0,1.0
48,118,1,0.0,0.0
48,120,1,1.0,1.0
48,121,1,1.0,1.0
48,129,1,1.0,1.0
48,130,1,0.0,0.0
48,133,1,1.0,1.0
48,136,1,0.0,0.0
48,138,2,2.0,1.0
48,145,2,2.0,1.0
48,149,1,1.0,1.0
48,167,1,1.0,1.0
48,177,1,1.0,1.0
48,179,2,2.0,1.0
48,181,5,3.0,0.6
48,182,4,3.0,0.75
48,183,4,4.0,1.0
48,184,3,3.0,1.0
48,185,2,1.0,0.5
48,2,1,1.0,1.0
48,24,3,2.0,0.6666666666666666
48,25,3,2.0,0.6666666666666666
48,30,3,2.0,0.6666666666666666
48,53,5,5.0,1.0
48,56,1,0.0,0.0
48,63,1,1.0,1.0
48,64,1,1.0,1.0
48,71,1,1.0,1.0
48,74,3,2.0,0.6666666666666666
48,76,1,1.0,1.0
48,77,6,4.0,0.6666666666666666
48,78,3,3.0,1.0
48,79,2,1.0,0.5
48,8,1,1.0,1.0
48,83,1,1.0,1.0
48,84,1,0.0,0.0
48,85,5,1.0,0.2
48,87,1,1.0,1.0
48,88,1,1.0,1.0
48,89,1,1.0,1.0
48,90,1,1.0,1.0
48,92,1,1.0,1.0
48,95,1,1.0,1.0
49,-1,1,0.0,0.0
49,1,1,1.0,1.0
49,10,2,2.0,1.0
49,100,3,1.0,0.3333333333333333
49,103,1,0.0,0.0
49,105,2,2.0,1.0
49,106,2,2.0,1.0
49,107,1,1.0,1.0
49,108,1,0.0,0.0
49,109,1,1.0,1.0
49,11,3,2.0,0.6666666666666666
49,111,2,1.0,0.5
49,113,2,2.0,1.0
49,114,1,1.0,1.0
49,115,2,2.0,1.0
49,116,2,1.0,0.5
49,117,1,0.0,0.0
49,118,1,1.0,1.0
49,120,5,3.0,0.6
49,121,2,2.0,1.0
49,122,3,3.0,1.0
49,128,1,0.0,0.0
49,129,2,0.0,0.0
49,130,2,2.0,1.0
49,132,2,1.0,0.5
49,133,1,1.0,1.0
49,134,3,1.0,0.3333333333333333
49,136,2,0.0,0.0
49,138,2,1.0,0.5
49,14,1,1.0,1.0
49,140,1,0.0,0.0
49,142,1,1.0,1.0
49,143,13,11.0,0.8461538461538461
49,145,2,1.0,0.5
49,146,5,4.0,0.8
49,147,6,5.0,0.8333333333333334
49,148,2,2.0,1.0
49,149,11,10.0,0.9090909090909091
49,15,1,1.0,1.0
49,150,6,6.0,1.0
49,151,3,1.0,0.3333333333333333
49,153,4,4.0,1.0
49,155,6,4.0,0.6666666666666666
49,156,4,3.0,0.75
49,157,1,1.0,1.0
49,158,5,4.0,0.8
49,159,14,13.0,0.9285714285714286
49,162,15,12.0,0.8
49,164,5,4.0,0.8
49,167,7,6.0,0.8571428571428571
49,168,2,1.0,0.5
49,169,1,1.0,1.0
49,17,4,2.0,0.5
49,172,5,5.0,1.0
49,174,5,5.0,1.0
49,176,1,1.0,1.0
49,177,13,11.0,0.8461538461538461
49,178,25,21.0,0.84
49,179,49,36.0,0.7346938775510204
49,18,2,1.0,0.5
49,181,29,25.0,0.8620689655172413
49,182,28,19.0,0.6785714285714286
49,183,51,36.0,0.7058823529411765
49,184,29,25.0,0.8620689655172413
49,185,23,21.0,0.9130434782608695
49,19,3,2.0,0.6666666666666666
49,2,17,13.0,0.7647058823529411
49,20,4,4.0,1.0
49,21,4,4.0,1.0
49,23,1,1.0,1.0
49,24,5,3.0,0.6
49,25,1,1.0,1.0
49,28,2,2.0,1.0
49,29,2,2.0,1.0
49,3,1,1.0,1.0
49,30,5,5.0,1.0
49,31,1,1.0,1.0
49,32,1,1.0,1.0
49,33,1,1.0,1.0
49,34,1,1.0,1.0
49,35,1,1.0,1.0
49,36,1,1.0,1.0
49,37,1,1.0,1.0
49,38,1,1.0,1.0
49,39,1,1.0,1.0
49,4,6,3.0,0.5
49,40,1,0.0,0.0
49,41,1,0.0,0.0
49,44,2,2.0,1.0
49,48,1,1.0,1.0
49,49,2,2.0,1.0
49,5,1,1.0,1.0
49,52,15,11.0,0.7333333333333333
49,53,12,11.0,0.9166666666666666
49,54,8,6.0,0.75
49,55,4,3.0,0.75
49,56,7,7.0,1.0
49,57,2,1.0,0.5
49,58,6,4.0,0.6666666666666666
49,59,4,3.0,0.75
49,6,8,3.0,0.375
49,62,6,4.0,0.6666666666666666
49,63,3,1.0,0.3333333333333333
49,64,1,1.0,1.0
49,66,1,1.0,1.0
49,7,19,10.0,0.5263157894736842
49,70,3,2.0,0.6666666666666666
49,71,2,2.0,1.0
49,73,2,1.0,0.5
49,74,4,3.0,0.75
49,75,1,0.0,0.0
49,76,8,7.0,0.875
49,77,7,5.0,0.7142857142857143
49,78,5,2.0,0.4
49,79,1,1.0,1.0
49,8,2,2.0,1.0
49,80,2,2.0,1.0
49,83,4,0.0,0.0
49,84,3,3.0,1.0
49,85,5,4.0,0.8
49,86,4,2.0,0.5
49,87,1,0.0,0.0
49,88,3,1.0,0.3333333333333333
49,9,1,1.0,1.0
49,90,1,1.0,1.0
49,92,2,2.0,1.0
49,94,2,1.0,0.5
49,95,2,2.0,1.0
49,97,1,0.0,0.0
49,98,3,2.0,0.6666666666666666
50,-1,2,0.0,0.0
50,1,2,1.0,0.5
50,100,18,11.0,0.6111111111111112
50,101,8,8.0,1.0
50,102,7,7.0,1.0
50,103,43,32.0,0.7441860465116279
50,104,26,22.0,0.8461538461538461
50,105,36,32.0,0.8888888888888888
50,106,51,38.0,0.7450980392156863
50,107,34,30.0,0.8823529411764706
50,108,19,16.0,0.8421052631578947
50,109,15,11.0,0.7333333333333333
50,11,2,1.0,0.5
50,110,11,8.0,0.7272727272727273
50,111,5,4.0,0.8
50,112,13,13.0,1.0
50,113,14,14.0,1.0
50,114,30,22.0,0.7333333333333333
50,115,31,22.0,0.7096774193548387
50,116,45,36.0,0.8
50,117,19,17.0,0.8947368421052632
50,118,43,33.0,0.7674418604651163
50,119,84,71.0,0.8452380952380952
50,120,83,74.0,0.891566265060241
50,121,43,34.0,0.7906976744186046
50,122,20,15.0,0.75
50,123,29,23.0,0.7931034482758621
50,124,16,10.0,0.625
50,125,17,12.0,0.7058823529411765
50,126,24,13.0,0.5416666666666666
50,128,14,13.0,0.9285714285714286
50,129,66,55.0,0.8333333333333334
50,13,2,1.0,0.5
50,130,27,23.0,0.8518518518518519
50,131,7,5.0,0.7142857142857143
50,132,14,12.0,0.8571428571428571
50,133,32,26.0,0.8125
50,134,103,86.0,0.8349514563106796
50,135,15,13.0,0.8666666666666667
50,136,13,8.0,0.6153846153846154
50,137,13,6.0,0.46153846153846156
50,138,20,16.0,0.8
50,140,24,14.0,0.5833333333333334
50,141,6,6.0,1.0
50,142,11,7.0,0.6363636363636364
50,143,531,472.0,0.8888888888888888
50,144,10,8.0,0.8
50,145,6,6.0,1.0
50,146,251,223.0,0.8884462151394422
50,147,316,281.0,0.8892405063291139
50,148,113,101.0,0.8938053097345132
50,149,424,371.0,0.875
50,150,144,125.0,0.8680555555555556
50,151,120,96.0,0.8
50,152,44,38.0,0.8636363636363636
50,153,258,228.0,0.8837209302325582
50,154,25,23.0,0.92
50,155,367,315.0,0.8583106267029973
50,156,118,104.0,0.8813559322033898
50,157,120,103.0,0.8583333333333333
50,158,306,264.0,0.8627450980392157
50,159,277,233.0,0.8411552346570397
50,160,20,14.0,0.7
50,161,30,25.0,0.8333333333333334
50,162,360,310.0,0.8611111111111112
50,163,11,11.0,1.0
50,164,75,60.0,0.8
50,165,45,39.0,0.8666666666666667
50,166,45,38.0,0.8444444444444444
50,167,136,124.0,0.9117647058823529
50,168,38,36.0,0.9473684210526315
50,169,67,48.0,0.7164179104477612
50,170,97,84.0,0.865979381443299
50,171,21,18.0,0.8571428571428571
50,172,65,57.0,0.8769230769230769
50,173,5,5.0,1.0
50,174,15,11.0,0.7333333333333333
50,175,40,34.0,0.85
50,176,417,362.0,0.86810551558753
50,177,485,420.0,0.865979381443299
50,178,637,550.0,0.8634222919937206
50,179,968,833.0,0.8605371900826446
50,181,667,563.0,0.8440779610194903
50,182,804,690.0,0.8582089552238806
50,183,767,639.0,0.833116036505867
50,184,502,424.0,0.8446215139442231
50,185,272,232.0,0.8529411764705882
50,19,1,1.0,1.0
50,194,78,59.0,0.7564102564102564
50,196,26,24.0,0.9230769230769231
50,2,7,4.0,0.5714285714285714
50,20,2,1.0,0.5
50,21,2,1.0,0.5
50,219,2,1.0,0.5
50,23,4,3.0,0.75
50,24,25,17.0,0.68
50,25,8,5.0,0.625
50,27,5,3.0,0.6
50,28,9,6.0,0.6666666666666666
50,29,5,4.0,0.8
50,30,19,14.0,0.7368421052631579
50,300,18,14.0,0.7777777777777778
50,31,8,5.0,0.625
50,32,5,4.0,0.8
50,33,1,1.0,1.0
50,34,6,3.0,0.5
50,35,3,2.0,0.6666666666666666
50,36,2,2.0,1.0
50,37,2,2.0,1.0
50,38,6,4.0,0.6666666666666666
50,39,6,4.0,0.6666666666666666
50,4,2,1.0,0.5
50,41,3,1.0,0.3333333333333333
50,42,4,2.0,0.5
50,43,3,2.0,0.6666666666666666
50,44,10,8.0,0.8
50,45,9,5.0,0.5555555555555556
50,46,6,4.0,0.6666666666666666
50,47,6,4.0,0.6666666666666666
50,48,4,4.0,1.0
50,49,7,5.0,0.7142857142857143
50,50,6,4.0,0.6666666666666666
50,51,1,1.0,1.0
50,52,644,552.0,0.8571428571428571
50,53,386,335.0,0.8678756476683938
50,54,418,364.0,0.8708133971291866
50,55,167,139.0,0.8323353293413174
50,56,400,349.0,0.8725
50,57,142,109.0,0.7676056338028169
50,58,124,97.0,0.782258064516129
50,59,450,378.0,0.84
50,60,388,321.0,0.8273195876288659
50,61,18,16.0,0.8888888888888888
50,62,21,19.0,0.9047619047619048
50,63,198,170.0,0.8585858585858586
50,64,201,174.0,0.8656716417910447
50,65,54,49.0,0.9074074074074074
50,66,93,79.0,0.8494623655913979
50,67,81,71.0,0.8765432098765432
50,68,63,58.0,0.9206349206349206
50,69,18,18.0,1.0
50,7,2,1.0,0.5
50,70,63,52.0,0.8253968253968254
50,71,72,61.0,0.8472222222222222
50,72,47,39.0,0.8297872340425532
50,73,47,39.0,0.8297872340425532
50,74,126,105.0,0.8333333333333334
50,75,18,12.0,0.6666666666666666
50,76,207,177.0,0.855072463768116
50,77,310,258.0,0.832258064516129
50,78,87,70.0,0.8045977011494253
50,79,18,14.0,0.7777777777777778
50,80,50,38.0,0.76
50,81,37,28.0,0.7567567567567568
50,82,42,34.0,0.8095238095238095
50,83,143,113.0,0.7902097902097902
50,84,56,46.0,0.8214285714285714
50,85,312,255.0,0.8173076923076923
50,86,89,75.0,0.8426966292134831
50,87,50,38.0,0.76
50,88,61,52.0,0.8524590163934426
50,89,14,10.0,0.7142857142857143
50,90,32,26.0,0.8125
50,91,4,2.0,0.5
50,92,29,27.0,0.9310344827586207
50,93,15,14.0,0.9333333333333333
50,94,33,27.0,0.8181818181818182
50,95,33,23.0,0.696969696969697
50,96,27,21.0,0.7777777777777778
50,97,14,10.0,0.7142857142857143
50,98,69,54.0,0.782608695652174
50,99,26,19.0,0.7307692307692307
51,-1,1,0.0,0.0
51,1,2,2.0,1.0
51,10,3,2.0,0.6666666666666666
51,100,2,1.0,0.5
51,101,1,0.0,0.0
51,103,5,3.0,0.6
51,104,7,4.0,0.5714285714285714
51,105,1,1.0,1.0
51,106,2,0.0,0.0
51,107,3,2.0,0.6666666666666666
51,108,2,0.0,0.0
51,109,1,0.0,0.0
51,11,2,1.0,0.5
51,112,1,1.0,1.0
51,113,2,2.0,1.0
51,114,6,5.0,0.8333333333333334
51,116,3,2.0,0.6666666666666666
51,117,4,3.0,0.75
51,119,3,0.0,0.0
51,12,1,0.0,0.0
51,120,2,1.0,0.5
51,121,2,1.0,0.5
51,122,2,2.0,1.0
51,123,1,1.0,1.0
51,124,1,1.0,1.0
51,126,2,1.0,0.5
51,129,3,3.0,1.0
51,13,2,2.0,1.0
51,130,3,2.0,0.6666666666666666
51,132,2,2.0,1.0
51,133,4,3.0,0.75
51,134,2,1.0,0.5
51,136,1,1.0,1.0
51,138,1,1.0,1.0
51,14,3,3.0,1.0
51,143,21,17.0,0.8095238095238095
51,144,2,1.0,0.5
51,145,1,1.0,1.0
51,146,1,0.0,0.0
51,147,1,0.0,0.0
51,149,1,0.0,0.0
51,15,2,2.0,1.0
51,16,2,2.0,1.0
51,17,5,4.0,0.8
51,176,1,0.0,0.0
51,179,25,18.0,0.72
51,18,2,2.0,1.0
51,181,78,59.0,0.7564102564102564
51,182,82,63.0,0.7682926829268293
51,183,104,86.0,0.8269230769230769
51,184,62,52.0,0.8387096774193549
51,185,39,37.0,0.9487179487179487
51,19,2,2.0,1.0
51,2,35,30.0,0.8571428571428571
51,20,1,1.0,1.0
51,21,1,1.0,1.0
51,22,5,4.0,0.8
51,24,27,20.0,0.7407407407407407
51,25,1,0.0,0.0
51,26,1,1.0,1.0
51,27,5,3.0,0.6
51,28,13,12.0,0.9230769230769231
51,29,9,8.0,0.8888888888888888
51,3,3,2.0,0.6666666666666666
51,30,11,10.0,0.9090909090909091
51,31,23,19.0,0.8260869565217391
51,32,23,19.0,0.8260869565217391
51,33,3,2.0,0.6666666666666666
51,34,7,6.0,0.8571428571428571
51,35,3,3.0,1.0
51,36,6,5.0,0.8333333333333334
51,37,8,7.0,0.875
51,38,3,2.0,0.6666666666666666
51,39,3,2.0,0.6666666666666666
51,4,3,2.0,0.6666666666666666
51,40,11,7.0,0.6363636363636364
51,41,2,2.0,1.0
51,42,4,3.0,0.75
51,43,8,7.0,0.875
51,44,6,5.0,0.8333333333333334
51,45,6,6.0,1.0
51,46,3,2.0,0.6666666666666666
51,47,3,2.0,0.6666666666666666
51,49,2,1.0,0.5
51,5,6,5.0,0.8333333333333334
51,50,1,1.0,1.0
51,51,1,1.0,1.0
51,52,14,11.0,0.7857142857142857
51,53,30,28.0,0.9333333333333333
51,54,4,3.0,0.75
51,56,32,25.0,0.78125
51,57,2,1.0,0.5
51,59,7,5.0,0.7142857142857143
51,6,5,4.0,0.8
51,60,8,8.0,1.0
51,62,1,1.0,1.0
51,63,5,4.0,0.8
51,64,2,1.0,0.5
51,65,3,3.0,1.0
51,66,2,2.0,1.0
51,67,1,1.0,1.0
51,68,1,1.0,1.0
51,69,2,1.0,0.5
51,7,17,13.0,0.7647058823529411
51,70,3,3.0,1.0
51,71,2,1.0,0.5
51,72,1,1.0,1.0
51,73,2,2.0,1.0
51,74,6,3.0,0.5
51,75,3,2.0,0.6666666666666666
51,76,20,17.0,0.85
51,77,9,7.0,0.7777777777777778
51,78,6,3.0,0.5
51,79,2,2.0,1.0
51,8,1,1.0,1.0
51,80,1,0.0,0.0
51,81,4,2.0,0.5
51,83,6,4.0,0.6666666666666666
51,84,3,1.0,0.3333333333333333
51,85,10,5.0,0.5
51,86,5,4.0,0.8
51,87,3,3.0,1.0
51,88,3,3.0,1.0
51,9,3,3.0,1.0
51,90,3,2.0,0.6666666666666666
51,91,1,1.0,1.0
51,92,1,1.0,1.0
51,94,2,1.0,0.5
51,96,5,3.0,0.6
51,97,1,0.0,0.0
51,98,2,0.0,0.0
51,99,5,3.0,0.6
52,1,1,1.0,1.0
52,10,1,1.0,1.0
52,101,5,3.0,0.6
52,104,1,0.0,0.0
52,105,4,1.0,0.25
52,106,2,1.0,0.5
52,107,1,0.0,0.0
52,108,2,2.0,1.0
52,109,2,2.0,1.0
52,11,1,0.0,0.0
52,110,1,1.0,1.0
52,112,2,2.0,1.0
52,113,1,1.0,1.0
52,115,1,1.0,1.0
52,117,1,1.0,1.0
52,119,1,1.0,1.0
52,12,1,0.0,0.0
52,120,2,2.0,1.0
52,121,1,0.0,0.0
52,122,2,1.0,0.5
52,123,3,1.0,0.3333333333333333
52,124,1,1.0,1.0
52,125,2,1.0,0.5
52,13,1,1.0,1.0
52,130,2,1.0,0.5
52,132,1,1.0,1.0
52,133,5,3.0,0.6
52,134,1,1.0,1.0
52,136,1,1.0,1.0
52,137,1,1.0,1.0
52,140,1,1.0,1.0
52,144,2,1.0,0.5
52,145,2,1.0,0.5
52,15,1,0.0,0.0
52,16,3,3.0,1.0
52,17,2,1.0,0.5
52,179,5,3.0,0.6
52,181,9,8.0,0.8888888888888888
52,182,5,3.0,0.6
52,183,16,10.0,0.625
52,184,6,6.0,1.0
52,185,2,1.0,0.5
52,2,14,11.0,0.7857142857142857
52,22,1,1.0,1.0
52,24,6,4.0,0.6666666666666666
52,28,1,1.0,1.0
52,3,1,1.0,1.0
52,30,2,1.0,0.5
52,34,1,1.0,1.0
52,4,1,0.0,0.0
52,40,2,2.0,1.0
52,42,2,2.0,1.0
52,43,1,0.0,0.0
52,44,1,1.0,1.0
52,49,1,1.0,1.0
52,5,2,2.0,1.0
52,50,3,2.0,0.6666666666666666
52,6,2,1.0,0.5
52,7,6,3.0,0.5
52,71,4,2.0,0.5
52,72,1,0.0,0.0
52,73,2,2.0,1.0
52,74,6,3.0,0.5
52,76,8,4.0,0.5
52,77,4,2.0,0.5
52,78,2,2.0,1.0
52,8,1,1.0,1.0
52,80,1,0.0,0.0
52,81,2,2.0,1.0
52,82,1,0.0,0.0
52,83,8,5.0,0.625
52,84,1,1.0,1.0
52,85,9,3.0,0.3333333333333333
52,86,1,1.0,1.0
52,87,2,2.0,1.0
52,89,1,0.0,0.0
52,9,1,1.0,1.0
52,91,2,1.0,0.5
52,93,3,3.0,1.0
52,94,1,0.0,0.0
52,98,1,1.0,1.0
52,99,4,3.0,0.75
53,1,5,4.0,0.8
53,10,2,2.0,1.0
53,100,6,3.0,0.5
53,101,7,5.0,0.7142857142857143
53,102,1,1.0,1.0
53,103,13,10.0,0.7692307692307693
53,104,12,12.0,1.0
53,105,19,11.0,0.5789473684210527
53,106,13,11.0,0.8461538461538461
53,107,14,11.0,0.7857142857142857
53,108,7,6.0,0.8571428571428571
53,109,4,4.0,1.0
53,11,1,1.0,1.0
53,110,3,3.0,1.0
53,111,3,2.0,0.6666666666666666
53,112,3,2.0,0.6666666666666666
53,113,5,3.0,0.6
53,114,10,6.0,0.6
53,115,7,4.0,0.5714285714285714
53,116,12,9.0,0.75
53,117,9,6.0,0.6666666666666666
53,118,13,8.0,0.6153846153846154
53,119,20,13.0,0.65
53,12,3,2.0,0.6666666666666666
53,120,10,6.0,0.6
53,121,16,8.0,0.5
53,122,8,7.0,0.875
53,123,14,12.0,0.8571428571428571
53,124,7,5.0,0.7142857142857143
53,125,5,3.0,0.6
53,126,7,7.0,1.0
53,128,5,2.0,0.4
53,129,15,6.0,0.4
53,13,3,3.0,1.0
53,130,16,12.0,0.75
53,131,2,2.0,1.0
53,132,6,4.0,0.6666666666666666
53,133,10,7.0,0.7
53,134,11,6.0,0.5454545454545454
53,135,3,3.0,1.0
53,136,5,2.0,0.4
53,137,3,2.0,0.6666666666666666
53,138,7,5.0,0.7142857142857143
53,14,7,7.0,1.0
53,140,8,4.0,0.5
53,141,1,1.0,1.0
53,142,2,1.0,0.5
53,143,22,14.0,0.6363636363636364
53,144,7,5.0,0.7142857142857143
53,145,4,4.0,1.0
53,146,21,13.0,0.6190476190476191
53,147,7,3.0,0.42857142857142855
53,149,15,6.0,0.4
53,15,2,2.0,1.0
53,150,5,2.0,0.4
53,151,6,3.0,0.5
53,153,8,7.0,0.875
53,155,4,2.0,0.5
53,157,3,0.0,0.0
53,158,12,6.0,0.5
53,159,5,1.0,0.2
53,16,2,2.0,1.0
53,160,3,3.0,1.0
53,162,16,8.0,0.5
53,163,3,2.0,0.6666666666666666
53,164,4,0.0,0.0
53,165,4,0.0,0.0
53,167,4,4.0,1.0
53,168,1,1.0,1.0
53,169,3,1.0,0.3333333333333333
53,17,2,1.0,0.5
53,170,2,1.0,0.5
53,172,4,3.0,0.75
53,173,1,1.0,1.0
53,174,1,0.0,0.0
53,176,5,4.0,0.8
53,177,8,5.0,0.625
53,178,31,14.0,0.45161290322580644
53,179,67,52.0,0.7761194029850746
53,18,1,0.0,0.0
53,181,109,75.0,0.6880733944954128
53,182,91,68.0,0.7472527472527473
53,183,101,78.0,0.7722772277227723
53,184,55,42.0,0.7636363636363637
53,185,52,40.0,0.7692307692307693
53,19,1,1.0,1.0
53,194,4,2.0,0.5
53,2,43,38.0,0.8837209302325582
53,20,3,2.0,0.6666666666666666
53,21,3,2.0,0.6666666666666666
53,23,3,2.0,0.6666666666666666
53,24,34,26.0,0.7647058823529411
53,25,3,1.0,0.3333333333333333
53,26,6,4.0,0.6666666666666666
53,27,3,2.0,0.6666666666666666
53,28,15,7.0,0.4666666666666667
53,29,9,5.0,0.5555555555555556
53,3,2,2.0,1.0
53,30,21,14.0,0.6666666666666666
53,31,9,6.0,0.6666666666666666
53,32,9,6.0,0.6666666666666666
53,33,5,4.0,0.8
53,34,5,3.0,0.6
53,35,2,1.0,0.5
53,36,8,5.0,0.625
53,37,9,4.0,0.4444444444444444
53,38,5,3.0,0.6
53,39,5,3.0,0.6
53,4,6,5.0,0.8333333333333334
53,40,1,1.0,1.0
53,41,9,6.0,0.6666666666666666
53,42,5,4.0,0.8
53,43,3,3.0,1.0
53,44,12,10.0,0.8333333333333334
53,45,7,7.0,1.0
53,46,4,2.0,0.5
53,47,7,3.0,0.42857142857142855
53,48,3,3.0,1.0
53,49,5,3.0,0.6
53,5,4,4.0,1.0
53,50,4,4.0,1.0
53,51,5,3.0,0.6
53,52,15,10.0,0.6666666666666666
53,53,40,30.0,0.75
53,54,3,3.0,1.0
53,56,67,55.0,0.8208955223880597
53,57,1,1.0,1.0
53,59,17,12.0,0.7058823529411765
53,6,6,4.0,0.6666666666666666
53,60,14,11.0,0.7857142857142857
53,61,3,3.0,1.0
53,62,3,3.0,1.0
53,63,11,7.0,0.6363636363636364
53,64,6,5.0,0.8333333333333334
53,65,3,3.0,1.0
53,66,8,7.0,0.875
53,67,7,6.0,0.8571428571428571
53,68,4,2.0,0.5
53,69,3,3.0,1.0
53,7,12,8.0,0.6666666666666666
53,70,6,5.0,0.8333333333333334
53,71,24,20.0,0.8333333333333334
53,72,12,8.0,0.6666666666666666
53,73,4,4.0,1.0
53,74,16,12.0,0.75
53,75,9,5.0,0.5555555555555556
53,76,31,22.0,0.7096774193548387
53,77,43,34.0,0.7906976744186046
53,78,27,23.0,0.8518518518518519
53,79,11,8.0,0.7272727272727273
53,8,3,3.0,1.0
53,80,15,11.0,0.7333333333333333
53,81,12,12.0,1.0
53,82,7,7.0,1.0
53,83,32,28.0,0.875
53,84,11,6.0,0.5454545454545454
53,85,37,23.0,0.6216216216216216
53,86,8,8.0,1.0
53,87,12,8.0,0.6666666666666666
53,88,10,9.0,0.9
53,89,8,8.0,1.0
53,9,5,3.0,0.6
53,90,17,10.0,0.5882352941176471
53,91,3,3.0,1.0
53,92,4,3.0,0.75
53,93,11,8.0,0.7272727272727273
53,94,16,9.0,0.5625
53,95,16,12.0,0.75
53,96,9,7.0,0.7777777777777778
53,97,6,3.0,0.5
53,98,13,6.0,0.46153846153846156
53,99,10,6.0,0.6
54,100,1,1.0,1.0
54,106,4,3.0,0.75
54,108,1,1.0,1.0
54,111,2,0.0,0.0
54,113,1,0.0,0.0
54,118,1,0.0,0.0
54,120,1,1.0,1.0
54,126,2,0.0,0.0
54,128,1,1.0,1.0
54,129,1,1.0,1.0
54,130,1,1.0,1.0
54,133,2,1.0,0.5
54,134,1,0.0,0.0
54,136,1,0.0,0.0
54,137,1,0.0,0.0
54,140,1,0.0,0.0
54,142,1,0.0,0.0
54,145,2,0.0,0.0
54,149,2,2.0,1.0
54,155,1,1.0,1.0
54,158,2,2.0,1.0
54,159,1,1.0,1.0
54,162,1,1.0,1.0
54,166,1,1.0,1.0
54,178,3,3.0,1.0
54,179,13,10.0,0.7692307692307693
54,181,27,23.0,0.8518518518518519
54,182,18,15.0,0.8333333333333334
54,183,22,17.0,0.7727272727272727
54,184,22,19.0,0.8636363636363636
54,185,9,7.0,0.7777777777777778
54,23,7,7.0,1.0
54,24,16,14.0,0.875
54,25,4,4.0,1.0
54,26,1,1.0,1.0
54,27,2,2.0,1.0
54,28,6,5.0,0.8333333333333334
54,29,3,2.0,0.6666666666666666
54,30,10,8.0,0.8
54,33,6,4.0,0.6666666666666666
54,34,8,6.0,0.75
54,35,6,4.0,0.6666666666666666
54,36,2,2.0,1.0
54,37,2,2.0,1.0
54,38,3,3.0,1.0
54,39,3,3.0,1.0
54,40,1,1.0,1.0
54,41,1,1.0,1.0
54,42,2,2.0,1.0
54,43,2,2.0,1.0
54,44,7,5.0,0.7142857142857143
54,45,2,2.0,1.0
54,46,4,4.0,1.0
54,47,5,5.0,1.0
54,48,2,2.0,1.0
54,49,6,4.0,0.6666666666666666
54,51,2,0.0,0.0
54,56,3,1.0,0.3333333333333333
54,6,1,1.0,1.0
54,63,1,0.0,0.0
54,7,1,1.0,1.0
54,71,1,0.0,0.0
54,73,1,0.0,0.0
54,74,1,1.0,1.0
54,75,1,1.0,1.0
54,76,6,4.0,0.6666666666666666
54,77,1,0.0,0.0
54,78,1,1.0,1.0
54,81,1,1.0,1.0
54,82,1,1.0,1.0
54,83,2,0.0,0.0
54,85,1,1.0,1.0
54,86,2,2.0,1.0
54,93,1,1.0,1.0
54,94,1,1.0,1.0
54,97,1,0.0,0.0
55,1,5,2.0,0.4
55,10,4,2.0,0.5
55,100,1,0.0,0.0
55,103,1,1.0,1.0
55,104,1,1.0,1.0
55,106,2,1.0,0.5
55,107,1,1.0,1.0
55,109,1,1.0,1.0
55,11,8,5.0,0.625
55,110,2,1.0,0.5
55,112,1,1.0,1.0
55,114,1,0.0,0.0
55,115,2,2.0,1.0
55,117,1,0.0,0.0
55,118,1,0.0,0.0
55,119,2,2.0,1.0
55,12,4,4.0,1.0
55,120,1,1.0,1.0
55,121,1,0.0,0.0
55,124,1,0.0,0.0
55,129,3,3.0,1.0
55,13,2,1.0,0.5
55,131,1,1.0,1.0
55,132,2,2.0,1.0
55,135,1,1.0,1.0
55,136,1,1.0,1.0
55,137,3,2.0,0.6666666666666666
55,14,4,3.0,0.75
55,140,2,2.0,1.0
55,143,2,1.0,0.5
55,147,1,1.0,1.0
55,15,4,1.0,0.25
55,153,1,1.0,1.0
55,16,2,1.0,0.5
55,162,1,1.0,1.0
55,17,9,5.0,0.5555555555555556
55,170,1,1.0,1.0
55,178,1,1.0,1.0
55,179,25,13.0,0.52
55,18,5,4.0,0.8
55,180,1,1.0,1.0
55,181,88,59.0,0.6704545454545454
55,182,57,36.0,0.631578947368421
55,183,74,45.0,0.6081081081081081
55,184,40,26.0,0.65
55,185,36,21.0,0.5833333333333334
55,19,2,0.0,0.0
55,2,54,35.0,0.6481481481481481
55,20,6,6.0,1.0
55,21,6,6.0,1.0
55,22,6,5.0,0.8333333333333334
55,23,4,3.0,0.75
55,24,35,19.0,0.5428571428571428
55,25,10,5.0,0.5
55,26,3,1.0,0.3333333333333333
55,27,5,3.0,0.6
55,28,8,6.0,0.75
55,29,7,5.0,0.7142857142857143
55,3,4,3.0,0.75
55,30,19,14.0,0.7368421052631579
55,31,7,6.0,0.8571428571428571
55,32,6,5.0,0.8333333333333334
55,33,4,3.0,0.75
55,34,9,7.0,0.7777777777777778
55,35,3,2.0,0.6666666666666666
55,36,7,5.0,0.7142857142857143
55,37,8,6.0,0.75
55,38,7,6.0,0.8571428571428571
55,39,7,5.0,0.7142857142857143
55,4,6,3.0,0.5
55,40,2,1.0,0.5
55,41,5,4.0,0.8
55,42,7,6.0,0.8571428571428571
55,43,6,3.0,0.5
55,44,12,6.0,0.5
55,45,7,3.0,0.42857142857142855
55,46,6,2.0,0.3333333333333333
55,47,5,2.0,0.4
55,48,2,1.0,0.5
55,49,6,4.0,0.6666666666666666
55,5,5,3.0,0.6
55,50,3,1.0,0.3333333333333333
55,51,3,1.0,0.3333333333333333
55,52,1,1.0,1.0
55,53,1,0.0,0.0
55,54,3,2.0,0.6666666666666666
55,56,1,0.0,0.0
55,6,15,11.0,0.7333333333333333
55,67,1,1.0,1.0
55,7,41,27.0,0.6585365853658537
55,71,3,3.0,1.0
55,72,1,1.0,1.0
55,75,3,3.0,1.0
55,76,3,1.0,0.3333333333333333
55,77,5,4.0,0.8
55,78,5,3.0,0.6
55,79,1,1.0,1.0
55,8,6,6.0,1.0
55,80,2,2.0,1.0
55,83,3,2.0,0.6666666666666666
55,84,2,1.0,0.5
55,85,6,3.0,0.5
55,86,3,2.0,0.6666666666666666
55,87,1,1.0,1.0
55,88,1,1.0,1.0
55,89,2,2.0,1.0
55,9,3,2.0,0.6666666666666666
55,90,3,2.0,0.6666666666666666
55,93,1,1.0,1.0
55,94,1,0.0,0.0
55,95,1,1.0,1.0
55,98,1,1.0,1.0
55,99,1,0.0,0.0
56,128,2,1.0,0.5
56,74,1,0.0,0.0
56,77,1,0.0,0.0
56,78,1,0.0,0.0
56,87,1,0.0,0.0
59,100,1,0.0,0.0
59,101,1,1.0,1.0
59,103,1,0.0,0.0
59,110,1,0.0,0.0
59,119,1,0.0,0.0
59,126,1,0.0,0.0
59,130,1,1.0,1.0
59,133,1,1.0,1.0
59,140,1,0.0,0.0
59,142,1,0.0,0.0
59,144,1,1.0,1.0
59,145,1,1.0,1.0
59,147,1,1.0,1.0
59,149,1,1.0,1.0
59,152,1,1.0,1.0
59,163,1,1.0,1.0
59,178,2,2.0,1.0
59,179,2,2.0,1.0
59,180,1,1.0,1.0
59,181,2,2.0,1.0
59,182,2,2.0,1.0
59,183,2,2.0,1.0
59,185,1,1.0,1.0
59,2,1,1.0,1.0
59,30,1,1.0,1.0
59,34,1,1.0,1.0
59,35,1,1.0,1.0
59,53,1,1.0,1.0
59,56,2,2.0,1.0
59,65,1,1.0,1.0
59,67,1,1.0,1.0
59,71,1,1.0,1.0
59,78,1,1.0,1.0
59,80,2,2.0,1.0
59,82,1,1.0,1.0
59,85,2,0.0,0.0
59,88,2,2.0,1.0
59,96,1,1.0,1.0
59,98,2,1.0,0.5
60,117,1,0.0,0.0
60,181,2,2.0,1.0
60,183,1,1.0,1.0
60,185,2,1.0,0.5
60,24,1,1.0,1.0
60,38,1,1.0,1.0
60,39,1,1.0,1.0
60,43,1,1.0,1.0
60,6,1,0.0,0.0
60,7,1,0.0,0.0
60,71,1,0.0,0.0
60,74,1,1.0,1.0
61,1,1,1.0,1.0
61,10,3,2.0,0.6666666666666666
61,11,3,1.0,0.3333333333333333
61,12,5,3.0,0.6
61,13,1,1.0,1.0
61,14,1,1.0,1.0
61,143,1,1.0,1.0
61,146,1,1.0,1.0
61,15,3,2.0,0.6666666666666666
61,150,1,1.0,1.0
61,16,2,1.0,0.5
61,17,2,1.0,0.5
61,177,1,1.0,1.0
61,179,5,4.0,0.8
61,18,2,2.0,1.0
61,181,17,9.0,0.5294117647058824
61,182,9,3.0,0.3333333333333333
61,183,21,15.0,0.7142857142857143
61,184,13,9.0,0.6923076923076923
61,185,15,11.0,0.7333333333333333
61,19,3,2.0,0.6666666666666666
61,2,24,13.0,0.5416666666666666
61,20,2,2.0,1.0
61,21,2,2.0,1.0
61,23,1,1.0,1.0
61,24,7,4.0,0.5714285714285714
61,26,5,2.0,0.4
61,27,5,2.0,0.4
61,28,3,2.0,0.6666666666666666
61,29,3,2.0,0.6666666666666666
61,3,1,0.0,0.0
61,30,3,3.0,1.0
61,31,1,0.0,0.0
61,32,1,0.0,0.0
61,33,1,1.0,1.0
61,4,2,0.0,0.0
61,44,3,3.0,1.0
61,49,3,3.0,1.0
61,5,3,1.0,0.3333333333333333
61,50,1,1.0,1.0
61,54,1,1.0,1.0
61,56,1,1.0,1.0
61,6,7,4.0,0.5714285714285714
61,62,1,1.0,1.0
61,7,18,11.0,0.6111111111111112
61,74,2,2.0,1.0
61,77,2,0.0,0.0
61,78,1,0.0,0.0
61,8,2,1.0,0.5
61,80,1,0.0,0.0
61,84,1,1.0,1.0
61,9,1,1.0,1.0
62,108,2,2.0,1.0
62,123,2,1.0,0.5
62,145,1,1.0,1.0
62,75,1,1.0,1.0
62,79,2,1.0,0.5
62,88,1,1.0,1.0
62,97,1,1.0,1.0
64,11,1,1.0,1.0
64,115,1,0.0,0.0
64,126,1,0.0,0.0
64,130,1,1.0,1.0
64,146,2,0.0,0.0
64,148,1,1.0,1.0
64,150,1,0.0,0.0
64,155,2,1.0,0.5
64,156,1,0.0,0.0
64,167,1,0.0,0.0
64,169,2,0.0,0.0
64,177,5,1.0,0.2
64,181,4,3.0,0.75
64,183,1,1.0,1.0
64,184,1,1.0,1.0
64,185,2,1.0,0.5
64,30,2,1.0,0.5
64,31,1,0.0,0.0
64,32,1,0.0,0.0
64,36,2,2.0,1.0
64,37,2,2.0,1.0
64,6,1,1.0,1.0
64,7,2,2.0,1.0
64,76,1,0.0,0.0
64,77,1,0.0,0.0
64,79,1,0.0,0.0
64,82,1,0.0,0.0
65,10,2,2.0,1.0
65,101,1,1.0,1.0
65,102,2,2.0,1.0
65,104,3,3.0,1.0
65,112,1,1.0,1.0
65,113,2,2.0,1.0
65,115,1,0.0,0.0
65,116,1,0.0,0.0
65,13,1,1.0,1.0
65,15,1,1.0,1.0
65,179,1,1.0,1.0
65,181,5,5.0,1.0
65,182,4,3.0,0.75
65,183,5,5.0,1.0
65,184,3,3.0,1.0
65,185,3,2.0,0.6666666666666666
65,2,7,5.0,0.7142857142857143
65,22,1,1.0,1.0
65,24,2,2.0,1.0
65,31,1,1.0,1.0
65,32,1,1.0,1.0
65,40,1,1.0,1.0
65,43,1,1.0,1.0
65,44,1,1.0,1.0
65,45,1,1.0,1.0
65,5,1,0.0,0.0
65,52,1,1.0,1.0
65,6,1,1.0,1.0
65,7,3,3.0,1.0
65,71,5,3.0,0.6
65,77,1,1.0,1.0
65,78,1,0.0,0.0
65,8,2,1.0,0.5
65,81,1,0.0,0.0
65,83,2,1.0,0.5
65,85,2,2.0,1.0
65,87,1,1.0,1.0
65,9,1,1.0,1.0
65,95,1,0.0,0.0
66,101,1,1.0,1.0
66,117,1,1.0,1.0
66,119,1,0.0,0.0
66,121,1,1.0,1.0
66,78,1,1.0,1.0
66,81,1,0.0,0.0
66,85,1,0.0,0.0
66,98,1,1.0,1.0
67,-1,2,1.0,0.5
67,1,14,13.0,0.9285714285714286
67,10,15,13.0,0.8666666666666667
67,101,2,1.0,0.5
67,102,3,2.0,0.6666666666666666
67,103,33,17.0,0.5151515151515151
67,104,8,5.0,0.625
67,105,5,3.0,0.6
67,106,50,31.0,0.62
67,107,22,17.0,0.7727272727272727
67,108,5,5.0,1.0
67,109,7,6.0,0.8571428571428571
67,11,8,7.0,0.875
67,110,3,2.0,0.6666666666666666
67,111,4,4.0,1.0
67,112,6,5.0,0.8333333333333334
67,113,5,3.0,0.6
67,114,5,3.0,0.6
67,115,8,3.0,0.375
67,116,13,9.0,0.6923076923076923
67,117,6,3.0,0.5
67,118,15,8.0,0.5333333333333333
67,119,110,67.0,0.6090909090909091
67,12,10,10.0,1.0
67,120,43,32.0,0.7441860465116279
67,121,36,19.0,0.5277777777777778
67,122,11,7.0,0.6363636363636364
67,123,4,3.0,0.75
67,124,10,6.0,0.6
67,125,4,1.0,0.25
67,126,5,3.0,0.6
67,128,9,6.0,0.6666666666666666
67,129,13,7.0,0.5384615384615384
67,13,7,7.0,1.0
67,130,19,9.0,0.47368421052631576
67,131,1,0.0,0.0
67,132,5,3.0,0.6
67,133,14,9.0,0.6428571428571429
67,134,51,37.0,0.7254901960784313
67,135,6,6.0,1.0
67,136,6,2.0,0.3333333333333333
67,137,4,2.0,0.5
67,138,8,8.0,1.0
67,14,13,8.0,0.6153846153846154
67,140,2,1.0,0.5
67,141,2,1.0,0.5
67,142,3,0.0,0.0
67,143,296,207.0,0.6993243243243243
67,144,6,2.0,0.3333333333333333
67,145,7,5.0,0.7142857142857143
67,146,108,78.0,0.7222222222222222
67,147,95,65.0,0.6842105263157895
67,148,50,35.0,0.7
67,149,142,93.0,0.6549295774647887
67,15,12,10.0,0.8333333333333334
67,150,52,28.0,0.5384615384615384
67,151,40,20.0,0.5
67,152,13,9.0,0.6923076923076923
67,153,100,73.0,0.73
67,155,123,74.0,0.6016260162601627
67,156,45,27.0,0.6
67,157,58,39.0,0.6724137931034483
67,158,115,68.0,0.591304347826087
67,159,86,57.0,0.6627906976744186
67,16,10,9.0,0.9
67,161,10,7.0,0.7
67,162,125,77.0,0.616
67,163,5,5.0,1.0
67,164,10,6.0,0.6
67,165,5,3.0,0.6
67,166,10,7.0,0.7
67,167,66,42.0,0.6363636363636364
67,168,20,16.0,0.8
67,169,24,18.0,0.75
67,17,14,10.0,0.7142857142857143
67,170,24,12.0,0.5
67,171,2,2.0,1.0
67,172,25,18.0,0.72
67,175,5,3.0,0.6
67,176,140,91.0,0.65
67,177,234,158.0,0.6752136752136753
67,178,185,121.0,0.654054054054054
67,179,597,439.0,0.7353433835845896
67,18,15,12.0,0.8
67,180,5,5.0,1.0
67,181,692,536.0,0.7745664739884393
67,182,587,439.0,0.747870528109029
67,183,689,528.0,0.7663280116110305
67,184,453,356.0,0.7858719646799117
67,185,327,261.0,0.7981651376146789
67,19,7,6.0,0.8571428571428571
67,194,4,4.0,1.0
67,196,2,1.0,0.5
67,2,163,142.0,0.8711656441717791
67,20,13,11.0,0.8461538461538461
67,21,13,11.0,0.8461538461538461
67,219,1,0.0,0.0
67,22,12,12.0,1.0
67,23,38,29.0,0.7631578947368421
67,24,232,183.0,0.7887931034482759
67,25,40,34.0,0.85
67,26,30,24.0,0.8
67,27,34,26.0,0.7647058823529411
67,28,59,45.0,0.7627118644067796
67,29,46,36.0,0.782608695652174
67,3,9,9.0,1.0
67,30,103,85.0,0.8252427184466019
67,31,97,69.0,0.711340206185567
67,32,95,66.0,0.6947368421052632
67,33,39,28.0,0.717948717948718
67,34,90,69.0,0.7666666666666667
67,35,62,48.0,0.7741935483870968
67,36,49,35.0,0.7142857142857143
67,37,54,38.0,0.7037037037037037
67,38,54,43.0,0.7962962962962963
67,39,53,42.0,0.7924528301886793
67,4,16,13.0,0.8125
67,40,40,29.0,0.725
67,41,16,16.0,1.0
67,42,35,28.0,0.8
67,43,34,25.0,0.7352941176470589
67,44,49,41.0,0.8367346938775511
67,45,45,36.0,0.8
67,46,35,27.0,0.7714285714285715
67,47,35,27.0,0.7714285714285715
67,48,15,11.0,0.7333333333333333
67,49,9,9.0,1.0
67,5,15,11.0,0.7333333333333333
67,50,17,15.0,0.8823529411764706
67,51,5,2.0,0.4
67,52,218,169.0,0.7752293577981652
67,53,149,113.0,0.7583892617449665
67,54,128,96.0,0.75
67,55,64,47.0,0.734375
67,56,131,105.0,0.8015267175572519
67,57,44,18.0,0.4090909090909091
67,58,36,27.0,0.75
67,59,124,90.0,0.7258064516129032
67,6,20,17.0,0.85
67,60,113,80.0,0.7079646017699115
67,61,3,3.0,1.0
67,63,63,45.0,0.7142857142857143
67,64,42,32.0,0.7619047619047619
67,65,8,5.0,0.625
67,66,24,17.0,0.7083333333333334
67,67,9,8.0,0.8888888888888888
67,68,7,2.0,0.2857142857142857
67,7,72,59.0,0.8194444444444444
67,70,3,2.0,0.6666666666666666
67,71,79,54.0,0.6835443037974683
67,72,21,11.0,0.5238095238095238
67,73,16,10.0,0.625
67,74,141,83.0,0.5886524822695035
67,75,7,5.0,0.7142857142857143
67,76,162,96.0,0.5925925925925926
67,77,237,135.0,0.569620253164557
67,78,116,72.0,0.6206896551724138
67,79,4,2.0,0.5
67,8,16,14.0,0.875
67,80,90,56.0,0.6222222222222222
67,81,12,8.0,0.6666666666666666
67,82,10,5.0,0.5
67,83,141,85.0,0.6028368794326241
67,84,76,45.0,0.5921052631578947
67,85,234,127.0,0.5427350427350427
67,86,67,39.0,0.582089552238806
67,87,31,19.0,0.6129032258064516
67,88,24,13.0,0.5416666666666666
67,89,5,2.0,0.4
67,9,17,15.0,0.8823529411764706
67,90,5,3.0,0.6
67,91,1,0.0,0.0
67,92,7,5.0,0.7142857142857143
67,93,7,3.0,0.42857142857142855
67,94,9,4.0,0.4444444444444444
67,95,11,6.0,0.5454545454545454
67,96,9,6.0,0.6666666666666666
67,97,10,5.0,0.5
67,98,69,45.0,0.6521739130434783
67,99,10,6.0,0.6
68,182,1,0.0,0.0
68,183,4,1.0,0.25
68,184,1,0.0,0.0
68,185,2,1.0,0.5
68,24,3,0.0,0.0
68,26,1,0.0,0.0
68,31,1,1.0,1.0
68,32,1,1.0,1.0
68,40,1,0.0,0.0
68,43,1,0.0,0.0
68,78,1,0.0,0.0
68,81,1,1.0,1.0
68,83,1,1.0,1.0
68,85,1,1.0,1.0
68,95,1,1.0,1.0
69,100,1,0.0,0.0
69,106,1,0.0,0.0
69,121,1,0.0,0.0
69,123,1,0.0,0.0
69,181,1,1.0,1.0
69,185,1,1.0,1.0
69,30,1,1.0,1.0
69,31,1,1.0,1.0
69,32,1,1.0,1.0
69,71,1,0.0,0.0
69,74,1,0.0,0.0
69,78,3,1.0,0.3333333333333333
69,84,1,1.0,1.0
70,100,2,1.0,0.5
70,106,1,0.0,0.0
70,115,1,0.0,0.0
70,117,1,0.0,0.0
70,119,1,0.0,0.0
70,128,1,0.0,0.0
70,133,1,0.0,0.0
70,140,1,0.0,0.0
70,141,1,1.0,1.0
70,179,3,2.0,0.6666666666666666
70,181,7,3.0,0.42857142857142855
70,182,3,1.0,0.3333333333333333
70,183,7,3.0,0.42857142857142855
70,184,2,0.0,0.0
70,185,3,1.0,0.3333333333333333
70,23,1,1.0,1.0
70,24,2,1.0,0.5
70,25,1,1.0,1.0
70,28,1,0.0,0.0
70,29,1,0.0,0.0
70,30,2,1.0,0.5
70,31,1,0.0,0.0
70,32,1,0.0,0.0
70,33,1,0.0,0.0
70,34,3,0.0,0.0
70,35,1,0.0,0.0
70,42,2,0.0,0.0
70,44,2,1.0,0.5
70,45,1,0.0,0.0
70,46,2,2.0,1.0
70,47,2,2.0,1.0
70,49,1,1.0,1.0
70,73,1,1.0,1.0
70,74,2,1.0,0.5
70,75,1,0.0,0.0
70,77,1,0.0,0.0
70,78,2,1.0,0.5
70,85,1,0.0,0.0
70,90,1,0.0,0.0
70,98,1,1.0,1.0
71,119,1,0.0,0.0
71,71,1,0.0,0.0
71,74,1,0.0,0.0
71,87,2,2.0,1.0
71,90,1,1.0,1.0
72,103,1,1.0,1.0
72,104,1,1.0,1.0
72,108,2,2.0,1.0
72,110,1,1.0,1.0
72,115,1,0.0,0.0
72,116,2,0.0,0.0
72,117,2,2.0,1.0
72,122,1,1.0,1.0
72,123,1,0.0,0.0
72,125,1,0.0,0.0
72,126,1,0.0,0.0
72,130,2,1.0,0.5
72,132,1,0.0,0.0
72,135,1,1.0,1.0
72,138,1,0.0,0.0
72,71,2,1.0,0.5
72,72,1,1.0,1.0
72,75,1,1.0,1.0
72,76,4,2.0,0.5
72,77,1,1.0,1.0
72,78,3,2.0,0.6666666666666666
72,80,2,1.0,0.5
72,83,2,1.0,0.5
72,85,3,1.0,0.3333333333333333
72,86,2,1.0,0.5
72,95,1,0.0,0.0
72,96,2,1.0,0.5
72,97,1,0.0,0.0
72,98,1,1.0,1.0
73,1,1,1.0,1.0
73,103,1,1.0,1.0
73,107,1,0.0,0.0
73,122,1,1.0,1.0
73,124,1,0.0,0.0
73,125,2,1.0,0.5
73,136,1,1.0,1.0
73,14,2,2.0,1.0
73,140,2,0.0,0.0
73,142,1,0.0,0.0
73,149,1,1.0,1.0
73,15,1,1.0,1.0
73,16,2,2.0,1.0
73,167,1,1.0,1.0
73,17,1,1.0,1.0
73,177,1,1.0,1.0
73,179,5,5.0,1.0
73,181,10,10.0,1.0
73,182,9,8.0,0.8888888888888888
73,183,7,6.0,0.8571428571428571
73,184,3,3.0,1.0
73,185,2,2.0,1.0
73,2,12,12.0,1.0
73,20,1,1.0,1.0
73,21,1,1.0,1.0
73,22,1,1.0,1.0
73,24,1,1.0,1.0
73,28,1,1.0,1.0
73,29,1,1.0,1.0
73,3,1,1.0,1.0
73,30,2,2.0,1.0
73,34,2,2.0,1.0
73,35,1,1.0,1.0
73,4,1,1.0,1.0
73,42,1,1.0,1.0
73,44,1,1.0,1.0
73,48,1,1.0,1.0
73,49,1,1.0,1.0
73,53,1,1.0,1.0
73,56,2,1.0,0.5
73,6,1,1.0,1.0
73,7,2,2.0,1.0
73,72,1,1.0,1.0
73,74,1,1.0,1.0
73,75,1,1.0,1.0
73,76,1,0.0,0.0
73,77,1,1.0,1.0
73,78,1,0.0,0.0
73,8,2,2.0,1.0
73,82,1,1.0,1.0
73,84,1,1.0,1.0
73,85,1,1.0,1.0
73,9,1,1.0,1.0
73,95,3,3.0,1.0
74,1,1,0.0,0.0
74,10,1,0.0,0.0
74,104,1,1.0,1.0
74,109,1,1.0,1.0
74,11,1,0.0,0.0
74,114,1,0.0,0.0
74,12,1,0.0,0.0
74,120,1,1.0,1.0
74,121,1,1.0,1.0
74,129,1,1.0,1.0
74,131,1,1.0,1.0
74,14,1,0.0,0.0
74,142,1,0.0,0.0
74,17,5,2.0,0.4
74,179,5,3.0,0.6
74,181,18,14.0,0.7777777777777778
74,182,18,9.0,0.5
74,183,25,13.0,0.52
74,184,12,4.0,0.3333333333333333
74,185,9,5.0,0.5555555555555556
74,19,3,2.0,0.6666666666666666
74,2,12,5.0,0.4166666666666667
74,20,3,0.0,0.0
74,21,3,0.0,0.0
74,23,2,1.0,0.5
74,24,5,4.0,0.8
74,27,4,3.0,0.75
74,28,1,1.0,1.0
74,29,1,1.0,1.0
74,30,3,3.0,1.0
74,33,3,2.0,0.6666666666666666
74,34,3,2.0,0.6666666666666666
74,36,2,1.0,0.5
74,37,2,1.0,0.5
74,38,1,0.0,0.0
74,39,1,0.0,0.0
74,4,4,2.0,0.5
74,41,1,1.0,1.0
74,42,3,2.0,0.6666666666666666
74,44,6,4.0,0.6666666666666666
74,45,1,0.0,0.0
74,46,4,1.0,0.25
74,47,4,1.0,0.25
74,48,1,1.0,1.0
74,49,5,4.0,0.8
74,52,1,0.0,0.0
74,53,4,3.0,0.75
74,56,3,3.0,1.0
74,7,7,2.0,0.2857142857142857
74,74,3,2.0,0.6666666666666666
74,75,1,0.0,0.0
74,76,2,2.0,1.0
74,77,1,1.0,1.0
74,78,1,0.0,0.0
74,8,2,1.0,0.5
74,83,1,1.0,1.0
74,90,1,1.0,1.0
74,97,1,0.0,0.0
75,134,1,0.0,0.0
75,183,3,2.0,0.6666666666666666
75,184,1,1.0,1.0
75,185,2,1.0,0.5
75,31,1,1.0,1.0
75,32,1,1.0,1.0
75,56,2,1.0,0.5
75,71,1,1.0,1.0
75,74,3,3.0,1.0
75,76,1,1.0,1.0
75,77,1,1.0,1.0
75,78,2,2.0,1.0
75,83,1,0.0,0.0
75,85,1,0.0,0.0
75,90,1,0.0,0.0
76,1,10,3.0,0.3
76,10,7,4.0,0.5714285714285714
76,100,1,0.0,0.0
76,101,3,2.0,0.6666666666666666
76,102,3,2.0,0.6666666666666666
76,103,4,3.0,0.75
76,104,5,3.0,0.6
76,105,3,2.0,0.6666666666666666
76,106,1,1.0,1.0
76,107,1,0.0,0.0
76,108,6,4.0,0.6666666666666666
76,109,5,3.0,0.6
76,11,8,5.0,0.625
76,110,3,1.0,0.3333333333333333
76,111,4,2.0,0.5
76,112,5,4.0,0.8
76,113,1,1.0,1.0
76,114,3,1.0,0.3333333333333333
76,115,4,1.0,0.25
76,116,1,1.0,1.0
76,117,4,2.0,0.5
76,118,7,2.0,0.2857142857142857
76,119,4,4.0,1.0
76,12,4,3.0,0.75
76,120,4,3.0,0.75
76,124,1,0.0,0.0
76,125,2,1.0,0.5
76,126,1,0.0,0.0
76,128,2,1.0,0.5
76,129,1,1.0,1.0
76,13,4,3.0,0.75
76,130,2,0.0,0.0
76,131,3,2.0,0.6666666666666666
76,132,2,1.0,0.5
76,133,4,3.0,0.75
76,134,1,0.0,0.0
76,135,3,3.0,1.0
76,136,3,1.0,0.3333333333333333
76,137,2,1.0,0.5
76,138,3,3.0,1.0
76,14,7,4.0,0.5714285714285714
76,140,2,1.0,0.5
76,141,2,2.0,1.0
76,142,1,0.0,0.0
76,143,16,6.0,0.375
76,144,3,2.0,0.6666666666666666
76,145,2,2.0,1.0
76,146,6,2.0,0.3333333333333333
76,148,1,0.0,0.0
76,149,10,3.0,0.3
76,15,9,3.0,0.3333333333333333
76,150,3,1.0,0.3333333333333333
76,151,2,1.0,0.5
76,153,8,4.0,0.5
76,155,4,0.0,0.0
76,156,3,1.0,0.3333333333333333
76,158,10,4.0,0.4
76,159,11,2.0,0.18181818181818182
76,16,3,2.0,0.6666666666666666
76,161,5,5.0,1.0
76,162,10,2.0,0.2
76,163,5,2.0,0.4
76,164,5,0.0,0.0
76,165,5,5.0,1.0
76,169,3,0.0,0.0
76,17,7,2.0,0.2857142857142857
76,170,4,1.0,0.25
76,171,5,5.0,1.0
76,177,10,1.0,0.1
76,178,25,11.0,0.44
76,179,110,53.0,0.4818181818181818
76,18,6,3.0,0.5
76,180,4,4.0,1.0
76,181,220,109.0,0.4954545454545455
76,182,248,99.0,0.39919354838709675
76,183,235,113.0,0.4808510638297872
76,184,127,55.0,0.4330708661417323
76,185,96,50.0,0.5208333333333334
76,19,8,6.0,0.75
76,194,12,7.0,0.5833333333333334
76,2,95,50.0,0.5263157894736842
76,20,11,4.0,0.36363636363636365
76,21,11,4.0,0.36363636363636365
76,22,3,2.0,0.6666666666666666
76,23,7,5.0,0.7142857142857143
76,24,39,31.0,0.7948717948717948
76,25,4,3.0,0.75
76,26,9,8.0,0.8888888888888888
76,27,8,7.0,0.875
76,28,9,6.0,0.6666666666666666
76,29,5,3.0,0.6
76,3,7,3.0,0.42857142857142855
76,30,20,15.0,0.75
76,300,3,2.0,0.6666666666666666
76,31,6,6.0,1.0
76,32,6,6.0,1.0
76,33,7,4.0,0.5714285714285714
76,34,17,12.0,0.7058823529411765
76,35,13,8.0,0.6153846153846154
76,36,6,4.0,0.6666666666666666
76,37,5,3.0,0.6
76,38,7,4.0,0.5714285714285714
76,39,7,4.0,0.5714285714285714
76,4,11,2.0,0.18181818181818182
76,40,7,6.0,0.8571428571428571
76,41,4,4.0,1.0
76,42,5,5.0,1.0
76,44,12,9.0,0.75
76,45,10,7.0,0.7
76,46,7,3.0,0.42857142857142855
76,47,7,3.0,0.42857142857142855
76,48,5,3.0,0.6
76,49,7,6.0,0.8571428571428571
76,5,12,6.0,0.5
76,50,2,2.0,1.0
76,51,4,2.0,0.5
76,52,84,28.0,0.3333333333333333
76,53,69,26.0,0.37681159420289856
76,54,59,24.0,0.4067796610169492
76,55,37,11.0,0.2972972972972973
76,56,46,18.0,0.391304347826087
76,57,32,12.0,0.375
76,58,19,7.0,0.3684210526315789
76,59,27,12.0,0.4444444444444444
76,6,14,3.0,0.21428571428571427
76,60,31,10.0,0.3225806451612903
76,61,6,3.0,0.5
76,63,6,0.0,0.0
76,64,21,7.0,0.3333333333333333
76,65,6,2.0,0.3333333333333333
76,66,3,2.0,0.6666666666666666
76,67,3,0.0,0.0
76,68,12,5.0,0.4166666666666667
76,69,6,2.0,0.3333333333333333
76,7,42,17.0,0.40476190476190477
76,70,6,1.0,0.16666666666666666
76,71,8,7.0,0.875
76,72,3,1.0,0.3333333333333333
76,73,5,1.0,0.2
76,74,4,3.0,0.75
76,75,4,2.0,0.5
76,76,8,3.0,0.375
76,77,14,7.0,0.5
76,78,5,4.0,0.8
76,79,4,1.0,0.25
76,8,6,4.0,0.6666666666666666
76,80,2,1.0,0.5
76,81,3,2.0,0.6666666666666666
76,82,2,2.0,1.0
76,83,7,3.0,0.42857142857142855
76,84,2,0.0,0.0
76,85,14,4.0,0.2857142857142857
76,86,1,0.0,0.0
76,87,5,2.0,0.4
76,88,5,4.0,0.8
76,89,3,2.0,0.6666666666666666
76,9,7,5.0,0.7142857142857143
76,90,2,2.0,1.0
76,91,2,1.0,0.5
76,92,3,2.0,0.6666666666666666
76,94,3,2.0,0.6666666666666666
76,95,2,2.0,1.0
76,96,3,1.0,0.3333333333333333
76,97,3,2.0,0.6666666666666666
76,98,5,2.0,0.4
76,99,2,1.0,0.5
77,117,1,0.0,0.0
77,119,1,0.0,0.0
77,133,1,1.0,1.0
77,74,3,2.0,0.6666666666666666
77,85,1,1.0,1.0
77,98,1,1.0,1.0
78,103,1,1.0,1.0
78,11,1,1.0,1.0
78,135,1,0.0,0.0
78,136,1,1.0,1.0
78,15,1,0.0,0.0
78,17,2,2.0,1.0
78,179,4,4.0,1.0
78,18,2,2.0,1.0
78,181,4,3.0,0.75
78,182,4,3.0,0.75
78,183,4,4.0,1.0
78,184,1,0.0,0.0
78,185,2,1.0,0.5
78,2,4,2.0,0.5
78,24,1,0.0,0.0
78,31,1,1.0,1.0
78,32,1,1.0,1.0
78,5,1,0.0,0.0
78,50,1,0.0,0.0
78,53,1,1.0,1.0
78,7,5,5.0,1.0
78,76,1,0.0,0.0
78,77,2,1.0,0.5
78,78,1,1.0,1.0
78,8,1,1.0,1.0
78,84,1,0.0,0.0
78,86,1,1.0,1.0
78,88,1,1.0,1.0
78,9,1,1.0,1.0
78,91,1,0.0,0.0
79,10,1,1.0,1.0
79,11,1,0.0,0.0
79,179,1,1.0,1.0
79,18,1,0.0,0.0
79,181,1,0.0,0.0
79,182,2,0.0,0.0
79,183,4,2.0,0.5
79,184,1,0.0,0.0
79,2,1,1.0,1.0
79,23,1,0.0,0.0
79,24,1,0.0,0.0
79,25,1,0.0,0.0
79,46,1,0.0,0.0
79,47,1,0.0,0.0
79,7,3,1.0,0.3333333333333333
79,71,2,1.0,0.5
79,80,1,1.0,1.0
79,81,1,0.0,0.0
79,84,1,0.0,0.0
79,85,1,0.0,0.0
79,9,1,1.0,1.0
80,10,1,1.0,1.0
80,100,3,1.0,0.3333333333333333
80,103,1,1.0,1.0
80,104,1,1.0,1.0
80,105,1,0.0,0.0
80,106,1,0.0,0.0
80,107,1,1.0,1.0
80,108,1,1.0,1.0
80,109,2,1.0,0.5
80,110,1,0.0,0.0
80,113,4,2.0,0.5
80,114,3,2.0,0.6666666666666666
80,115,2,1.0,0.5
80,116,2,1.0,0.5
80,118,4,0.0,0.0
80,119,5,4.0,0.8
80,120,1,1.0,1.0
80,122,1,1.0,1.0
80,123,3,1.0,0.3333333333333333
80,124,1,1.0,1.0
80,125,1,1.0,1.0
80,126,2,0.0,0.0
80,128,1,1.0,1.0
80,129,2,2.0,1.0
80,130,1,1.0,1.0
80,132,3,1.0,0.3333333333333333
80,134,3,2.0,0.6666666666666666
80,136,2,1.0,0.5
80,137,1,1.0,1.0
80,138,1,1.0,1.0
80,140,1,0.0,0.0
80,142,1,1.0,1.0
80,144,2,1.0,0.5
80,145,1,0.0,0.0
80,179,2,2.0,1.0
80,181,19,14.0,0.7368421052631579
80,182,9,6.0,0.6666666666666666
80,183,16,12.0,0.75
80,184,7,6.0,0.8571428571428571
80,185,10,7.0,0.7
80,23,1,1.0,1.0
80,24,7,6.0,0.8571428571428571
80,25,1,1.0,1.0
80,26,1,0.0,0.0
80,27,4,3.0,0.75
80,28,3,2.0,0.6666666666666666
80,29,3,2.0,0.6666666666666666
80,30,7,6.0,0.8571428571428571
80,31,2,1.0,0.5
80,32,1,1.0,1.0
80,33,2,2.0,1.0
80,34,6,5.0,0.8333333333333334
80,35,3,3.0,1.0
80,36,1,0.0,0.0
80,37,1,0.0,0.0
80,38,2,1.0,0.5
80,39,2,1.0,0.5
80,41,1,1.0,1.0
80,42,4,2.0,0.5
80,44,7,6.0,0.8571428571428571
80,45,1,0.0,0.0
80,46,2,1.0,0.5
80,47,2,1.0,0.5
80,48,2,2.0,1.0
80,49,6,6.0,1.0
80,51,1,1.0,1.0
80,7,1,1.0,1.0
80,73,2,1.0,0.5
80,74,1,1.0,1.0
80,75,1,1.0,1.0
80,76,6,5.0,0.8333333333333334
80,77,5,3.0,0.6
80,78,4,3.0,0.75
80,79,2,0.0,0.0
80,80,2,0.0,0.0
80,81,3,0.0,0.0
80,82,1,1.0,1.0
80,83,5,3.0,0.6
80,84,3,3.0,1.0
80,85,5,1.0,0.2
80,87,2,0.0,0.0
80,88,5,3.0,0.6
80,90,5,2.0,0.4
80,91,3,1.0,0.3333333333333333
80,92,1,1.0,1.0
80,93,3,2.0,0.6666666666666666
80,94,2,2.0,1.0
80,96,1,0.0,0.0
80,98,2,2.0,1.0
80,99,1,0.0,0.0
81,1,2,1.0,0.5
81,10,4,2.0,0.5
81,100,7,4.0,0.5714285714285714
81,101,4,3.0,0.75
81,102,1,0.0,0.0
81,103,21,11.0,0.5238095238095238
81,104,11,6.0,0.5454545454545454
81,105,3,2.0,0.6666666666666666
81,106,18,13.0,0.7222222222222222
81,107,6,3.0,0.5
81,108,3,3.0,1.0
81,11,15,10.0,0.6666666666666666
81,110,1,1.0,1.0
81,111,1,1.0,1.0
81,112,1,1.0,1.0
81,113,3,2.0,0.6666666666666666
81,114,13,6.0,0.46153846153846156
81,115,5,4.0,0.8
81,116,11,6.0,0.5454545454545454
81,117,11,4.0,0.36363636363636365
81,118,9,6.0,0.6666666666666666
81,119,21,17.0,0.8095238095238095
81,12,1,0.0,0.0
81,120,19,16.0,0.8421052631578947
81,121,10,6.0,0.6
81,123,1,1.0,1.0
81,124,9,5.0,0.5555555555555556
81,125,2,1.0,0.5
81,126,4,1.0,0.25
81,128,1,1.0,1.0
81,129,11,9.0,0.8181818181818182
81,13,2,2.0,1.0
81,130,9,5.0,0.5555555555555556
81,131,1,0.0,0.0
81,132,3,2.0,0.6666666666666666
81,133,12,7.0,0.5833333333333334
81,134,10,6.0,0.6
81,135,2,2.0,1.0
81,137,1,1.0,1.0
81,14,3,2.0,0.6666666666666666
81,141,1,1.0,1.0
81,142,5,2.0,0.4
81,143,13,9.0,0.6923076923076923
81,144,4,3.0,0.75
81,145,1,1.0,1.0
81,146,5,5.0,1.0
81,147,4,4.0,1.0
81,149,8,7.0,0.875
81,15,2,1.0,0.5
81,150,2,2.0,1.0
81,151,3,3.0,1.0
81,152,1,1.0,1.0
81,153,2,2.0,1.0
81,155,3,3.0,1.0
81,157,3,2.0,0.6666666666666666
81,158,1,1.0,1.0
81,159,3,3.0,1.0
81,16,6,5.0,0.8333333333333334
81,160,2,2.0,1.0
81,161,3,3.0,1.0
81,162,5,5.0,1.0
81,163,1,1.0,1.0
81,164,2,2.0,1.0
81,165,1,1.0,1.0
81,167,1,0.0,0.0
81,168,1,0.0,0.0
81,169,1,1.0,1.0
81,17,9,4.0,0.4444444444444444
81,171,1,1.0,1.0
81,176,6,6.0,1.0
81,177,5,3.0,0.6
81,178,10,10.0,1.0
81,179,70,51.0,0.7285714285714285
81,18,4,3.0,0.75
81,180,1,1.0,1.0
81,181,192,127.0,0.6614583333333334
81,182,131,98.0,0.7480916030534351
81,183,179,118.0,0.659217877094972
81,184,121,80.0,0.6611570247933884
81,185,83,62.0,0.7469879518072289
81,19,5,3.0,0.6
81,194,1,1.0,1.0
81,2,51,38.0,0.7450980392156863
81,20,6,5.0,0.8333333333333334
81,21,6,5.0,0.8333333333333334
81,22,1,1.0,1.0
81,23,4,3.0,0.75
81,24,71,43.0,0.6056338028169014
81,25,11,5.0,0.45454545454545453
81,26,9,7.0,0.7777777777777778
81,27,13,9.0,0.6923076923076923
81,28,18,10.0,0.5555555555555556
81,29,13,7.0,0.5384615384615384
81,3,4,3.0,0.75
81,30,35,24.0,0.6857142857142857
81,31,14,8.0,0.5714285714285714
81,32,9,5.0,0.5555555555555556
81,33,14,6.0,0.42857142857142855
81,34,36,24.0,0.6666666666666666
81,35,27,16.0,0.5925925925925926
81,36,19,12.0,0.631578947368421
81,37,23,14.0,0.6086956521739131
81,38,21,14.0,0.6666666666666666
81,39,21,14.0,0.6666666666666666
81,4,8,6.0,0.75
81,40,13,8.0,0.6153846153846154
81,41,13,9.0,0.6923076923076923
81,42,13,10.0,0.7692307692307693
81,43,6,4.0,0.6666666666666666
81,44,15,11.0,0.7333333333333333
81,45,11,9.0,0.8181818181818182
81,46,7,6.0,0.8571428571428571
81,47,7,6.0,0.8571428571428571
81,48,1,1.0,1.0
81,49,6,4.0,0.6666666666666666
81,5,2,2.0,1.0
81,50,4,3.0,0.75
81,51,10,4.0,0.4
81,52,25,18.0,0.72
81,53,47,37.0,0.7872340425531915
81,54,7,6.0,0.8571428571428571
81,55,4,2.0,0.5
81,56,32,24.0,0.75
81,57,1,1.0,1.0
81,58,3,3.0,1.0
81,59,9,9.0,1.0
81,6,17,13.0,0.7647058823529411
81,60,5,4.0,0.8
81,61,8,5.0,0.625
81,62,1,1.0,1.0
81,63,3,3.0,1.0
81,64,4,1.0,0.25
81,65,7,3.0,0.42857142857142855
81,66,2,0.0,0.0
81,67,3,3.0,1.0
81,68,3,2.0,0.6666666666666666
81,69,1,1.0,1.0
81,7,49,32.0,0.6530612244897959
81,70,1,1.0,1.0
81,71,32,23.0,0.71875
81,72,10,9.0,0.9
81,73,1,0.0,0.0
81,74,23,16.0,0.6956521739130435
81,75,2,1.0,0.5
81,76,40,25.0,0.625
81,77,46,27.0,0.5869565217391305
81,78,21,16.0,0.7619047619047619
81,79,3,2.0,0.6666666666666666
81,8,6,4.0,0.6666666666666666
81,80,20,8.0,0.4
81,81,13,8.0,0.6153846153846154
81,82,7,5.0,0.7142857142857143
81,83,34,25.0,0.7352941176470589
81,84,22,16.0,0.7272727272727273
81,85,51,39.0,0.7647058823529411
81,86,12,10.0,0.8333333333333334
81,87,8,5.0,0.625
81,88,16,12.0,0.75
81,89,8,7.0,0.875
81,9,8,7.0,0.875
81,90,18,12.0,0.6666666666666666
81,91,1,1.0,1.0
81,92,3,1.0,0.3333333333333333
81,93,6,5.0,0.8333333333333334
81,94,13,10.0,0.7692307692307693
81,95,12,8.0,0.6666666666666666
81,96,13,8.0,0.6153846153846154
81,97,1,1.0,1.0
81,98,21,12.0,0.5714285714285714
81,99,1,1.0,1.0
82,-1,1,1.0,1.0
82,1,18,17.0,0.9444444444444444
82,10,16,14.0,0.875
82,100,9,4.0,0.4444444444444444
82,101,3,2.0,0.6666666666666666
82,102,1,0.0,0.0
82,103,15,9.0,0.6
82,104,7,5.0,0.7142857142857143
82,105,7,6.0,0.8571428571428571
82,106,11,6.0,0.5454545454545454
82,107,11,10.0,0.9090909090909091
82,108,7,5.0,0.7142857142857143
82,109,5,4.0,0.8
82,11,23,18.0,0.782608695652174
82,110,4,3.0,0.75
82,111,2,2.0,1.0
82,112,3,2.0,0.6666666666666666
82,113,13,8.0,0.6153846153846154
82,114,10,6.0,0.6
82,115,8,4.0,0.5
82,116,11,7.0,0.6363636363636364
82,117,18,9.0,0.5
82,118,9,7.0,0.7777777777777778
82,119,28,21.0,0.75
82,12,11,9.0,0.8181818181818182
82,120,16,13.0,0.8125
82,121,9,7.0,0.7777777777777778
82,122,8,8.0,1.0
82,123,10,7.0,0.7
82,124,7,4.0,0.5714285714285714
82,125,3,3.0,1.0
82,126,5,5.0,1.0
82,128,8,8.0,1.0
82,129,13,5.0,0.38461538461538464
82,13,5,4.0,0.8
82,130,18,14.0,0.7777777777777778
82,131,2,1.0,0.5
82,132,8,7.0,0.875
82,133,15,10.0,0.6666666666666666
82,134,20,14.0,0.7
82,135,5,4.0,0.8
82,136,3,2.0,0.6666666666666666
82,137,4,2.0,0.5
82,138,5,5.0,1.0
82,14,22,21.0,0.9545454545454546
82,140,7,3.0,0.42857142857142855
82,141,2,2.0,1.0
82,142,2,0.0,0.0
82,143,114,89.0,0.7807017543859649
82,144,7,5.0,0.7142857142857143
82,145,2,1.0,0.5
82,146,38,29.0,0.7631578947368421
82,147,35,27.0,0.7714285714285715
82,148,3,3.0,1.0
82,149,53,41.0,0.7735849056603774
82,15,9,9.0,1.0
82,150,9,9.0,1.0
82,151,5,4.0,0.8
82,152,9,9.0,1.0
82,153,19,15.0,0.7894736842105263
82,154,3,3.0,1.0
82,155,19,13.0,0.6842105263157895
82,156,13,12.0,0.9230769230769231
82,157,3,1.0,0.3333333333333333
82,158,16,14.0,0.875
82,159,25,22.0,0.88
82,16,7,7.0,1.0
82,160,5,3.0,0.6
82,161,6,5.0,0.8333333333333334
82,162,28,24.0,0.8571428571428571
82,163,1,1.0,1.0
82,164,4,3.0,0.75
82,165,3,3.0,1.0
82,166,5,3.0,0.6
82,167,11,11.0,1.0
82,168,5,5.0,1.0
82,169,11,6.0,0.5454545454545454
82,17,22,16.0,0.7272727272727273
82,170,11,8.0,0.7272727272727273
82,171,2,2.0,1.0
82,172,13,11.0,0.8461538461538461
82,173,2,1.0,0.5
82,174,1,1.0,1.0
82,175,5,4.0,0.8
82,176,45,35.0,0.7777777777777778
82,177,40,32.0,0.8
82,178,56,47.0,0.8392857142857143
82,179,167,133.0,0.7964071856287425
82,18,16,13.0,0.8125
82,180,7,6.0,0.8571428571428571
82,181,386,289.0,0.7487046632124352
82,182,333,255.0,0.7657657657657657
82,183,385,308.0,0.8
82,184,252,202.0,0.8015873015873016
82,185,174,133.0,0.764367816091954
82,19,17,15.0,0.8823529411764706
82,194,6,6.0,1.0
82,2,202,182.0,0.900990099009901
82,20,12,10.0,0.8333333333333334
82,21,12,10.0,0.8333333333333334
82,22,15,13.0,0.8666666666666667
82,23,22,17.0,0.7727272727272727
82,24,149,93.0,0.6241610738255033
82,25,20,13.0,0.65
82,26,14,9.0,0.6428571428571429
82,27,20,15.0,0.75
82,28,26,20.0,0.7692307692307693
82,29,21,16.0,0.7619047619047619
82,3,7,7.0,1.0
82,30,63,44.0,0.6984126984126984
82,31,29,19.0,0.6551724137931034
82,32,18,11.0,0.6111111111111112
82,33,31,17.0,0.5483870967741935
82,34,58,41.0,0.7068965517241379
82,35,35,28.0,0.8
82,36,32,24.0,0.75
82,37,36,27.0,0.75
82,38,33,24.0,0.7272727272727273
82,39,32,24.0,0.75
82,4,22,20.0,0.9090909090909091
82,40,22,11.0,0.5
82,41,19,11.0,0.5789473684210527
82,42,29,17.0,0.5862068965517241
82,43,19,14.0,0.7368421052631579
82,44,34,28.0,0.8235294117647058
82,45,30,24.0,0.8
82,46,12,10.0,0.8333333333333334
82,47,11,9.0,0.8181818181818182
82,48,11,8.0,0.7272727272727273
82,49,13,11.0,0.8461538461538461
82,5,13,11.0,0.8461538461538461
82,50,12,9.0,0.75
82,51,12,6.0,0.5
82,52,37,27.0,0.7297297297297297
82,53,98,82.0,0.8367346938775511
82,54,8,8.0,1.0
82,56,129,110.0,0.8527131782945736
82,57,3,3.0,1.0
82,58,1,1.0,1.0
82,59,27,22.0,0.8148148148148148
82,6,54,47.0,0.8703703703703703
82,60,18,12.0,0.6666666666666666
82,61,6,5.0,0.8333333333333334
82,62,4,4.0,1.0
82,63,21,18.0,0.8571428571428571
82,64,8,6.0,0.75
82,65,3,3.0,1.0
82,66,8,6.0,0.75
82,67,6,6.0,1.0
82,68,9,7.0,0.7777777777777778
82,69,3,3.0,1.0
82,7,132,109.0,0.8257575757575758
82,70,5,4.0,0.8
82,71,16,14.0,0.875
82,72,12,6.0,0.5
82,73,11,7.0,0.6363636363636364
82,74,24,17.0,0.7083333333333334
82,75,9,7.0,0.7777777777777778
82,76,63,36.0,0.5714285714285714
82,77,52,31.0,0.5961538461538461
82,78,25,12.0,0.48
82,79,7,6.0,0.8571428571428571
82,8,31,26.0,0.8387096774193549
82,80,18,10.0,0.5555555555555556
82,81,15,9.0,0.6
82,82,6,6.0,1.0
82,83,35,25.0,0.7142857142857143
82,84,8,7.0,0.875
82,85,62,36.0,0.5806451612903226
82,86,27,20.0,0.7407407407407407
82,87,18,10.0,0.5555555555555556
82,88,13,10.0,0.7692307692307693
82,89,3,2.0,0.6666666666666666
82,9,19,18.0,0.9473684210526315
82,90,14,8.0,0.5714285714285714
82,91,4,2.0,0.5
82,92,5,3.0,0.6
82,93,9,7.0,0.7777777777777778
82,94,10,6.0,0.6
82,95,11,7.0,0.6363636363636364
82,96,14,9.0,0.6428571428571429
82,97,9,6.0,0.6666666666666666
82,98,14,7.0,0.5
82,99,5,4.0,0.8
83,100,2,0.0,0.0
83,101,1,1.0,1.0
83,103,1,0.0,0.0
83,105,1,1.0,1.0
83,107,1,0.0,0.0
83,108,3,1.0,0.3333333333333333
83,109,2,0.0,0.0
83,111,1,1.0,1.0
83,114,1,1.0,1.0
83,115,1,0.0,0.0
83,119,1,1.0,1.0
83,120,1,0.0,0.0
83,129,1,1.0,1.0
83,132,2,1.0,0.5
83,133,1,1.0,1.0
83,135,1,1.0,1.0
83,136,1,1.0,1.0
83,140,1,1.0,1.0
83,143,2,1.0,0.5
83,146,1,1.0,1.0
83,149,1,0.0,0.0
83,153,1,1.0,1.0
83,154,1,0.0,0.0
83,155,1,0.0,0.0
83,158,1,1.0,1.0
83,162,1,0.0,0.0
83,163,1,1.0,1.0
83,178,3,2.0,0.6666666666666666
83,179,5,4.0,0.8
83,181,12,7.0,0.5833333333333334
83,182,12,9.0,0.75
83,183,10,9.0,0.9
83,184,10,7.0,0.7
83,185,6,4.0,0.6666666666666666
83,24,5,3.0,0.6
83,25,1,1.0,1.0
83,26,2,1.0,0.5
83,27,3,3.0,1.0
83,28,2,1.0,0.5
83,29,1,0.0,0.0
83,30,9,7.0,0.7777777777777778
83,31,3,1.0,0.3333333333333333
83,32,1,0.0,0.0
83,34,6,4.0,0.6666666666666666
83,35,4,2.0,0.5
83,36,1,1.0,1.0
83,37,2,1.0,0.5
83,38,1,1.0,1.0
83,39,1,1.0,1.0
83,40,1,0.0,0.0
83,42,2,2.0,1.0
83,43,1,1.0,1.0
83,44,7,7.0,1.0
83,45,3,3.0,1.0
83,49,6,6.0,1.0
83,51,1,0.0,0.0
83,71,2,1.0,0.5
83,72,1,1.0,1.0
83,74,3,1.0,0.3333333333333333
83,76,3,2.0,0.6666666666666666
83,77,7,5.0,0.7142857142857143
83,78,4,3.0,0.75
83,79,2,2.0,1.0
83,80,3,1.0,0.3333333333333333
83,81,2,0.0,0.0
83,83,1,1.0,1.0
83,84,1,1.0,1.0
83,85,2,0.0,0.0
83,86,2,1.0,0.5
83,88,1,1.0,1.0
83,90,1,0.0,0.0
83,92,1,1.0,1.0
83,93,1,0.0,0.0
83,94,1,0.0,0.0
83,96,1,1.0,1.0
83,98,3,2.0,0.6666666666666666
83,99,1,0.0,0.0
84,100,1,1.0,1.0
84,105,1,1.0,1.0
84,106,1,0.0,0.0
84,110,1,1.0,1.0
84,111,2,2.0,1.0
84,112,1,1.0,1.0
84,114,1,1.0,1.0
84,115,2,1.0,0.5
84,117,1,0.0,0.0
84,119,1,1.0,1.0
84,122,1,1.0,1.0
84,123,3,1.0,0.3333333333333333
84,126,1,1.0,1.0
84,13,1,0.0,0.0
84,130,1,1.0,1.0
84,134,1,1.0,1.0
84,138,3,3.0,1.0
84,140,1,1.0,1.0
84,142,2,0.0,0.0
84,143,1,1.0,1.0
84,145,1,0.0,0.0
84,17,1,0.0,0.0
84,179,44,28.0,0.6363636363636364
84,18,1,1.0,1.0
84,181,45,25.0,0.5555555555555556
84,182,41,28.0,0.6829268292682927
84,183,30,22.0,0.7333333333333333
84,184,20,13.0,0.65
84,185,20,15.0,0.75
84,19,1,1.0,1.0
84,194,1,1.0,1.0
84,2,9,5.0,0.5555555555555556
84,20,3,2.0,0.6666666666666666
84,21,3,2.0,0.6666666666666666
84,22,1,1.0,1.0
84,24,4,2.0,0.5
84,26,1,1.0,1.0
84,27,2,2.0,1.0
84,28,1,1.0,1.0
84,29,1,1.0,1.0
84,3,2,1.0,0.5
84,30,1,1.0,1.0
84,31,2,1.0,0.5
84,32,1,1.0,1.0
84,33,2,1.0,0.5
84,34,1,0.0,0.0
84,35,1,0.0,0.0
84,36,1,0.0,0.0
84,37,1,0.0,0.0
84,38,2,1.0,0.5
84,39,2,1.0,0.5
84,4,2,1.0,0.5
84,40,1,0.0,0.0
84,44,1,1.0,1.0
84,45,2,1.0,0.5
84,46,1,1.0,1.0
84,47,1,1.0,1.0
84,5,1,1.0,1.0
84,52,24,17.0,0.7083333333333334
84,53,10,8.0,0.8
84,54,12,8.0,0.6666666666666666
84,55,6,3.0,0.5
84,56,24,20.0,0.8333333333333334
84,57,4,0.0,0.0
84,58,9,6.0,0.6666666666666666
84,59,3,3.0,1.0
84,60,10,7.0,0.7
84,62,12,8.0,0.6666666666666666
84,63,12,9.0,0.75
84,64,10,4.0,0.4
84,67,9,7.0,0.7777777777777778
84,68,3,2.0,0.6666666666666666
84,7,2,1.0,0.5
84,70,3,2.0,0.6666666666666666
84,71,1,0.0,0.0
84,73,2,0.0,0.0
84,74,1,1.0,1.0
84,75,1,0.0,0.0
84,76,1,1.0,1.0
84,77,3,1.0,0.3333333333333333
84,78,1,1.0,1.0
84,8,1,0.0,0.0
84,83,1,1.0,1.0
84,85,3,2.0,0.6666666666666666
84,89,2,2.0,1.0
84,90,1,0.0,0.0
84,91,3,2.0,0.6666666666666666
84,92,1,1.0,1.0
84,95,2,2.0,1.0
85,103,1,1.0,1.0
85,121,1,1.0,1.0
85,182,1,0.0,0.0
85,184,1,0.0,0.0
85,31,1,0.0,0.0
85,37,1,0.0,0.0
85,71,1,1.0,1.0
85,74,1,1.0,1.0
85,76,1,0.0,0.0
85,78,2,1.0,0.5
85,98,1,1.0,1.0
86,10,1,1.0,1.0
86,11,6,3.0,0.5
86,117,1,1.0,1.0
86,12,1,1.0,1.0
86,129,1,1.0,1.0
86,135,1,0.0,0.0
86,14,2,2.0,1.0
86,143,13,12.0,0.9230769230769231
86,15,3,3.0,1.0
86,17,3,3.0,1.0
86,179,23,21.0,0.9130434782608695
86,18,1,1.0,1.0
86,181,15,14.0,0.9333333333333333
86,182,27,23.0,0.8518518518518519
86,183,27,20.0,0.7407407407407407
86,184,12,8.0,0.6666666666666666
86,185,6,5.0,0.8333333333333334
86,19,3,1.0,0.3333333333333333
86,2,17,14.0,0.8235294117647058
86,20,2,1.0,0.5
86,21,2,1.0,0.5
86,24,2,2.0,1.0
86,25,1,1.0,1.0
86,27,1,1.0,1.0
86,28,1,1.0,1.0
86,29,1,1.0,1.0
86,30,3,3.0,1.0
86,33,1,1.0,1.0
86,34,2,2.0,1.0
86,35,1,1.0,1.0
86,36,1,0.0,0.0
86,37,1,0.0,0.0
86,4,2,2.0,1.0
86,42,1,1.0,1.0
86,44,1,1.0,1.0
86,46,1,0.0,0.0
86,47,1,0.0,0.0
86,49,1,1.0,1.0
86,5,2,2.0,1.0
86,52,4,4.0,1.0
86,53,11,11.0,1.0
86,56,14,10.0,0.7142857142857143
86,59,1,1.0,1.0
86,60,6,5.0,0.8333333333333334
86,61,1,1.0,1.0
86,62,2,2.0,1.0
86,65,2,1.0,0.5
86,66,2,2.0,1.0
86,67,2,2.0,1.0
86,7,12,9.0,0.75
86,70,2,2.0,1.0
86,74,5,2.0,0.4
86,77,4,2.0,0.5
86,78,1,1.0,1.0
86,8,3,2.0,0.6666666666666666
86,80,1,0.0,0.0
86,82,2,1.0,0.5
86,85,1,1.0,1.0
86,86,3,3.0,1.0
86,9,2,2.0,1.0
86,91,1,1.0,1.0
86,92,1,1.0,1.0
86,95,1,1.0,1.0
87,101,1,1.0,1.0
87,102,1,1.0,1.0
87,103,1,1.0,1.0
87,104,2,2.0,1.0
87,105,2,0.0,0.0
87,106,4,4.0,1.0
87,107,1,1.0,1.0
87,108,1,0.0,0.0
87,109,4,2.0,0.5
87,110,1,0.0,0.0
87,112,2,1.0,0.5
87,113,3,2.0,0.6666666666666666
87,115,1,1.0,1.0
87,116,2,1.0,0.5
87,117,2,1.0,0.5
87,118,2,1.0,0.5
87,119,4,1.0,0.25
87,121,2,2.0,1.0
87,122,2,2.0,1.0
87,123,4,1.0,0.25
87,125,2,2.0,1.0
87,126,1,0.0,0.0
87,128,1,1.0,1.0
87,129,1,1.0,1.0
87,131,1,1.0,1.0
87,132,3,1.0,0.3333333333333333
87,133,2,1.0,0.5
87,134,1,1.0,1.0
87,135,1,1.0,1.0
87,136,1,1.0,1.0
87,137,5,2.0,0.4
87,138,3,2.0,0.6666666666666666
87,141,1,1.0,1.0
87,142,2,1.0,0.5
87,144,3,3.0,1.0
87,145,1,0.0,0.0
87,179,1,0.0,0.0
87,18,1,0.0,0.0
87,182,1,0.0,0.0
87,183,1,1.0,1.0
87,184,1,1.0,1.0
87,53,1,1.0,1.0
87,56,1,1.0,1.0
87,61,1,1.0,1.0
87,63,1,1.0,1.0
87,7,1,0.0,0.0
87,71,5,4.0,0.8
87,72,1,1.0,1.0
87,73,3,1.0,0.3333333333333333
87,74,2,1.0,0.5
87,75,2,1.0,0.5
87,76,1,1.0,1.0
87,77,10,5.0,0.5
87,78,5,3.0,0.6
87,79,3,1.0,0.3333333333333333
87,80,1,0.0,0.0
87,82,2,2.0,1.0
87,83,3,2.0,0.6666666666666666
87,84,3,2.0,0.6666666666666666
87,85,7,5.0,0.7142857142857143
87,86,7,5.0,0.7142857142857143
87,87,1,1.0,1.0
87,88,1,1.0,1.0
87,89,2,2.0,1.0
87,90,2,1.0,0.5
87,91,1,0.0,0.0
87,92,1,0.0,0.0
87,93,1,1.0,1.0
87,94,2,1.0,0.5
87,95,6,2.0,0.3333333333333333
87,96,3,2.0,0.6666666666666666
87,97,1,0.0,0.0
87,98,4,4.0,1.0
87,99,3,3.0,1.0
88,130,1,0.0,0.0
88,71,1,0.0,0.0
88,78,2,1.0,0.5
88,79,1,1.0,1.0
88,90,1,0.0,0.0
88,98,1,0.0,0.0
89,1,4,3.0,0.75
89,100,4,1.0,0.25
89,101,1,1.0,1.0
89,105,1,0.0,0.0
89,106,1,0.0,0.0
89,108,1,1.0,1.0
89,109,1,1.0,1.0
89,11,3,3.0,1.0
89,113,3,3.0,1.0
89,114,2,1.0,0.5
89,116,1,1.0,1.0
89,118,1,1.0,1.0
89,119,3,2.0,0.6666666666666666
89,12,2,1.0,0.5
89,121,5,3.0,0.6
89,122,2,2.0,1.0
89,124,1,1.0,1.0
89,126,2,2.0,1.0
89,129,2,1.0,0.5
89,13,1,0.0,0.0
89,130,2,2.0,1.0
89,132,2,1.0,0.5
89,133,2,1.0,0.5
89,135,1,1.0,1.0
89,137,1,1.0,1.0
89,138,1,0.0,0.0
89,14,3,1.0,0.3333333333333333
89,142,1,0.0,0.0
89,143,3,2.0,0.6666666666666666
89,145,1,1.0,1.0
89,147,5,3.0,0.6
89,148,1,0.0,0.0
89,149,3,2.0,0.6666666666666666
89,15,2,1.0,0.5
89,151,1,1.0,1.0
89,153,1,1.0,1.0
89,154,1,1.0,1.0
89,155,1,1.0,1.0
89,159,5,3.0,0.6
89,166,5,3.0,0.6
89,17,4,3.0,0.75
89,176,2,2.0,1.0
89,178,5,3.0,0.6
89,179,13,9.0,0.6923076923076923
89,18,2,2.0,1.0
89,181,29,18.0,0.6206896551724138
89,182,23,15.0,0.6521739130434783
89,183,30,21.0,0.7
89,184,18,15.0,0.8333333333333334
89,185,9,7.0,0.7777777777777778
89,2,20,12.0,0.6
89,20,5,4.0,0.8
89,21,5,4.0,0.8
89,23,1,1.0,1.0
89,24,14,10.0,0.7142857142857143
89,25,2,2.0,1.0
89,26,4,2.0,0.5
89,27,5,3.0,0.6
89,28,3,2.0,0.6666666666666666
89,29,3,2.0,0.6666666666666666
89,3,3,2.0,0.6666666666666666
89,30,5,5.0,1.0
89,33,4,3.0,0.75
89,34,1,1.0,1.0
89,38,1,1.0,1.0
89,39,1,1.0,1.0
89,4,3,3.0,1.0
89,40,1,0.0,0.0
89,41,2,2.0,1.0
89,42,1,1.0,1.0
89,43,1,1.0,1.0
89,44,3,2.0,0.6666666666666666
89,46,2,1.0,0.5
89,47,2,1.0,0.5
89,49,3,2.0,0.6666666666666666
89,5,1,1.0,1.0
89,52,5,2.0,0.4
89,53,1,1.0,1.0
89,54,1,1.0,1.0
89,56,2,2.0,1.0
89,6,6,3.0,0.5
89,7,15,11.0,0.7333333333333333
89,71,2,1.0,0.5
89,72,2,2.0,1.0
89,73,1,0.0,0.0
89,74,2,2.0,1.0
89,76,4,4.0,1.0
89,77,3,2.0,0.6666666666666666
89,78,6,5.0,0.8333333333333334
89,79,3,2.0,0.6666666666666666
89,80,4,1.0,0.25
89,82,2,1.0,0.5
89,83,3,1.0,0.3333333333333333
89,84,3,2.0,0.6666666666666666
89,85,8,7.0,0.875
89,86,1,1.0,1.0
89,89,1,1.0,1.0
89,9,1,0.0,0.0
89,90,1,1.0,1.0
89,91,1,0.0,0.0
89,93,2,1.0,0.5
89,94,1,0.0,0.0
89,95,1,1.0,1.0
89,96,1,1.0,1.0
89,97,3,3.0,1.0
89,99,1,1.0,1.0
90,100,1,0.0,0.0
90,105,1,1.0,1.0
90,114,2,0.0,0.0
90,118,1,1.0,1.0
90,119,1,1.0,1.0
90,124,2,0.0,0.0
90,125,1,1.0,1.0
90,129,1,1.0,1.0
90,133,1,1.0,1.0
90,135,1,1.0,1.0
90,140,1,1.0,1.0
90,149,1,1.0,1.0
90,15,1,1.0,1.0
90,150,1,1.0,1.0
90,153,1,1.0,1.0
90,155,1,1.0,1.0
90,159,3,2.0,0.6666666666666666
90,169,1,0.0,0.0
90,172,1,1.0,1.0
90,174,1,1.0,1.0
90,177,3,2.0,0.6666666666666666
90,178,1,1.0,1.0
90,179,7,7.0,1.0
90,18,2,2.0,1.0
90,181,17,16.0,0.9411764705882353
90,182,14,13.0,0.9285714285714286
90,183,16,15.0,0.9375
90,184,15,11.0,0.7333333333333333
90,185,6,5.0,0.8333333333333334
90,19,1,0.0,0.0
90,2,6,5.0,0.8333333333333334
90,24,8,6.0,0.75
90,25,1,1.0,1.0
90,27,3,3.0,1.0
90,28,4,4.0,1.0
90,29,4,4.0,1.0
90,3,1,1.0,1.0
90,30,3,3.0,1.0
90,31,1,1.0,1.0
90,32,2,2.0,1.0
90,33,1,0.0,0.0
90,34,2,1.0,0.5
90,35,1,1.0,1.0
90,36,1,1.0,1.0
90,38,2,2.0,1.0
90,39,2,2.0,1.0
90,40,1,1.0,1.0
90,41,1,1.0,1.0
90,42,1,0.0,0.0
90,43,1,1.0,1.0
90,44,6,6.0,1.0
90,45,1,1.0,1.0
90,46,1,1.0,1.0
90,47,1,1.0,1.0
90,48,1,1.0,1.0
90,49,5,5.0,1.0
90,50,2,1.0,0.5
90,52,2,2.0,1.0
90,53,3,2.0,0.6666666666666666
90,56,2,2.0,1.0
90,59,1,1.0,1.0
90,6,2,2.0,1.0
90,60,1,0.0,0.0
90,66,2,2.0,1.0
90,67,1,1.0,1.0
90,68,1,1.0,1.0
90,7,4,4.0,1.0
90,74,2,1.0,0.5
90,75,2,2.0,1.0
90,77,2,1.0,0.5
90,78,2,2.0,1.0
90,8,2,2.0,1.0
90,82,1,1.0,1.0
90,85,2,2.0,1.0
90,86,2,2.0,1.0
90,88,1,1.0,1.0
90,9,1,1.0,1.0
90,90,1,1.0,1.0
90,92,2,2.0,1.0
90,93,1,0.0,0.0
90,97,1,0.0,0.0
90,98,1,1.0,1.0
91,1,1,1.0,1.0
91,100,1,1.0,1.0
91,101,3,3.0,1.0
91,103,3,3.0,1.0
91,104,2,2.0,1.0
91,105,2,2.0,1.0
91,106,3,2.0,0.6666666666666666
91,107,2,2.0,1.0
91,108,1,1.0,1.0
91,109,2,0.0,0.0
91,111,2,2.0,1.0
91,112,1,1.0,1.0
91,114,2,1.0,0.5
91,115,1,1.0,1.0
91,116,1,0.0,0.0
91,117,2,2.0,1.0
91,118,2,1.0,0.5
91,119,5,3.0,0.6
91,120,1,1.0,1.0
91,121,1,1.0,1.0
91,122,1,1.0,1.0
91,123,3,1.0,0.3333333333333333
91,124,1,1.0,1.0
91,125,2,2.0,1.0
91,128,4,4.0,1.0
91,129,2,1.0,0.5
91,130,1,0.0,0.0
91,131,2,1.0,0.5
91,132,3,3.0,1.0
91,133,1,0.0,0.0
91,134,2,2.0,1.0
91,135,1,0.0,0.0
91,136,2,1.0,0.5
91,137,3,2.0,0.6666666666666666
91,138,4,2.0,0.5
91,140,1,0.0,0.0
91,142,1,1.0,1.0
91,144,1,1.0,1.0
91,145,2,1.0,0.5
91,179,3,2.0,0.6666666666666666
91,182,1,0.0,0.0
91,183,3,3.0,1.0
91,184,5,3.0,0.6
91,185,3,2.0,0.6666666666666666
91,2,6,4.0,0.6666666666666666
91,20,1,1.0,1.0
91,21,1,1.0,1.0
91,22,2,1.0,0.5
91,24,1,1.0,1.0
91,3,1,1.0,1.0
91,30,1,1.0,1.0
91,33,1,1.0,1.0
91,4,1,1.0,1.0
91,44,1,0.0,0.0
91,45,1,0.0,0.0
91,6,1,1.0,1.0
91,7,1,1.0,1.0
91,71,3,1.0,0.3333333333333333
91,72,1,1.0,1.0
91,73,4,2.0,0.5
91,74,1,0.0,0.0
91,75,3,3.0,1.0
91,76,8,1.0,0.125
91,77,5,3.0,0.6
91,8,1,0.0,0.0
91,82,1,1.0,1.0
91,83,7,3.0,0.42857142857142855
91,84,3,2.0,0.6666666666666666
91,85,15,8.0,0.5333333333333333
91,86,3,3.0,1.0
91,88,1,1.0,1.0
91,89,2,2.0,1.0
91,90,2,2.0,1.0
91,91,1,1.0,1.0
91,92,2,2.0,1.0
91,93,2,2.0,1.0
91,94,2,2.0,1.0
91,95,2,2.0,1.0
91,97,1,0.0,0.0
91,98,1,0.0,0.0
91,99,1,0.0,0.0
93,114,1,1.0,1.0
93,122,1,0.0,0.0
93,140,1,1.0,1.0
93,74,3,2.0,0.6666666666666666
93,76,1,0.0,0.0
93,82,1,0.0,0.0
93,83,2,1.0,0.5
93,97,1,0.0,0.0
94,116,1,0.0,0.0
94,179,2,1.0,0.5
94,184,1,1.0,1.0
94,185,1,0.0,0.0
94,52,1,1.0,1.0
94,53,1,0.0,0.0
94,60,1,0.0,0.0
94,65,1,1.0,1.0
94,72,1,1.0,1.0
94,74,2,1.0,0.5
94,77,1,0.0,0.0
94,83,1,0.0,0.0
94,90,1,0.0,0.0
94,98,1,0.0,0.0
97,103,1,0.0,0.0
97,118,1,0.0,0.0
97,120,1,1.0,1.0
97,125,1,0.0,0.0
97,130,1,1.0,1.0
97,134,1,1.0,1.0
97,141,1,1.0,1.0
97,144,1,0.0,0.0
97,146,1,1.0,1.0
97,149,1,0.0,0.0
97,156,1,1.0,1.0
97,167,1,0.0,0.0
97,17,1,1.0,1.0
97,177,2,1.0,0.5
97,181,1,1.0,1.0
97,184,1,0.0,0.0
97,185,1,0.0,0.0
97,34,1,0.0,0.0
97,35,1,0.0,0.0
97,7,1,1.0,1.0
97,73,1,1.0,1.0
97,76,4,2.0,0.5
97,77,5,1.0,0.2
97,88,1,1.0,1.0
97,90,1,1.0,1.0
97,93,1,1.0,1.0
97,98,1,1.0,1.0
98,-1,2,1.0,0.5
98,1,14,13.0,0.9285714285714286
98,10,13,10.0,0.7692307692307693
98,100,7,6.0,0.8571428571428571
98,101,5,5.0,1.0
98,102,1,0.0,0.0
98,103,24,15.0,0.625
98,104,6,5.0,0.8333333333333334
98,105,13,12.0,0.9230769230769231
98,106,31,30.0,0.967741935483871
98,107,13,12.0,0.9230769230769231
98,108,9,8.0,0.8888888888888888
98,109,7,5.0,0.7142857142857143
98,11,17,16.0,0.9411764705882353
98,110,4,4.0,1.0
98,111,4,3.0,0.75
98,112,6,5.0,0.8333333333333334
98,113,10,9.0,0.9
98,114,11,6.0,0.5454545454545454
98,115,3,3.0,1.0
98,116,14,7.0,0.5
98,117,6,5.0,0.8333333333333334
98,118,13,10.0,0.7692307692307693
98,119,60,52.0,0.8666666666666667
98,12,5,2.0,0.4
98,120,41,36.0,0.8780487804878049
98,121,15,11.0,0.7333333333333333
98,122,9,9.0,1.0
98,123,6,3.0,0.5
98,124,8,8.0,1.0
98,125,3,2.0,0.6666666666666666
98,126,3,2.0,0.6666666666666666
98,128,9,9.0,1.0
98,129,22,15.0,0.6818181818181818
98,13,11,10.0,0.9090909090909091
98,130,9,5.0,0.5555555555555556
98,131,2,1.0,0.5
98,132,6,4.0,0.6666666666666666
98,133,17,13.0,0.7647058823529411
98,134,46,33.0,0.717391304347826
98,135,11,11.0,1.0
98,136,3,2.0,0.6666666666666666
98,137,6,5.0,0.8333333333333334
98,138,8,7.0,0.875
98,14,20,18.0,0.9
98,140,2,1.0,0.5
98,142,8,7.0,0.875
98,143,246,192.0,0.7804878048780488
98,144,6,5.0,0.8333333333333334
98,145,3,3.0,1.0
98,146,87,67.0,0.7701149425287356
98,147,86,72.0,0.8372093023255814
98,148,31,26.0,0.8387096774193549
98,149,122,106.0,0.8688524590163934
98,15,9,7.0,0.7777777777777778
98,150,36,28.0,0.7777777777777778
98,151,32,26.0,0.8125
98,152,14,13.0,0.9285714285714286
98,153,67,59.0,0.8805970149253731
98,154,5,5.0,1.0
98,155,110,97.0,0.8818181818181818
98,156,37,36.0,0.972972972972973
98,157,14,14.0,1.0
98,158,83,69.0,0.8313253012048193
98,159,80,69.0,0.8625
98,16,7,7.0,1.0
98,160,10,9.0,0.9
98,161,11,8.0,0.7272727272727273
98,162,111,94.0,0.8468468468468469
98,163,5,4.0,0.8
98,164,42,40.0,0.9523809523809523
98,165,15,14.0,0.9333333333333333
98,166,25,19.0,0.76
98,167,21,18.0,0.8571428571428571
98,168,5,4.0,0.8
98,169,13,10.0,0.7692307692307693
98,17,15,14.0,0.9333333333333333
98,170,19,17.0,0.8947368421052632
98,171,7,7.0,1.0
98,172,18,16.0,0.8888888888888888
98,174,5,5.0,1.0
98,175,12,11.0,0.9166666666666666
98,176,99,84.0,0.8484848484848485
98,177,103,88.0,0.8543689320388349
98,178,204,168.0,0.8235294117647058
98,179,521,437.0,0.8387715930902111
98,18,14,14.0,1.0
98,180,4,4.0,1.0
98,181,1017,857.0,0.8426745329400197
98,182,958,802.0,0.837160751565762
98,183,1023,858.0,0.8387096774193549
98,184,668,570.0,0.8532934131736527
98,185,475,409.0,0.8610526315789474
98,19,13,13.0,1.0
98,194,44,34.0,0.7727272727272727
98,196,9,7.0,0.7777777777777778
98,2,189,173.0,0.9153439153439153
98,20,17,16.0,0.9411764705882353
98,21,17,16.0,0.9411764705882353
98,219,1,1.0,1.0
98,22,16,16.0,1.0
98,23,24,24.0,1.0
98,24,196,170.0,0.8673469387755102
98,25,38,33.0,0.868421052631579
98,26,31,28.0,0.9032258064516129
98,27,20,16.0,0.8
98,28,50,42.0,0.84
98,29,39,32.0,0.8205128205128205
98,3,6,6.0,1.0
98,30,77,69.0,0.8961038961038961
98,300,9,7.0,0.7777777777777778
98,31,70,56.0,0.8
98,32,65,52.0,0.8
98,33,27,24.0,0.8888888888888888
98,34,56,46.0,0.8214285714285714
98,35,33,27.0,0.8181818181818182
98,36,29,27.0,0.9310344827586207
98,37,32,28.0,0.875
98,38,28,24.0,0.8571428571428571
98,39,27,23.0,0.8518518518518519
98,4,16,13.0,0.8125
98,40,33,28.0,0.8484848484848485
98,41,18,14.0,0.7777777777777778
98,42,32,28.0,0.875
98,43,25,21.0,0.84
98,44,51,46.0,0.9019607843137255
98,45,38,33.0,0.868421052631579
98,46,8,7.0,0.875
98,47,9,8.0,0.8888888888888888
98,48,8,8.0,1.0
98,49,16,16.0,1.0
98,5,16,15.0,0.9375
98,50,17,15.0,0.8823529411764706
98,51,5,4.0,0.8
98,52,520,441.0,0.8480769230769231
98,53,359,316.0,0.8802228412256268
98,54,351,296.0,0.8433048433048433
98,55,153,124.0,0.8104575163398693
98,56,325,267.0,0.8215384615384616
98,57,95,74.0,0.7789473684210526
98,58,113,80.0,0.7079646017699115
98,59,261,215.0,0.8237547892720306
98,6,35,31.0,0.8857142857142857
98,60,249,214.0,0.8594377510040161
98,61,15,10.0,0.6666666666666666
98,62,9,6.0,0.6666666666666666
98,63,127,108.0,0.8503937007874016
98,64,109,93.0,0.8532110091743119
98,65,21,18.0,0.8571428571428571
98,66,54,46.0,0.8518518518518519
98,67,56,47.0,0.8392857142857143
98,68,46,37.0,0.8043478260869565
98,69,15,11.0,0.7333333333333333
98,7,94,85.0,0.9042553191489362
98,70,35,29.0,0.8285714285714286
98,71,47,39.0,0.8297872340425532
98,72,17,9.0,0.5294117647058824
98,73,14,13.0,0.9285714285714286
98,74,171,129.0,0.7543859649122807
98,75,6,4.0,0.6666666666666666
98,76,136,120.0,0.8823529411764706
98,77,230,205.0,0.8913043478260869
98,78,115,90.0,0.782608695652174
98,79,6,5.0,0.8333333333333334
98,8,30,28.0,0.9333333333333333
98,80,28,24.0,0.8571428571428571
98,81,13,11.0,0.8461538461538461
98,82,13,11.0,0.8461538461538461
98,83,111,90.0,0.8108108108108109
98,84,41,35.0,0.8536585365853658
98,85,234,192.0,0.8205128205128205
98,86,39,32.0,0.8205128205128205
98,87,16,13.0,0.8125
98,88,41,39.0,0.9512195121951219
98,89,3,3.0,1.0
98,9,22,21.0,0.9545454545454546
98,90,12,9.0,0.75
98,91,4,4.0,1.0
98,92,17,17.0,1.0
98,93,7,7.0,1.0
98,94,20,14.0,0.7
98,95,17,14.0,0.8235294117647058
98,96,19,14.0,0.7368421052631579
98,97,8,8.0,1.0
98,98,40,30.0,0.75
98,99,7,7.0,1.0
99,115,1,1.0,1.0
99,117,1,1.0,1.0
99,143,1,1.0,1.0
99,15,1,1.0,1.0
99,179,7,7.0,1.0
99,181,6,3.0,0.5
99,182,3,2.0,0.6666666666666666
99,183,6,5.0,0.8333333333333334
99,184,9,7.0,0.7777777777777778
99,185,7,4.0,0.5714285714285714
99,2,2,1.0,0.5
99,20,1,0.0,0.0
99,21,1,0.0,0.0
99,24,4,1.0,0.25
99,26,1,1.0,1.0
99,27,2,2.0,1.0
99,28,2,2.0,1.0
99,29,2,2.0,1.0
99,30,2,1.0,0.5
99,31,1,0.0,0.0
99,32,2,1.0,0.5
99,36,1,1.0,1.0
99,38,2,2.0,1.0
99,39,2,2.0,1.0
99,4,1,0.0,0.0
99,40,1,0.0,0.0
99,44,1,1.0,1.0
99,46,1,1.0,1.0
99,47,1,1.0,1.0
99,49,1,1.0,1.0
99,50,2,0.0,0.0
99,53,3,3.0,1.0
99,56,1,1.0,1.0
99,59,1,1.0,1.0
99,64,1,1.0,1.0
99,66,2,2.0,1.0
99,72,1,1.0,1.0
99,84,1,1.0,1.0
99,85,2,2.0,1.0
100,111,1,1.0,1.0
100,129,1,1.0,1.0
100,167,1,1.0,1.0
100,168,1,1.0,1.0
100,177,1,1.0,1.0
100,179,1,1.0,1.0
100,181,2,2.0,1.0
100,182,2,2.0,1.0
100,183,4,2.0,0.5
100,184,1,1.0,1.0
100,185,4,2.0,0.5
100,20,1,1.0,1.0
100,21,1,1.0,1.0
100,28,2,1.0,0.5
100,29,2,1.0,0.5
100,30,1,1.0,1.0
100,38,1,1.0,1.0
100,39,1,1.0,1.0
100,46,1,0.0,0.0
100,47,1,0.0,0.0
100,52,1,1.0,1.0
100,56,1,1.0,1.0
100,71,1,1.0,1.0
100,74,2,1.0,0.5
100,76,1,0.0,0.0
100,77,3,0.0,0.0
100,78,1,0.0,0.0
100,82,2,0.0,0.0
100,84,1,1.0,1.0
100,85,1,0.0,0.0
101,103,1,0.0,0.0
101,133,1,0.0,0.0
101,71,1,1.0,1.0
101,74,1,0.0,0.0
101,83,1,1.0,1.0
101,85,1,1.0,1.0
101,90,1,1.0,1.0
102,1,1,0.0,0.0
102,109,1,0.0,0.0
102,11,1,0.0,0.0
102,119,1,0.0,0.0
102,121,1,0.0,0.0
102,14,1,0.0,0.0
102,179,2,1.0,0.5
102,18,1,0.0,0.0
102,181,7,3.0,0.42857142857142855
102,182,4,0.0,0.0
102,183,13,3.0,0.23076923076923078
102,184,4,3.0,0.75
102,185,5,2.0,0.4
102,19,1,0.0,0.0
102,2,4,0.0,0.0
102,20,3,1.0,0.3333333333333333
102,21,3,1.0,0.3333333333333333
102,23,1,1.0,1.0
102,24,3,2.0,0.6666666666666666
102,25,1,1.0,1.0
102,27,1,1.0,1.0
102,28,1,0.0,0.0
102,29,1,0.0,0.0
102,30,4,2.0,0.5
102,31,1,1.0,1.0
102,32,1,1.0,1.0
102,34,1,0.0,0.0
102,35,1,0.0,0.0
102,36,1,0.0,0.0
102,37,1,0.0,0.0
102,38,1,1.0,1.0
102,39,1,1.0,1.0
102,41,1,1.0,1.0
102,43,1,0.0,0.0
102,44,2,1.0,0.5
102,46,1,0.0,0.0
102,47,1,0.0,0.0
102,49,2,1.0,0.5
102,6,2,0.0,0.0
102,7,4,0.0,0.0
102,8,1,0.0,0.0
102,83,1,1.0,1.0
102,84,1,1.0,1.0
102,94,1,0.0,0.0
103,114,1,1.0,1.0
103,14,1,0.0,0.0
103,179,1,0.0,0.0
103,181,1,1.0,1.0
103,183,1,0.0,0.0
103,184,2,2.0,1.0
103,185,1,1.0,1.0
103,2,1,0.0,0.0
103,24,1,1.0,1.0
103,38,1,1.0,1.0
103,39,1,1.0,1.0
103,50,1,1.0,1.0
103,74,2,2.0,1.0
103,85,1,1.0,1.0
104,73,1,0.0,0.0
104,74,1,1.0,1.0
104,78,2,0.0,0.0
104,84,1,0.0,0.0
104,98,1,1.0,1.0
105,107,1,0.0,0.0
105,133,1,0.0,0.0
105,144,1,0.0,0.0
105,74,1,0.0,0.0
105,90,1,0.0,0.0
105,98,1,0.0,0.0
106,116,1,1.0,1.0
106,119,1,0.0,0.0
106,181,2,1.0,0.5
106,182,1,0.0,0.0
106,183,2,1.0,0.5
106,184,1,0.0,0.0
106,185,2,2.0,1.0
106,24,1,0.0,0.0
106,30,1,1.0,1.0
106,31,1,0.0,0.0
106,32,1,0.0,0.0
106,34,1,1.0,1.0
106,35,1,1.0,1.0
106,38,1,1.0,1.0
106,39,1,1.0,1.0
106,40,1,0.0,0.0
106,78,1,1.0,1.0
106,97,1,0.0,0.0
107,103,1,0.0,0.0
107,106,1,1.0,1.0
107,179,2,2.0,1.0
107,181,7,4.0,0.5714285714285714
107,182,3,1.0,0.3333333333333333
107,183,8,5.0,0.625
107,184,3,1.0,0.3333333333333333
107,185,3,3.0,1.0
107,23,1,1.0,1.0
107,24,2,1.0,0.5
107,28,2,1.0,0.5
107,30,4,2.0,0.5
107,31,2,0.0,0.0
107,33,2,1.0,0.5
107,34,3,3.0,1.0
107,35,1,1.0,1.0
107,36,1,1.0,1.0
107,37,2,1.0,0.5
107,42,3,2.0,0.6666666666666666
107,44,1,0.0,0.0
107,46,1,1.0,1.0
107,47,2,2.0,1.0
107,49,2,0.0,0.0
107,51,1,0.0,0.0
107,71,2,1.0,0.5
107,73,1,0.0,0.0
107,74,1,0.0,0.0
107,82,1,0.0,0.0
107,84,1,0.0,0.0
108,104,1,0.0,0.0
108,107,1,0.0,0.0
108,181,1,0.0,0.0
108,185,1,0.0,0.0
108,30,1,0.0,0.0
108,31,1,0.0,0.0
108,32,1,0.0,0.0
108,71,1,1.0,1.0
108,74,3,1.0,0.3333333333333333
108,84,1,0.0,0.0
108,98,2,0.0,0.0
111,181,2,1.0,0.5
111,183,2,0.0,0.0
111,184,2,1.0,0.5
111,185,2,0.0,0.0
111,24,1,1.0,1.0
111,27,1,1.0,1.0
111,28,1,0.0,0.0
111,29,1,0.0,0.0
111,30,1,0.0,0.0
111,31,1,0.0,0.0
111,32,1,0.0,0.0
111,36,1,0.0,0.0
111,37,1,0.0,0.0
111,40,1,1.0,1.0
111,77,1,1.0,1.0
111,83,1,1.0,1.0
111,84,1,0.0,0.0
111,85,1,0.0,0.0
112,101,1,1.0,1.0
112,181,1,1.0,1.0
112,183,2,2.0,1.0
112,184,3,2.0,0.6666666666666666
112,185,1,0.0,0.0
112,2,1,1.0,1.0
112,24,2,1.0,0.5
112,4,1,1.0,1.0
112,40,1,1.0,1.0
112,50,1,0.0,0.0
112,56,1,1.0,1.0
112,74,1,1.0,1.0
112,80,1,1.0,1.0
112,81,1,0.0,0.0
112,84,2,2.0,1.0
112,98,1,0.0,0.0
113,105,1,0.0,0.0
113,113,1,1.0,1.0
113,114,1,0.0,0.0
113,117,1,0.0,0.0
113,120,1,1.0,1.0
113,121,1,1.0,1.0
113,124,1,0.0,0.0
113,143,1,1.0,1.0
113,144,1,1.0,1.0
113,145,1,0.0,0.0
113,156,1,1.0,1.0
113,159,1,1.0,1.0
113,177,1,1.0,1.0
113,179,1,0.0,0.0
113,181,6,4.0,0.6666666666666666
113,182,3,2.0,0.6666666666666666
113,183,6,2.0,0.3333333333333333
113,184,5,2.0,0.4
113,185,6,4.0,0.6666666666666666
113,24,3,2.0,0.6666666666666666
113,30,3,1.0,0.3333333333333333
113,34,1,1.0,1.0
113,36,2,1.0,0.5
113,37,4,2.0,0.5
113,38,3,2.0,0.6666666666666666
113,39,1,1.0,1.0
113,41,1,1.0,1.0
113,42,1,1.0,1.0
113,43,1,0.0,0.0
113,44,3,0.0,0.0
113,46,1,1.0,1.0
113,47,1,1.0,1.0
113,49,3,0.0,0.0
113,50,1,1.0,1.0
113,75,1,0.0,0.0
113,76,1,0.0,0.0
113,77,2,2.0,1.0
113,78,1,1.0,1.0
113,84,1,0.0,0.0
113,85,1,0.0,0.0
113,98,1,0.0,0.0
114,104,1,0.0,0.0
114,74,2,0.0,0.0
114,86,1,1.0,1.0
115,-1,1,0.0,0.0
115,1,3,2.0,0.6666666666666666
115,10,3,2.0,0.6666666666666666
115,100,2,2.0,1.0
115,101,2,2.0,1.0
115,102,1,0.0,0.0
115,103,7,3.0,0.42857142857142855
115,104,2,2.0,1.0
115,105,2,1.0,0.5
115,106,5,3.0,0.6
115,107,1,1.0,1.0
115,108,3,2.0,0.6666666666666666
115,109,3,1.0,0.3333333333333333
115,11,4,3.0,0.75
115,112,2,1.0,0.5
115,113,2,1.0,0.5
115,114,4,3.0,0.75
115,115,2,0.0,0.0
115,116,5,1.0,0.2
115,117,4,2.0,0.5
115,118,5,3.0,0.6
115,119,5,2.0,0.4
115,12,5,4.0,0.8
115,120,2,1.0,0.5
115,121,5,3.0,0.6
115,122,1,1.0,1.0
115,123,2,0.0,0.0
115,124,2,2.0,1.0
115,125,5,3.0,0.6
115,126,4,1.0,0.25
115,129,6,3.0,0.5
115,13,2,1.0,0.5
115,130,3,2.0,0.6666666666666666
115,131,2,0.0,0.0
115,132,4,2.0,0.5
115,133,4,1.0,0.25
115,134,7,2.0,0.2857142857142857
115,135,4,4.0,1.0
115,138,4,3.0,0.75
115,14,7,2.0,0.2857142857142857
115,140,4,2.0,0.5
115,142,1,0.0,0.0
115,143,27,9.0,0.3333333333333333
115,145,2,0.0,0.0
115,146,11,4.0,0.36363636363636365
115,147,3,1.0,0.3333333333333333
115,148,1,1.0,1.0
115,149,6,0.0,0.0
115,15,4,2.0,0.5
115,150,1,1.0,1.0
115,151,1,0.0,0.0
115,153,5,4.0,0.8
115,155,2,1.0,0.5
115,156,1,1.0,1.0
115,158,3,1.0,0.3333333333333333
115,159,2,2.0,1.0
115,16,3,1.0,0.3333333333333333
115,162,7,2.0,0.2857142857142857
115,163,1,1.0,1.0
115,165,1,0.0,0.0
115,167,1,0.0,0.0
115,169,1,0.0,0.0
115,17,3,3.0,1.0
115,172,5,2.0,0.4
115,176,2,1.0,0.5
115,177,6,4.0,0.6666666666666666
115,178,12,4.0,0.3333333333333333
115,179,55,28.0,0.509090909090909
115,18,3,3.0,1.0
115,180,2,2.0,1.0
115,181,95,63.0,0.6631578947368421
115,182,79,45.0,0.569620253164557
115,183,93,56.0,0.6021505376344086
115,184,47,34.0,0.723404255319149
115,185,38,23.0,0.6052631578947368
115,19,3,2.0,0.6666666666666666
115,2,50,31.0,0.62
115,20,3,1.0,0.3333333333333333
115,21,3,1.0,0.3333333333333333
115,22,3,2.0,0.6666666666666666
115,23,2,2.0,1.0
115,24,16,9.0,0.5625
115,25,2,2.0,1.0
115,26,3,2.0,0.6666666666666666
115,27,3,2.0,0.6666666666666666
115,28,7,3.0,0.42857142857142855
115,29,4,2.0,0.5
115,3,4,4.0,1.0
115,30,12,9.0,0.75
115,31,10,5.0,0.5
115,32,10,5.0,0.5
115,33,3,1.0,0.3333333333333333
115,34,5,5.0,1.0
115,35,1,1.0,1.0
115,36,2,2.0,1.0
115,37,3,2.0,0.6666666666666666
115,38,4,2.0,0.5
115,39,5,2.0,0.4
115,4,3,2.0,0.6666666666666666
115,40,4,2.0,0.5
115,42,4,4.0,1.0
115,43,3,2.0,0.6666666666666666
115,44,6,4.0,0.6666666666666666
115,45,3,2.0,0.6666666666666666
115,46,4,1.0,0.25
115,47,3,1.0,0.3333333333333333
115,48,1,0.0,0.0
115,49,5,3.0,0.6
115,5,4,2.0,0.5
115,51,1,0.0,0.0
115,52,21,13.0,0.6190476190476191
115,53,27,17.0,0.6296296296296297
115,54,13,9.0,0.6923076923076923
115,55,4,3.0,0.75
115,56,21,10.0,0.47619047619047616
115,57,3,1.0,0.3333333333333333
115,58,5,4.0,0.8
115,59,13,7.0,0.5384615384615384
115,6,11,8.0,0.7272727272727273
115,60,3,1.0,0.3333333333333333
115,61,1,1.0,1.0
115,63,5,4.0,0.8
115,64,2,0.0,0.0
115,67,1,0.0,0.0
115,68,5,1.0,0.2
115,7,24,19.0,0.7916666666666666
115,70,2,1.0,0.5
115,71,3,2.0,0.6666666666666666
115,72,2,1.0,0.5
115,73,6,3.0,0.5
115,74,12,7.0,0.5833333333333334
115,75,2,1.0,0.5
115,76,13,6.0,0.46153846153846156
115,77,18,8.0,0.4444444444444444
115,78,15,6.0,0.4
115,79,3,1.0,0.3333333333333333
115,8,2,1.0,0.5
115,80,7,6.0,0.8571428571428571
115,81,2,0.0,0.0
115,82,3,0.0,0.0
115,83,17,9.0,0.5294117647058824
115,84,4,3.0,0.75
115,85,19,8.0,0.42105263157894735
115,86,9,4.0,0.4444444444444444
115,87,5,3.0,0.6
115,88,5,1.0,0.2
115,9,5,4.0,0.8
115,90,6,4.0,0.6666666666666666
115,91,1,1.0,1.0
115,92,3,1.0,0.3333333333333333
115,93,3,2.0,0.6666666666666666
115,94,5,3.0,0.6
115,95,6,3.0,0.5
115,96,2,2.0,1.0
115,97,2,1.0,0.5
115,98,4,1.0,0.25
115,99,1,0.0,0.0
116,103,1,1.0,1.0
116,104,1,0.0,0.0
116,181,3,1.0,0.3333333333333333
116,182,1,0.0,0.0
116,184,1,0.0,0.0
116,185,2,1.0,0.5
116,30,2,1.0,0.5
116,34,1,0.0,0.0
116,35,1,0.0,0.0
116,36,1,0.0,0.0
116,37,1,0.0,0.0
116,44,1,1.0,1.0
116,45,1,1.0,1.0
116,6,1,0.0,0.0
116,7,1,0.0,0.0
116,74,1,0.0,0.0
116,85,1,0.0,0.0
117,100,1,0.0,0.0
117,101,2,2.0,1.0
117,103,10,2.0,0.2
117,104,4,3.0,0.75
117,105,5,1.0,0.2
117,106,19,12.0,0.631578947368421
117,107,1,0.0,0.0
117,108,2,1.0,0.5
117,109,1,1.0,1.0
117,110,1,1.0,1.0
117,111,2,1.0,0.5
117,112,2,2.0,1.0
117,113,2,2.0,1.0
117,114,9,7.0,0.7777777777777778
117,115,3,3.0,1.0
117,116,6,5.0,0.8333333333333334
117,117,6,4.0,0.6666666666666666
117,118,3,3.0,1.0
117,119,22,17.0,0.7727272727272727
117,120,10,8.0,0.8
117,121,8,7.0,0.875
117,122,5,4.0,0.8
117,123,7,3.0,0.42857142857142855
117,124,4,1.0,0.25
117,126,4,3.0,0.75
117,128,1,1.0,1.0
117,129,12,8.0,0.6666666666666666
117,130,4,3.0,0.75
117,131,1,1.0,1.0
117,132,3,2.0,0.6666666666666666
117,133,9,6.0,0.6666666666666666
117,134,3,2.0,0.6666666666666666
117,135,4,3.0,0.75
117,137,2,1.0,0.5
117,138,2,2.0,1.0
117,142,2,2.0,1.0
117,143,16,10.0,0.625
117,144,4,3.0,0.75
117,147,1,1.0,1.0
117,150,1,1.0,1.0
117,153,3,2.0,0.6666666666666666
117,155,2,2.0,1.0
117,156,2,2.0,1.0
117,159,4,3.0,0.75
117,161,1,0.0,0.0
117,167,2,2.0,1.0
117,168,1,1.0,1.0
117,169,1,1.0,1.0
117,172,1,1.0,1.0
117,174,1,1.0,1.0
117,176,2,1.0,0.5
117,177,5,5.0,1.0
117,178,1,1.0,1.0
117,179,24,17.0,0.7083333333333334
117,181,56,45.0,0.8035714285714286
117,182,34,25.0,0.7352941176470589
117,183,68,43.0,0.6323529411764706
117,184,45,33.0,0.7333333333333333
117,185,37,23.0,0.6216216216216216
117,2,3,2.0,0.6666666666666666
117,23,3,3.0,1.0
117,24,36,26.0,0.7222222222222222
117,25,4,4.0,1.0
117,26,5,3.0,0.6
117,27,12,10.0,0.8333333333333334
117,28,11,9.0,0.8181818181818182
117,29,9,7.0,0.7777777777777778
117,30,24,16.0,0.6666666666666666
117,31,14,8.0,0.5714285714285714
117,32,12,8.0,0.6666666666666666
117,33,10,8.0,0.8
117,34,10,6.0,0.6
117,35,8,5.0,0.625
117,36,11,5.0,0.45454545454545453
117,37,12,6.0,0.5
117,38,8,7.0,0.875
117,39,7,6.0,0.8571428571428571
117,40,2,1.0,0.5
117,41,2,1.0,0.5
117,42,4,2.0,0.5
117,43,4,2.0,0.5
117,44,16,12.0,0.75
117,45,10,7.0,0.7
117,46,7,5.0,0.7142857142857143
117,47,7,5.0,0.7142857142857143
117,48,2,2.0,1.0
117,49,8,6.0,0.75
117,5,1,1.0,1.0
117,50,7,5.0,0.7142857142857143
117,51,5,3.0,0.6
117,53,1,1.0,1.0
117,56,5,5.0,1.0
117,63,1,1.0,1.0
117,71,15,10.0,0.6666666666666666
117,72,7,7.0,1.0
117,73,3,3.0,1.0
117,74,26,13.0,0.5
117,75,2,1.0,0.5
117,76,35,22.0,0.6285714285714286
117,77,42,30.0,0.7142857142857143
117,78,18,10.0,0.5555555555555556
117,79,4,3.0,0.75
117,80,16,11.0,0.6875
117,81,8,4.0,0.5
117,82,9,6.0,0.6666666666666666
117,83,23,12.0,0.5217391304347826
117,84,19,9.0,0.47368421052631576
117,85,40,26.0,0.65
117,86,12,11.0,0.9166666666666666
117,87,9,5.0,0.5555555555555556
117,88,8,6.0,0.75
117,89,4,3.0,0.75
117,9,2,1.0,0.5
117,90,10,7.0,0.7
117,91,2,1.0,0.5
117,92,5,5.0,1.0
117,93,2,2.0,1.0
117,94,4,1.0,0.25
117,95,6,5.0,0.8333333333333334
117,96,13,8.0,0.6153846153846154
117,97,3,1.0,0.3333333333333333
117,98,14,11.0,0.7857142857142857
117,99,5,4.0,0.8
118,-1,2,1.0,0.5
118,100,5,3.0,0.6
118,101,5,3.0,0.6
118,102,2,1.0,0.5
118,103,10,7.0,0.7
118,104,4,2.0,0.5
118,105,15,7.0,0.4666666666666667
118,106,7,3.0,0.42857142857142855
118,107,6,5.0,0.8333333333333334
118,108,5,3.0,0.6
118,109,3,3.0,1.0
118,11,2,1.0,0.5
118,110,2,0.0,0.0
118,111,1,1.0,1.0
118,112,2,2.0,1.0
118,113,2,1.0,0.5
118,114,8,4.0,0.5
118,115,5,4.0,0.8
118,116,4,2.0,0.5
118,117,8,4.0,0.5
118,118,11,5.0,0.45454545454545453
118,119,16,13.0,0.8125
118,120,18,14.0,0.7777777777777778
118,121,11,4.0,0.36363636363636365
118,122,3,3.0,1.0
118,123,3,3.0,1.0
118,124,2,1.0,0.5
118,125,2,0.0,0.0
118,126,9,4.0,0.4444444444444444
118,128,4,2.0,0.5
118,129,14,10.0,0.7142857142857143
118,130,16,11.0,0.6875
118,131,1,1.0,1.0
118,132,9,7.0,0.7777777777777778
118,133,5,5.0,1.0
118,134,14,9.0,0.6428571428571429
118,135,4,2.0,0.5
118,136,1,0.0,0.0
118,137,6,4.0,0.6666666666666666
118,138,6,3.0,0.5
118,14,3,3.0,1.0
118,140,5,3.0,0.6
118,142,1,0.0,0.0
118,143,110,88.0,0.8
118,144,2,1.0,0.5
118,145,4,1.0,0.25
118,146,30,25.0,0.8333333333333334
118,147,23,17.0,0.7391304347826086
118,148,1,1.0,1.0
118,149,28,23.0,0.8214285714285714
118,15,1,1.0,1.0
118,150,6,5.0,0.8333333333333334
118,151,6,4.0,0.6666666666666666
118,153,25,14.0,0.56
118,154,2,2.0,1.0
118,155,22,14.0,0.6363636363636364
118,156,10,7.0,0.7
118,157,9,6.0,0.6666666666666666
118,158,10,6.0,0.6
118,159,16,9.0,0.5625
118,160,2,1.0,0.5
118,161,3,2.0,0.6666666666666666
118,162,15,12.0,0.8
118,163,1,1.0,1.0
118,164,3,3.0,1.0
118,165,2,2.0,1.0
118,166,2,1.0,0.5
118,167,12,8.0,0.6666666666666666
118,168,3,2.0,0.6666666666666666
118,169,13,9.0,0.6923076923076923
118,170,3,2.0,0.6666666666666666
118,171,1,1.0,1.0
118,172,4,4.0,1.0
118,173,1,1.0,1.0
118,174,1,1.0,1.0
118,175,1,1.0,1.0
118,176,33,24.0,0.7272727272727273
118,177,46,31.0,0.6739130434782609
118,178,30,24.0,0.8
118,179,129,103.0,0.7984496124031008
118,18,1,1.0,1.0
118,181,157,122.0,0.7770700636942676
118,182,123,94.0,0.7642276422764228
118,183,171,118.0,0.6900584795321637
118,184,132,94.0,0.7121212121212122
118,185,96,73.0,0.7604166666666666
118,19,4,3.0,0.75
118,194,1,0.0,0.0
118,2,18,14.0,0.7777777777777778
118,20,5,3.0,0.6
118,21,5,3.0,0.6
118,23,8,8.0,1.0
118,24,52,39.0,0.75
118,25,7,6.0,0.8571428571428571
118,26,4,2.0,0.5
118,27,9,6.0,0.6666666666666666
118,28,11,10.0,0.9090909090909091
118,29,10,9.0,0.9
118,3,1,1.0,1.0
118,30,26,18.0,0.6923076923076923
118,31,13,7.0,0.5384615384615384
118,32,14,7.0,0.5
118,33,12,10.0,0.8333333333333334
118,34,24,15.0,0.625
118,35,17,10.0,0.5882352941176471
118,36,25,13.0,0.52
118,37,24,13.0,0.5416666666666666
118,38,9,8.0,0.8888888888888888
118,39,9,8.0,0.8888888888888888
118,4,2,1.0,0.5
118,40,6,4.0,0.6666666666666666
118,41,6,5.0,0.8333333333333334
118,42,7,5.0,0.7142857142857143
118,43,7,5.0,0.7142857142857143
118,44,16,9.0,0.5625
118,45,14,8.0,0.5714285714285714
118,46,7,6.0,0.8571428571428571
118,47,8,7.0,0.875
118,48,5,4.0,0.8
118,49,2,1.0,0.5
118,5,2,1.0,0.5
118,50,5,3.0,0.6
118,51,3,1.0,0.3333333333333333
118,52,36,26.0,0.7222222222222222
118,53,58,50.0,0.8620689655172413
118,54,19,16.0,0.8421052631578947
118,55,3,2.0,0.6666666666666666
118,56,61,46.0,0.7540983606557377
118,57,2,2.0,1.0
118,58,3,1.0,0.3333333333333333
118,59,10,7.0,0.7
118,6,1,0.0,0.0
118,60,6,3.0,0.5
118,63,5,4.0,0.8
118,64,4,2.0,0.5
118,65,3,3.0,1.0
118,66,6,5.0,0.8333333333333334
118,67,2,2.0,1.0
118,68,2,1.0,0.5
118,69,3,3.0,1.0
118,7,4,2.0,0.5
118,71,15,9.0,0.6
118,72,8,5.0,0.625
118,73,8,6.0,0.75
118,74,32,22.0,0.6875
118,75,2,2.0,1.0
118,76,35,20.0,0.5714285714285714
118,77,54,37.0,0.6851851851851852
118,78,27,18.0,0.6666666666666666
118,79,2,2.0,1.0
118,8,2,2.0,1.0
118,80,7,5.0,0.7142857142857143
118,81,6,4.0,0.6666666666666666
118,82,6,5.0,0.8333333333333334
118,83,35,27.0,0.7714285714285715
118,84,10,7.0,0.7
118,85,61,41.0,0.6721311475409836
118,86,31,21.0,0.6774193548387096
118,87,9,7.0,0.7777777777777778
118,88,9,8.0,0.8888888888888888
118,89,4,3.0,0.75
118,9,3,2.0,0.6666666666666666
118,90,11,7.0,0.6363636363636364
118,91,5,3.0,0.6
118,92,4,2.0,0.5
118,93,4,4.0,1.0
118,94,9,5.0,0.5555555555555556
118,95,7,2.0,0.2857142857142857
118,96,10,6.0,0.6
118,97,4,2.0,0.5
118,98,10,8.0,0.8
118,99,5,4.0,0.8
119,-1,3,0.0,0.0
119,1,16,13.0,0.8125
119,10,16,14.0,0.875
119,100,9,7.0,0.7777777777777778
119,101,6,4.0,0.6666666666666666
119,103,38,24.0,0.631578947368421
119,104,10,7.0,0.7
119,105,15,13.0,0.8666666666666667
119,106,37,26.0,0.7027027027027027
119,107,16,14.0,0.875
119,108,16,14.0,0.875
119,109,16,8.0,0.5
119,11,19,16.0,0.8421052631578947
119,110,2,1.0,0.5
119,111,4,2.0,0.5
119,112,10,8.0,0.8
119,113,11,7.0,0.6363636363636364
119,114,11,7.0,0.6363636363636364
119,115,9,7.0,0.7777777777777778
119,116,13,8.0,0.6153846153846154
119,117,31,16.0,0.5161290322580645
119,118,23,17.0,0.7391304347826086
119,119,71,58.0,0.8169014084507042
119,12,4,3.0,0.75
119,120,59,44.0,0.7457627118644068
119,121,23,20.0,0.8695652173913043
119,122,14,12.0,0.8571428571428571
119,123,13,8.0,0.6153846153846154
119,124,11,8.0,0.7272727272727273
119,125,2,2.0,1.0
119,126,5,3.0,0.6
119,128,6,5.0,0.8333333333333334
119,129,22,18.0,0.8181818181818182
119,13,11,9.0,0.8181818181818182
119,130,17,12.0,0.7058823529411765
119,131,3,3.0,1.0
119,132,12,7.0,0.5833333333333334
119,133,18,14.0,0.7777777777777778
119,134,59,50.0,0.847457627118644
119,135,4,4.0,1.0
119,136,2,1.0,0.5
119,137,7,4.0,0.5714285714285714
119,138,9,9.0,1.0
119,14,21,16.0,0.7619047619047619
119,140,5,4.0,0.8
119,141,1,1.0,1.0
119,142,5,2.0,0.4
119,143,359,315.0,0.8774373259052924
119,144,8,5.0,0.625
119,145,5,4.0,0.8
119,146,340,299.0,0.8794117647058823
119,147,265,238.0,0.8981132075471698
119,148,124,113.0,0.9112903225806451
119,149,418,369.0,0.8827751196172249
119,15,10,8.0,0.8
119,150,153,134.0,0.8758169934640523
119,151,116,92.0,0.7931034482758621
119,152,31,30.0,0.967741935483871
119,153,283,246.0,0.8692579505300353
119,154,20,19.0,0.95
119,155,381,329.0,0.863517060367454
119,156,124,113.0,0.9112903225806451
119,157,104,94.0,0.9038461538461539
119,158,331,293.0,0.8851963746223565
119,159,213,188.0,0.8826291079812206
119,16,9,8.0,0.8888888888888888
119,160,16,13.0,0.8125
119,161,35,31.0,0.8857142857142857
119,162,365,320.0,0.8767123287671232
119,163,10,10.0,1.0
119,164,60,50.0,0.8333333333333334
119,165,40,36.0,0.9
119,166,30,27.0,0.9
119,167,196,165.0,0.8418367346938775
119,168,50,40.0,0.8
119,169,74,62.0,0.8378378378378378
119,17,28,22.0,0.7857142857142857
119,170,92,78.0,0.8478260869565217
119,171,15,13.0,0.8666666666666667
119,172,60,53.0,0.8833333333333333
119,173,5,5.0,1.0
119,174,5,5.0,1.0
119,175,35,29.0,0.8285714285714286
119,176,408,359.0,0.8799019607843137
119,177,613,522.0,0.8515497553017944
119,178,625,549.0,0.8784
119,179,932,783.0,0.8401287553648069
119,18,21,17.0,0.8095238095238095
119,180,6,6.0,1.0
119,181,1177,977.0,0.8300764655904843
119,182,1087,914.0,0.8408463661453542
119,183,1237,1040.0,0.8407437348423605
119,184,844,719.0,0.8518957345971564
119,185,482,405.0,0.8402489626556017
119,19,14,12.0,0.8571428571428571
119,194,21,18.0,0.8571428571428571
119,196,22,20.0,0.9090909090909091
119,2,214,185.0,0.8644859813084113
119,20,24,20.0,0.8333333333333334
119,21,24,20.0,0.8333333333333334
119,22,14,12.0,0.8571428571428571
119,23,26,22.0,0.8461538461538461
119,24,261,209.0,0.8007662835249042
119,25,35,27.0,0.7714285714285715
119,26,31,24.0,0.7741935483870968
119,27,32,26.0,0.8125
119,28,59,49.0,0.8305084745762712
119,29,41,35.0,0.8536585365853658
119,3,8,7.0,0.875
119,30,86,77.0,0.8953488372093024
119,300,3,3.0,1.0
119,31,87,69.0,0.7931034482758621
119,32,77,64.0,0.8311688311688312
119,33,48,37.0,0.7708333333333334
119,34,94,78.0,0.8297872340425532
119,35,60,51.0,0.85
119,36,42,36.0,0.8571428571428571
119,37,54,44.0,0.8148148148148148
119,38,41,34.0,0.8292682926829268
119,39,41,34.0,0.8292682926829268
119,4,26,22.0,0.8461538461538461
119,40,51,39.0,0.7647058823529411
119,41,25,18.0,0.72
119,42,44,33.0,0.75
119,43,31,26.0,0.8387096774193549
119,44,47,43.0,0.9148936170212766
119,45,43,38.0,0.8837209302325582
119,46,31,27.0,0.8709677419354839
119,47,31,27.0,0.8709677419354839
119,48,14,13.0,0.9285714285714286
119,49,11,11.0,1.0
119,5,21,20.0,0.9523809523809523
119,50,25,24.0,0.96
119,51,14,8.0,0.5714285714285714
119,52,545,462.0,0.8477064220183487
119,53,369,323.0,0.8753387533875339
119,54,330,288.0,0.8727272727272727
119,55,186,154.0,0.8279569892473119
119,56,324,264.0,0.8148148148148148
119,57,132,105.0,0.7954545454545454
119,58,113,92.0,0.8141592920353983
119,59,254,213.0,0.8385826771653543
119,6,46,41.0,0.8913043478260869
119,60,229,187.0,0.8165938864628821
119,61,24,20.0,0.8333333333333334
119,62,12,11.0,0.9166666666666666
119,63,105,84.0,0.8
119,64,103,91.0,0.883495145631068
119,65,21,18.0,0.8571428571428571
119,66,58,50.0,0.8620689655172413
119,67,61,51.0,0.8360655737704918
119,68,57,49.0,0.8596491228070176
119,69,12,10.0,0.8333333333333334
119,7,130,110.0,0.8461538461538461
119,70,21,18.0,0.8571428571428571
119,71,68,50.0,0.7352941176470589
119,72,25,14.0,0.56
119,73,23,15.0,0.6521739130434783
119,74,119,89.0,0.7478991596638656
119,75,10,6.0,0.6
119,76,156,120.0,0.7692307692307693
119,77,214,179.0,0.8364485981308412
119,78,71,54.0,0.7605633802816901
119,79,13,8.0,0.6153846153846154
119,8,29,26.0,0.896551724137931
119,80,62,42.0,0.6774193548387096
119,81,13,9.0,0.6923076923076923
119,82,29,19.0,0.6551724137931034
119,83,148,106.0,0.7162162162162162
119,84,69,46.0,0.6666666666666666
119,85,208,168.0,0.8076923076923077
119,86,53,43.0,0.8113207547169812
119,87,53,36.0,0.6792452830188679
119,88,32,26.0,0.8125
119,89,4,2.0,0.5
119,9,25,23.0,0.92
119,90,28,17.0,0.6071428571428571
119,91,4,2.0,0.5
119,92,15,14.0,0.9333333333333333
119,93,12,10.0,0.8333333333333334
119,94,23,15.0,0.6521739130434783
119,95,38,19.0,0.5
119,96,46,30.0,0.6521739130434783
119,97,10,5.0,0.5
119,98,53,42.0,0.7924528301886793
119,99,10,7.0,0.7
120,11,1,0.0,0.0
120,129,1,1.0,1.0
120,133,1,0.0,0.0
120,135,1,1.0,1.0
120,14,2,1.0,0.5
120,149,1,1.0,1.0
120,155,1,1.0,1.0
120,17,1,0.0,0.0
120,177,1,1.0,1.0
120,179,6,4.0,0.6666666666666666
120,18,1,1.0,1.0
120,181,18,13.0,0.7222222222222222
120,182,11,7.0,0.6363636363636364
120,183,12,9.0,0.75
120,184,8,6.0,0.75
120,185,3,2.0,0.6666666666666666
120,19,1,1.0,1.0
120,2,7,6.0,0.8571428571428571
120,23,1,0.0,0.0
120,24,5,3.0,0.6
120,26,1,1.0,1.0
120,3,2,2.0,1.0
120,30,4,4.0,1.0
120,33,1,0.0,0.0
120,36,2,1.0,0.5
120,37,2,1.0,0.5
120,38,1,0.0,0.0
120,39,1,0.0,0.0
120,40,1,0.0,0.0
120,43,1,1.0,1.0
120,44,4,4.0,1.0
120,45,1,1.0,1.0
120,48,1,1.0,1.0
120,49,3,3.0,1.0
120,5,1,1.0,1.0
120,52,1,1.0,1.0
120,53,4,2.0,0.5
120,56,4,3.0,0.75
120,59,1,0.0,0.0
120,6,2,2.0,1.0
120,60,1,0.0,0.0
120,7,5,3.0,0.6
120,70,1,1.0,1.0
120,71,1,0.0,0.0
120,74,1,1.0,1.0
120,76,2,1.0,0.5
120,78,2,1.0,0.5
120,79,1,1.0,1.0
120,82,1,1.0,1.0
120,83,1,1.0,1.0
120,84,1,0.0,0.0
120,85,2,1.0,0.5
120,86,1,1.0,1.0
120,9,1,1.0,1.0
120,90,1,1.0,1.0
120,98,1,1.0,1.0
121,101,1,0.0,0.0
121,103,1,0.0,0.0
121,105,1,0.0,0.0
121,106,1,1.0,1.0
121,107,1,0.0,0.0
121,111,2,1.0,0.5
121,116,3,3.0,1.0
121,118,2,1.0,0.5
121,12,1,1.0,1.0
121,121,1,1.0,1.0
121,122,1,1.0,1.0
121,128,2,2.0,1.0
121,13,1,1.0,1.0
121,130,3,2.0,0.6666666666666666
121,132,1,1.0,1.0
121,133,1,0.0,0.0
121,135,2,2.0,1.0
121,136,1,1.0,1.0
121,137,1,1.0,1.0
121,138,1,1.0,1.0
121,14,1,1.0,1.0
121,142,1,0.0,0.0
121,143,6,3.0,0.5
121,144,1,0.0,0.0
121,16,1,1.0,1.0
121,179,8,7.0,0.875
121,180,1,1.0,1.0
121,181,23,15.0,0.6521739130434783
121,182,17,14.0,0.8235294117647058
121,183,24,20.0,0.8333333333333334
121,184,16,11.0,0.6875
121,185,13,8.0,0.6153846153846154
121,2,6,5.0,0.8333333333333334
121,24,15,9.0,0.6
121,25,4,1.0,0.25
121,26,2,1.0,0.5
121,27,3,2.0,0.6666666666666666
121,28,4,3.0,0.75
121,29,3,2.0,0.6666666666666666
121,30,12,9.0,0.75
121,31,3,2.0,0.6666666666666666
121,32,2,1.0,0.5
121,33,1,0.0,0.0
121,34,6,6.0,1.0
121,35,5,5.0,1.0
121,36,2,2.0,1.0
121,37,2,2.0,1.0
121,38,4,2.0,0.5
121,39,4,2.0,0.5
121,4,1,0.0,0.0
121,40,1,1.0,1.0
121,41,5,4.0,0.8
121,42,2,2.0,1.0
121,44,8,6.0,0.75
121,45,3,3.0,1.0
121,46,1,1.0,1.0
121,47,1,1.0,1.0
121,48,1,1.0,1.0
121,49,6,4.0,0.6666666666666666
121,50,1,1.0,1.0
121,51,2,1.0,0.5
121,53,1,1.0,1.0
121,62,1,1.0,1.0
121,71,2,2.0,1.0
121,72,4,3.0,0.75
121,74,1,0.0,0.0
121,75,1,1.0,1.0
121,76,3,2.0,0.6666666666666666
121,77,4,2.0,0.5
121,78,1,0.0,0.0
121,79,1,1.0,1.0
121,80,3,1.0,0.3333333333333333
121,81,1,0.0,0.0
121,82,1,0.0,0.0
121,83,6,5.0,0.8333333333333334
121,84,1,1.0,1.0
121,85,2,1.0,0.5
121,86,1,1.0,1.0
121,87,2,0.0,0.0
121,89,1,0.0,0.0
121,92,1,0.0,0.0
121,93,1,1.0,1.0
121,97,1,1.0,1.0
121,98,1,1.0,1.0
122,119,1,1.0,1.0
122,184,1,1.0,1.0
122,185,1,1.0,1.0
122,24,1,1.0,1.0
122,50,1,1.0,1.0
122,71,1,1.0,1.0
122,74,2,1.0,0.5
122,77,2,1.0,0.5
122,78,2,2.0,1.0
122,85,1,1.0,1.0
123,102,1,1.0,1.0
123,103,1,0.0,0.0
123,104,1,0.0,0.0
123,105,1,1.0,1.0
123,110,1,1.0,1.0
123,111,1,1.0,1.0
123,113,1,1.0,1.0
123,115,1,0.0,0.0
123,116,2,2.0,1.0
123,118,2,2.0,1.0
123,122,1,1.0,1.0
123,125,1,1.0,1.0
123,126,1,1.0,1.0
123,129,3,3.0,1.0
123,130,1,1.0,1.0
123,134,1,1.0,1.0
123,135,1,1.0,1.0
123,136,1,1.0,1.0
123,137,1,1.0,1.0
123,140,2,1.0,0.5
123,142,2,1.0,0.5
123,143,4,3.0,0.75
123,144,2,2.0,1.0
123,146,1,1.0,1.0
123,156,1,1.0,1.0
123,167,1,1.0,1.0
123,168,1,1.0,1.0
123,177,2,2.0,1.0
123,179,8,7.0,0.875
123,181,18,15.0,0.8333333333333334
123,182,10,8.0,0.8
123,183,13,10.0,0.7692307692307693
123,184,14,12.0,0.8571428571428571
123,185,6,4.0,0.6666666666666666
123,2,1,1.0,1.0
123,24,6,4.0,0.6666666666666666
123,25,1,0.0,0.0
123,26,1,1.0,1.0
123,27,2,2.0,1.0
123,28,5,4.0,0.8
123,29,4,3.0,0.75
123,30,12,10.0,0.8333333333333334
123,31,2,2.0,1.0
123,32,3,2.0,0.6666666666666666
123,33,1,1.0,1.0
123,34,3,2.0,0.6666666666666666
123,35,2,1.0,0.5
123,36,4,3.0,0.75
123,37,4,4.0,1.0
123,38,1,1.0,1.0
123,39,1,1.0,1.0
123,4,1,1.0,1.0
123,42,1,1.0,1.0
123,44,7,6.0,0.8571428571428571
123,45,2,1.0,0.5
123,46,1,1.0,1.0
123,47,1,1.0,1.0
123,48,3,2.0,0.6666666666666666
123,49,5,5.0,1.0
123,51,2,2.0,1.0
123,53,1,1.0,1.0
123,73,3,3.0,1.0
123,74,2,1.0,0.5
123,75,1,1.0,1.0
123,76,5,5.0,1.0
123,77,2,0.0,0.0
123,78,1,1.0,1.0
123,83,2,0.0,0.0
123,84,2,1.0,0.5
123,85,4,2.0,0.5
123,87,1,0.0,0.0
123,88,1,0.0,0.0
123,90,2,2.0,1.0
123,91,2,2.0,1.0
123,93,2,2.0,1.0
123,94,1,1.0,1.0
123,95,2,0.0,0.0
123,96,1,1.0,1.0
123,98,1,1.0,1.0
123,99,1,0.0,0.0
124,130,1,0.0,0.0
124,181,1,0.0,0.0
124,184,2,0.0,0.0
124,2,1,0.0,0.0
124,38,1,0.0,0.0
124,39,1,0.0,0.0
124,4,1,0.0,0.0
124,71,1,1.0,1.0
124,74,3,1.0,0.3333333333333333
124,78,1,0.0,0.0
124,84,1,0.0,0.0
124,87,1,0.0,0.0
124,98,1,0.0,0.0
124,99,1,1.0,1.0
125,10,2,1.0,0.5
125,103,1,0.0,0.0
125,121,1,0.0,0.0
125,129,2,0.0,0.0
125,14,4,2.0,0.5
125,15,2,0.0,0.0
125,17,2,1.0,0.5
125,179,4,2.0,0.5
125,18,7,3.0,0.42857142857142855
125,181,6,2.0,0.3333333333333333
125,182,7,2.0,0.2857142857142857
125,183,7,0.0,0.0
125,184,3,2.0,0.6666666666666666
125,185,4,3.0,0.75
125,19,2,0.0,0.0
125,2,12,3.0,0.25
125,20,1,0.0,0.0
125,21,1,0.0,0.0
125,22,2,1.0,0.5
125,4,1,0.0,0.0
125,5,1,0.0,0.0
125,56,1,0.0,0.0
125,6,1,1.0,1.0
125,7,12,6.0,0.5
125,72,1,1.0,1.0
125,74,1,1.0,1.0
125,82,1,0.0,0.0
125,83,1,1.0,1.0
125,85,1,0.0,0.0
126,1,18,14.0,0.7777777777777778
126,10,24,21.0,0.875
126,100,3,3.0,1.0
126,101,1,1.0,1.0
126,102,6,3.0,0.5
126,103,4,2.0,0.5
126,104,2,2.0,1.0
126,105,1,1.0,1.0
126,106,3,3.0,1.0
126,107,6,4.0,0.6666666666666666
126,108,4,2.0,0.5
126,109,3,2.0,0.6666666666666666
126,11,22,13.0,0.5909090909090909
126,110,2,1.0,0.5
126,111,3,3.0,1.0
126,112,4,4.0,1.0
126,113,11,6.0,0.5454545454545454
126,114,7,4.0,0.5714285714285714
126,115,3,3.0,1.0
126,116,2,1.0,0.5
126,117,2,2.0,1.0
126,118,2,1.0,0.5
126,119,5,3.0,0.6
126,12,14,12.0,0.8571428571428571
126,120,6,5.0,0.8333333333333334
126,121,2,1.0,0.5
126,122,1,1.0,1.0
126,123,4,1.0,0.25
126,124,4,3.0,0.75
126,125,4,2.0,0.5
126,126,7,5.0,0.7142857142857143
126,128,2,1.0,0.5
126,129,10,7.0,0.7
126,13,14,14.0,1.0
126,130,3,1.0,0.3333333333333333
126,131,1,1.0,1.0
126,132,4,3.0,0.75
126,133,12,7.0,0.5833333333333334
126,134,3,2.0,0.6666666666666666
126,135,1,1.0,1.0
126,136,3,2.0,0.6666666666666666
126,137,1,1.0,1.0
126,138,3,2.0,0.6666666666666666
126,14,25,19.0,0.76
126,140,5,2.0,0.4
126,142,1,0.0,0.0
126,143,2,0.0,0.0
126,144,2,1.0,0.5
126,145,4,3.0,0.75
126,15,22,15.0,0.6818181818181818
126,159,1,1.0,1.0
126,16,15,11.0,0.7333333333333333
126,169,1,1.0,1.0
126,17,25,12.0,0.48
126,177,1,1.0,1.0
126,179,170,119.0,0.7
126,18,15,10.0,0.6666666666666666
126,180,5,4.0,0.8
126,181,453,308.0,0.6799116997792495
126,182,292,199.0,0.6815068493150684
126,183,469,296.0,0.6311300639658849
126,184,299,206.0,0.6889632107023411
126,185,263,157.0,0.596958174904943
126,19,17,11.0,0.6470588235294118
126,194,1,0.0,0.0
126,2,312,248.0,0.7948717948717948
126,20,22,16.0,0.7272727272727273
126,21,22,16.0,0.7272727272727273
126,22,26,21.0,0.8076923076923077
126,23,17,12.0,0.7058823529411765
126,24,200,131.0,0.655
126,25,35,21.0,0.6
126,26,26,19.0,0.7307692307692307
126,27,38,29.0,0.7631578947368421
126,28,72,41.0,0.5694444444444444
126,29,48,28.0,0.5833333333333334
126,3,14,12.0,0.8571428571428571
126,30,130,82.0,0.6307692307692307
126,31,85,48.0,0.5647058823529412
126,32,80,45.0,0.5625
126,33,21,16.0,0.7619047619047619
126,34,72,48.0,0.6666666666666666
126,35,52,31.0,0.5961538461538461
126,36,64,36.0,0.5625
126,37,75,41.0,0.5466666666666666
126,38,37,23.0,0.6216216216216216
126,39,37,23.0,0.6216216216216216
126,4,36,28.0,0.7777777777777778
126,40,37,24.0,0.6486486486486487
126,41,23,14.0,0.6086956521739131
126,42,28,20.0,0.7142857142857143
126,43,19,16.0,0.8421052631578947
126,44,67,47.0,0.7014925373134329
126,45,62,47.0,0.7580645161290323
126,46,30,17.0,0.5666666666666667
126,47,31,17.0,0.5483870967741935
126,48,15,9.0,0.6
126,49,15,9.0,0.6
126,5,41,32.0,0.7804878048780488
126,50,23,11.0,0.4782608695652174
126,51,8,5.0,0.625
126,52,2,0.0,0.0
126,53,14,7.0,0.5
126,54,2,1.0,0.5
126,56,29,18.0,0.6206896551724138
126,58,1,0.0,0.0
126,59,6,4.0,0.6666666666666666
126,6,49,34.0,0.6938775510204082
126,60,9,4.0,0.4444444444444444
126,62,2,2.0,1.0
126,63,5,2.0,0.4
126,64,7,3.0,0.42857142857142855
126,65,2,0.0,0.0
126,66,2,2.0,1.0
126,67,4,3.0,0.75
126,68,3,1.0,0.3333333333333333
126,7,136,91.0,0.6691176470588235
126,70,3,2.0,0.6666666666666666
126,71,5,1.0,0.2
126,72,2,1.0,0.5
126,73,4,3.0,0.75
126,74,8,6.0,0.75
126,75,6,3.0,0.5
126,76,18,12.0,0.6666666666666666
126,77,18,13.0,0.7222222222222222
126,78,5,3.0,0.6
126,79,3,2.0,0.6666666666666666
126,8,34,30.0,0.8823529411764706
126,80,3,3.0,1.0
126,81,7,7.0,1.0
126,82,3,1.0,0.3333333333333333
126,83,9,7.0,0.7777777777777778
126,84,6,3.0,0.5
126,85,16,12.0,0.75
126,86,4,4.0,1.0
126,87,7,6.0,0.8571428571428571
126,88,10,4.0,0.4
126,89,4,4.0,1.0
126,9,32,26.0,0.8125
126,90,5,3.0,0.6
126,91,5,2.0,0.4
126,92,3,3.0,1.0
126,93,5,5.0,1.0
126,94,1,0.0,0.0
126,95,4,2.0,0.5
126,96,3,1.0,0.3333333333333333
126,97,6,3.0,0.5
126,98,4,2.0,0.5
126,99,2,2.0,1.0
127,-1,1,1.0,1.0
127,1,3,2.0,0.6666666666666666
127,10,2,2.0,1.0
127,102,2,0.0,0.0
127,106,3,2.0,0.6666666666666666
127,107,2,2.0,1.0
127,108,1,1.0,1.0
127,109,2,2.0,1.0
127,11,2,0.0,0.0
127,115,2,2.0,1.0
127,116,3,2.0,0.6666666666666666
127,117,1,1.0,1.0
127,119,3,1.0,0.3333333333333333
127,12,2,1.0,0.5
127,120,2,1.0,0.5
127,122,3,3.0,1.0
127,123,1,0.0,0.0
127,125,1,1.0,1.0
127,126,1,0.0,0.0
127,128,2,1.0,0.5
127,129,5,3.0,0.6
127,13,1,0.0,0.0
127,130,1,0.0,0.0
127,131,1,1.0,1.0
127,133,3,0.0,0.0
127,134,2,1.0,0.5
127,135,2,1.0,0.5
127,137,2,0.0,0.0
127,14,2,0.0,0.0
127,143,31,15.0,0.4838709677419355
127,144,5,1.0,0.2
127,147,9,5.0,0.5555555555555556
127,148,3,0.0,0.0
127,149,14,9.0,0.6428571428571429
127,15,3,2.0,0.6666666666666666
127,150,3,2.0,0.6666666666666666
127,151,2,1.0,0.5
127,152,12,8.0,0.6666666666666666
127,153,3,2.0,0.6666666666666666
127,155,3,1.0,0.3333333333333333
127,156,2,1.0,0.5
127,157,1,0.0,0.0
127,158,5,2.0,0.4
127,159,3,1.0,0.3333333333333333
127,162,5,2.0,0.4
127,169,2,0.0,0.0
127,17,8,0.0,0.0
127,170,10,5.0,0.5
127,172,5,3.0,0.6
127,173,5,3.0,0.6
127,176,9,5.0,0.5555555555555556
127,177,13,6.0,0.46153846153846156
127,178,10,5.0,0.5
127,179,59,32.0,0.5423728813559322
127,18,2,1.0,0.5
127,181,23,15.0,0.6521739130434783
127,182,17,8.0,0.47058823529411764
127,183,39,22.0,0.5641025641025641
127,184,16,12.0,0.75
127,185,8,7.0,0.875
127,19,1,1.0,1.0
127,2,19,12.0,0.631578947368421
127,20,2,2.0,1.0
127,21,2,2.0,1.0
127,23,2,1.0,0.5
127,24,7,5.0,0.7142857142857143
127,25,1,0.0,0.0
127,27,4,3.0,0.75
127,28,1,1.0,1.0
127,29,1,1.0,1.0
127,3,2,2.0,1.0
127,30,4,4.0,1.0
127,32,1,1.0,1.0
127,33,3,3.0,1.0
127,34,2,2.0,1.0
127,36,3,2.0,0.6666666666666666
127,37,2,1.0,0.5
127,38,1,0.0,0.0
127,39,1,0.0,0.0
127,4,3,3.0,1.0
127,40,1,1.0,1.0
127,41,2,1.0,0.5
127,42,2,2.0,1.0
127,44,6,6.0,1.0
127,45,2,2.0,1.0
127,46,3,3.0,1.0
127,47,3,3.0,1.0
127,49,4,4.0,1.0
127,5,1,1.0,1.0
127,51,1,1.0,1.0
127,52,3,2.0,0.6666666666666666
127,53,2,0.0,0.0
127,55,1,0.0,0.0
127,56,1,1.0,1.0
127,58,1,0.0,0.0
127,6,3,1.0,0.3333333333333333
127,60,1,0.0,0.0
127,7,18,5.0,0.2777777777777778
127,71,4,1.0,0.25
127,72,4,3.0,0.75
127,73,1,1.0,1.0
127,74,4,2.0,0.5
127,75,1,0.0,0.0
127,76,9,4.0,0.4444444444444444
127,77,17,12.0,0.7058823529411765
127,78,5,1.0,0.2
127,8,2,1.0,0.5
127,80,4,4.0,1.0
127,82,1,1.0,1.0
127,83,8,5.0,0.625
127,84,4,2.0,0.5
127,85,11,8.0,0.7272727272727273
127,86,3,3.0,1.0
127,88,1,1.0,1.0
127,89,1,1.0,1.0
127,91,1,1.0,1.0
127,95,2,2.0,1.0
127,96,2,2.0,1.0
127,97,1,1.0,1.0
127,99,1,1.0,1.0
128,107,2,2.0,1.0
128,119,1,1.0,1.0
128,148,1,0.0,0.0
128,153,1,1.0,1.0
128,155,1,1.0,1.0
128,156,1,1.0,1.0
128,157,2,1.0,0.5
128,159,1,1.0,1.0
128,169,1,1.0,1.0
128,177,4,3.0,0.75
128,182,2,1.0,0.5
128,183,2,1.0,0.5
128,52,1,0.0,0.0
128,54,1,1.0,1.0
128,71,1,1.0,1.0
128,74,4,1.0,0.25
128,76,1,1.0,1.0
128,77,1,0.0,0.0
128,86,2,2.0,1.0
128,99,1,0.0,0.0
130,122,1,0.0,0.0
130,179,1,0.0,0.0
130,181,4,3.0,0.75
130,183,3,1.0,0.3333333333333333
130,184,1,1.0,1.0
130,185,2,1.0,0.5
130,23,1,1.0,1.0
130,24,2,1.0,0.5
130,25,1,1.0,1.0
130,30,2,1.0,0.5
130,31,1,1.0,1.0
130,36,1,1.0,1.0
130,37,1,1.0,1.0
130,42,1,1.0,1.0
130,43,1,0.0,0.0
130,46,1,0.0,0.0
130,47,1,0.0,0.0
130,74,1,1.0,1.0
130,78,1,0.0,0.0
130,83,1,0.0,0.0
130,86,1,1.0,1.0
130,98,2,2.0,1.0
131,10,1,1.0,1.0
131,100,3,0.0,0.0
131,101,5,2.0,0.4
131,103,4,1.0,0.25
131,104,11,7.0,0.6363636363636364
131,105,4,2.0,0.5
131,106,1,0.0,0.0
131,107,4,4.0,1.0
131,108,2,1.0,0.5
131,109,3,2.0,0.6666666666666666
131,11,2,0.0,0.0
131,110,2,2.0,1.0
131,112,2,2.0,1.0
131,113,5,5.0,1.0
131,114,3,2.0,0.6666666666666666
131,115,1,1.0,1.0
131,116,7,3.0,0.42857142857142855
131,117,7,6.0,0.8571428571428571
131,118,11,5.0,0.45454545454545453
131,119,11,5.0,0.45454545454545453
131,120,2,1.0,0.5
131,121,9,7.0,0.7777777777777778
131,122,1,1.0,1.0
131,123,2,2.0,1.0
131,124,3,3.0,1.0
131,125,3,2.0,0.6666666666666666
131,128,1,1.0,1.0
131,129,4,2.0,0.5
131,130,4,4.0,1.0
131,132,6,3.0,0.5
131,133,11,9.0,0.8181818181818182
131,134,3,2.0,0.6666666666666666
131,136,2,1.0,0.5
131,137,3,2.0,0.6666666666666666
131,138,5,4.0,0.8
131,14,1,1.0,1.0
131,140,6,4.0,0.6666666666666666
131,142,3,1.0,0.3333333333333333
131,143,4,3.0,0.75
131,144,5,4.0,0.8
131,17,3,2.0,0.6666666666666666
131,179,8,4.0,0.5
131,18,2,0.0,0.0
131,181,9,3.0,0.3333333333333333
131,182,7,1.0,0.14285714285714285
131,183,15,7.0,0.4666666666666667
131,184,9,2.0,0.2222222222222222
131,185,5,1.0,0.2
131,19,1,1.0,1.0
131,2,13,9.0,0.6923076923076923
131,20,2,0.0,0.0
131,21,2,0.0,0.0
131,23,1,0.0,0.0
131,24,5,0.0,0.0
131,25,2,0.0,0.0
131,27,1,0.0,0.0
131,30,1,0.0,0.0
131,31,2,1.0,0.5
131,32,2,1.0,0.5
131,34,1,0.0,0.0
131,36,1,0.0,0.0
131,37,1,0.0,0.0
131,38,2,0.0,0.0
131,39,2,0.0,0.0
131,4,4,2.0,0.5
131,40,2,0.0,0.0
131,42,1,0.0,0.0
131,48,1,0.0,0.0
131,5,1,1.0,1.0
131,7,8,3.0,0.375
131,71,7,6.0,0.8571428571428571
131,72,9,5.0,0.5555555555555556
131,73,3,3.0,1.0
131,74,3,2.0,0.6666666666666666
131,75,5,4.0,0.8
131,76,11,8.0,0.7272727272727273
131,77,21,10.0,0.47619047619047616
131,78,8,6.0,0.75
131,79,4,3.0,0.75
131,8,5,3.0,0.6
131,80,2,2.0,1.0
131,81,5,2.0,0.4
131,82,5,3.0,0.6
131,83,14,8.0,0.5714285714285714
131,84,11,5.0,0.45454545454545453
131,85,27,14.0,0.5185185185185185
131,86,12,12.0,1.0
131,87,1,1.0,1.0
131,88,4,1.0,0.25
131,89,4,2.0,0.5
131,9,1,1.0,1.0
131,90,8,5.0,0.625
131,91,2,1.0,0.5
131,92,2,2.0,1.0
131,93,7,6.0,0.8571428571428571
131,94,10,6.0,0.6
131,95,9,6.0,0.6666666666666666
131,96,5,4.0,0.8
131,97,1,1.0,1.0
131,98,2,2.0,1.0
131,99,5,4.0,0.8
132,184,1,1.0,1.0
132,2,1,1.0,1.0
132,4,1,1.0,1.0
132,74,2,1.0,0.5
132,76,1,1.0,1.0
132,78,1,1.0,1.0
132,84,1,1.0,1.0
132,86,2,2.0,1.0
133,101,1,1.0,1.0
133,103,1,1.0,1.0
133,105,3,2.0,0.6666666666666666
133,106,1,1.0,1.0
133,108,2,1.0,0.5
133,112,1,1.0,1.0
133,113,2,1.0,0.5
133,114,2,1.0,0.5
133,116,2,1.0,0.5
133,117,4,2.0,0.5
133,119,2,1.0,0.5
133,120,1,1.0,1.0
133,121,1,0.0,0.0
133,123,1,0.0,0.0
133,126,2,2.0,1.0
133,128,1,0.0,0.0
133,130,1,0.0,0.0
133,133,1,1.0,1.0
133,136,1,0.0,0.0
133,141,2,2.0,1.0
133,142,2,0.0,0.0
133,144,1,1.0,1.0
133,179,2,2.0,1.0
133,18,2,1.0,0.5
133,181,6,6.0,1.0
133,182,2,1.0,0.5
133,183,9,5.0,0.5555555555555556
133,185,2,1.0,0.5
133,19,1,0.0,0.0
133,2,6,3.0,0.5
133,22,2,1.0,0.5
133,24,1,1.0,1.0
133,3,1,1.0,1.0
133,30,3,2.0,0.6666666666666666
133,36,2,2.0,1.0
133,37,2,2.0,1.0
133,38,1,1.0,1.0
133,39,1,1.0,1.0
133,44,1,0.0,0.0
133,48,1,1.0,1.0
133,49,1,0.0,0.0
133,52,1,1.0,1.0
133,59,1,1.0,1.0
133,7,2,1.0,0.5
133,72,1,1.0,1.0
133,74,3,2.0,0.6666666666666666
133,76,3,0.0,0.0
133,77,1,0.0,0.0
133,78,1,1.0,1.0
133,79,1,0.0,0.0
133,8,1,0.0,0.0
133,80,2,2.0,1.0
133,81,2,2.0,1.0
133,83,4,1.0,0.25
133,84,1,0.0,0.0
133,85,4,1.0,0.25
133,86,1,0.0,0.0
133,88,1,0.0,0.0
133,89,2,1.0,0.5
133,9,1,1.0,1.0
133,90,1,1.0,1.0
133,94,1,1.0,1.0
133,96,1,0.0,0.0
133,98,1,1.0,1.0
133,99,1,1.0,1.0
134,105,2,1.0,0.5
134,179,1,1.0,1.0
134,181,1,1.0,1.0
134,182,1,1.0,1.0
134,27,1,1.0,1.0
134,28,1,1.0,1.0
134,45,1,1.0,1.0
134,74,1,1.0,1.0
134,76,1,0.0,0.0
134,77,1,0.0,0.0
136,104,1,1.0,1.0
136,119,2,1.0,0.5
136,74,1,0.0,0.0
136,75,1,1.0,1.0
136,76,1,1.0,1.0
136,77,2,1.0,0.5
136,84,1,1.0,1.0
